month_bucket,query_id,mesh_term,paper_count,total_papers,prevalence,is_low_sample,is_provisional
2023-09,sunscreen,humans,34,90,0.377778,False,False
2023-09,sunscreen,sunscreening agents,24,90,0.266667,False,False
2023-09,sunscreen,ultraviolet rays,17,90,0.188889,False,False
2023-09,sunscreen,skin,15,90,0.166667,False,False
2023-09,sunscreen,animals,12,90,0.133333,False,False
2023-09,sunscreen,skin neoplasms,10,90,0.111111,False,False
2023-09,sunscreen,antioxidants,9,90,0.1,False,False
2023-09,sunscreen,female,7,90,0.077778,False,False
2023-09,sunscreen,light,7,90,0.077778,False,False
2023-09,sunscreen,photosynthesis,7,90,0.077778,False,False
2023-09,sunscreen,photosystem ii protein complex,6,90,0.066667,False,False
2023-09,sunscreen,chlorophyll,5,90,0.055556,False,False
2023-09,sunscreen,oxidative stress,5,90,0.055556,False,False
2023-09,sunscreen,reactive oxygen species,5,90,0.055556,False,False
2023-09,sunscreen,acclimatization,4,90,0.044444,False,False
2023-09,sunscreen,acrylates,4,90,0.044444,False,False
2023-09,sunscreen,adult,4,90,0.044444,False,False
2023-09,sunscreen,male,4,90,0.044444,False,False
2023-09,sunscreen,"water pollutants, chemical",4,90,0.044444,False,False
2023-09,sunscreen,arabidopsis,3,90,0.033333,False,False
2023-09,sunscreen,benzophenones,3,90,0.033333,False,False
2023-09,sunscreen,biomarkers,3,90,0.033333,False,False
2023-09,sunscreen,child,3,90,0.033333,False,False
2023-09,sunscreen,"chromatography, high pressure liquid",3,90,0.033333,False,False
2023-09,sunscreen,cosmetics,3,90,0.033333,False,False
2023-09,sunscreen,health behavior,3,90,0.033333,False,False
2023-09,sunscreen,melanoma,3,90,0.033333,False,False
2023-09,sunscreen,plant extracts,3,90,0.033333,False,False
2023-09,sunscreen,sunlight,3,90,0.033333,False,False
2023-09,sunscreen,aged,2,90,0.022222,False,False
2023-09,sunscreen,alpha-msh,2,90,0.022222,False,False
2023-09,sunscreen,anthocyanins,2,90,0.022222,False,False
2023-09,sunscreen,bayes theorem,2,90,0.022222,False,False
2023-09,sunscreen,carotenoids,2,90,0.022222,False,False
2023-09,sunscreen,case-control studies,2,90,0.022222,False,False
2023-09,sunscreen,chalcones,2,90,0.022222,False,False
2023-09,sunscreen,chlamydomonas,2,90,0.022222,False,False
2023-09,sunscreen,chlamydomonas reinhardtii,2,90,0.022222,False,False
2023-09,sunscreen,cinnamates,2,90,0.022222,False,False
2023-09,sunscreen,drug repositioning,2,90,0.022222,False,False
2023-09,sunscreen,ecosystem,2,90,0.022222,False,False
2023-09,sunscreen,emollients,2,90,0.022222,False,False
2023-09,sunscreen,erythema,2,90,0.022222,False,False
2023-09,sunscreen,fibroblasts,2,90,0.022222,False,False
2023-09,sunscreen,gels,2,90,0.022222,False,False
2023-09,sunscreen,light-harvesting protein complexes,2,90,0.022222,False,False
2023-09,sunscreen,liquid-liquid extraction,2,90,0.022222,False,False
2023-09,sunscreen,magnetic phenomena,2,90,0.022222,False,False
2023-09,sunscreen,melanins,2,90,0.022222,False,False
2023-09,sunscreen,melanosis,2,90,0.022222,False,False
2023-09,sunscreen,mice,2,90,0.022222,False,False
2023-09,sunscreen,middle aged,2,90,0.022222,False,False
2023-09,sunscreen,propiophenones,2,90,0.022222,False,False
2023-09,sunscreen,prospective studies,2,90,0.022222,False,False
2023-09,sunscreen,quality of life,2,90,0.022222,False,False
2023-09,sunscreen,signal transduction,2,90,0.022222,False,False
2023-09,sunscreen,skin aging,2,90,0.022222,False,False
2023-09,sunscreen,skin diseases,2,90,0.022222,False,False
2023-09,sunscreen,sunburn,2,90,0.022222,False,False
2023-09,sunscreen,united states,2,90,0.022222,False,False
2023-09,sunscreen,water,2,90,0.022222,False,False
2023-09,sunscreen,xanthophylls,2,90,0.022222,False,False
2023-09,sunscreen,4-aminobenzoic acid,1,90,0.011111,False,False
2023-09,sunscreen,acer,1,90,0.011111,False,False
2023-09,sunscreen,acetates,1,90,0.011111,False,False
2023-09,sunscreen,acetylcholinesterase,1,90,0.011111,False,False
2023-09,sunscreen,adenosine triphosphate,1,90,0.011111,False,False
2023-09,sunscreen,aging,1,90,0.011111,False,False
2023-09,sunscreen,"air pollution, indoor",1,90,0.011111,False,False
2023-09,sunscreen,alopecia,1,90,0.011111,False,False
2023-09,sunscreen,alum compounds,1,90,0.011111,False,False
2023-09,sunscreen,amaranthaceae,1,90,0.011111,False,False
2023-09,sunscreen,amino acids,1,90,0.011111,False,False
2023-09,sunscreen,antarctic regions,1,90,0.011111,False,False
2023-09,sunscreen,anti-bacterial agents,1,90,0.011111,False,False
2023-09,sunscreen,anti-inflammatory agents,1,90,0.011111,False,False
2023-09,sunscreen,antihypertensive agents,1,90,0.011111,False,False
2023-09,sunscreen,arabidopsis proteins,1,90,0.011111,False,False
2023-09,sunscreen,arachis,1,90,0.011111,False,False
2023-09,sunscreen,aryldialkylphosphatase,1,90,0.011111,False,False
2023-09,sunscreen,ascorbate peroxidases,1,90,0.011111,False,False
2023-09,sunscreen,avoidance learning,1,90,0.011111,False,False
2023-09,sunscreen,bacteria,1,90,0.011111,False,False
2023-09,sunscreen,bacterial proteins,1,90,0.011111,False,False
2023-09,sunscreen,basal cell carcinoma,1,90,0.011111,False,False
2023-09,sunscreen,basidiomycota,1,90,0.011111,False,False
2023-09,sunscreen,benzimidazoles,1,90,0.011111,False,False
2023-09,sunscreen,benzoquinones,1,90,0.011111,False,False
2023-09,sunscreen,beta carotene,1,90,0.011111,False,False
2023-09,sunscreen,bioreactors,1,90,0.011111,False,False
2023-09,sunscreen,biotechnology,1,90,0.011111,False,False
2023-09,sunscreen,bisoprolol,1,90,0.011111,False,False
2023-09,sunscreen,blueberry plants,1,90,0.011111,False,False
2023-09,sunscreen,caco-2 cells,1,90,0.011111,False,False
2023-09,sunscreen,calcifediol,1,90,0.011111,False,False
2023-09,sunscreen,calcium,1,90,0.011111,False,False
2023-09,sunscreen,"calcium, dietary",1,90,0.011111,False,False
2023-09,sunscreen,camphor,1,90,0.011111,False,False
2023-09,sunscreen,carbohydrate metabolism,1,90,0.011111,False,False
2023-09,sunscreen,carbon,1,90,0.011111,False,False
2023-09,sunscreen,carcinogens,1,90,0.011111,False,False
2023-09,sunscreen,"carcinoma, squamous cell",1,90,0.011111,False,False
2023-09,sunscreen,carnosine,1,90,0.011111,False,False
2023-09,sunscreen,catechols,1,90,0.011111,False,False
2023-09,sunscreen,cattle,1,90,0.011111,False,False
2023-09,sunscreen,cell line,1,90,0.011111,False,False
2023-09,sunscreen,"cell line, tumor",1,90,0.011111,False,False
2023-09,sunscreen,"cells, cultured",1,90,0.011111,False,False
2023-09,sunscreen,channelrhodopsins,1,90,0.011111,False,False
2023-09,sunscreen,chloroflexi,1,90,0.011111,False,False
2023-09,sunscreen,choice behavior,1,90,0.011111,False,False
2023-09,sunscreen,"chromatography, liquid",1,90,0.011111,False,False
2023-09,sunscreen,climate change,1,90,0.011111,False,False
2023-09,sunscreen,cold temperature,1,90,0.011111,False,False
2023-09,sunscreen,consumer behavior,1,90,0.011111,False,False
2023-09,sunscreen,cross-sectional studies,1,90,0.011111,False,False
2023-09,sunscreen,cutaneous malignant melanoma,1,90,0.011111,False,False
2023-09,sunscreen,cyanobacteria,1,90,0.011111,False,False
2023-09,sunscreen,cyclopentanes,1,90,0.011111,False,False
2023-09,sunscreen,cytoplasm,1,90,0.011111,False,False
2023-09,sunscreen,"dermatitis, allergic contact",1,90,0.011111,False,False
2023-09,sunscreen,"dermatitis, photoallergic",1,90,0.011111,False,False
2023-09,sunscreen,"dermatitis, phototoxic",1,90,0.011111,False,False
2023-09,sunscreen,diet,1,90,0.011111,False,False
2023-09,sunscreen,digestion,1,90,0.011111,False,False
2023-09,sunscreen,"disease models, animal",1,90,0.011111,False,False
2023-09,sunscreen,drug compounding,1,90,0.011111,False,False
2023-09,sunscreen,dust,1,90,0.011111,False,False
2023-09,sunscreen,elastin,1,90,0.011111,False,False
2023-09,sunscreen,"embryo, nonmammalian",1,90,0.011111,False,False
2023-09,sunscreen,environmental exposure,1,90,0.011111,False,False
2023-09,sunscreen,environmental monitoring,1,90,0.011111,False,False
2023-09,sunscreen,ependymoglial cells,1,90,0.011111,False,False
2023-09,sunscreen,ergothioneine,1,90,0.011111,False,False
2023-09,sunscreen,ethnic and racial minorities,1,90,0.011111,False,False
2023-09,sunscreen,ethnicity,1,90,0.011111,False,False
2023-09,sunscreen,eye-tracking technology,1,90,0.011111,False,False
2023-09,sunscreen,fabaceae,1,90,0.011111,False,False
2023-09,sunscreen,fatigue,1,90,0.011111,False,False
2023-09,sunscreen,flavonoids,1,90,0.011111,False,False
2023-09,sunscreen,florida,1,90,0.011111,False,False
2023-09,sunscreen,fluorescent dyes,1,90,0.011111,False,False
2023-09,sunscreen,fluorocarbon polymers,1,90,0.011111,False,False
2023-09,sunscreen,fluorocarbons,1,90,0.011111,False,False
2023-09,sunscreen,food,1,90,0.011111,False,False
2023-09,sunscreen,food labeling,1,90,0.011111,False,False
2023-09,sunscreen,freezing,1,90,0.011111,False,False
2023-09,sunscreen,fruit,1,90,0.011111,False,False
2023-09,sunscreen,functional food,1,90,0.011111,False,False
2023-09,sunscreen,fungi,1,90,0.011111,False,False
2023-09,sunscreen,furosemide,1,90,0.011111,False,False
2023-09,sunscreen,gallic acid,1,90,0.011111,False,False
2023-09,sunscreen,gamma-aminobutyric acid,1,90,0.011111,False,False
2023-09,sunscreen,gas chromatography-mass spectrometry,1,90,0.011111,False,False
2023-09,sunscreen,"gene expression regulation, plant",1,90,0.011111,False,False
2023-09,sunscreen,genista,1,90,0.011111,False,False
2023-09,sunscreen,graphite,1,90,0.011111,False,False
2023-09,sunscreen,habits,1,90,0.011111,False,False
2023-09,sunscreen,health education,1,90,0.011111,False,False
2023-09,sunscreen,"health knowledge, attitudes, practice",1,90,0.011111,False,False
2023-09,sunscreen,heart rate,1,90,0.011111,False,False
2023-09,sunscreen,helianthus,1,90,0.011111,False,False
2023-09,sunscreen,hesperidin,1,90,0.011111,False,False
2023-09,sunscreen,hispanic or latino,1,90,0.011111,False,False
2023-09,sunscreen,hydrogen peroxide,1,90,0.011111,False,False
2023-09,sunscreen,hydrogen-ion concentration,1,90,0.011111,False,False
2023-09,sunscreen,hydroquinones,1,90,0.011111,False,False
2023-09,sunscreen,hyperpigmentation,1,90,0.011111,False,False
2023-09,sunscreen,hypertension,1,90,0.011111,False,False
2023-09,sunscreen,imidazoles,1,90,0.011111,False,False
2023-09,sunscreen,indoles,1,90,0.011111,False,False
2023-09,sunscreen,infrared rays,1,90,0.011111,False,False
2023-09,sunscreen,intention,1,90,0.011111,False,False
2023-09,sunscreen,ion channels,1,90,0.011111,False,False
2023-09,sunscreen,ionophores,1,90,0.011111,False,False
2023-09,sunscreen,isoflavones,1,90,0.011111,False,False
2023-09,sunscreen,keratinocytes,1,90,0.011111,False,False
2023-09,sunscreen,ketoprofen,1,90,0.011111,False,False
2023-09,sunscreen,larva,1,90,0.011111,False,False
2023-09,sunscreen,lichen planus,1,90,0.011111,False,False
2023-09,sunscreen,limit of detection,1,90,0.011111,False,False
2023-09,sunscreen,lutein,1,90,0.011111,False,False
2023-09,sunscreen,macular degeneration,1,90,0.011111,False,False
2023-09,sunscreen,mammals,1,90,0.011111,False,False
2023-09,sunscreen,mediterranean sea,1,90,0.011111,False,False
2023-09,sunscreen,melanocytes,1,90,0.011111,False,False
2023-09,sunscreen,methicillin-resistant staphylococcus aureus,1,90,0.011111,False,False
2023-09,sunscreen,"mice, hairless",1,90,0.011111,False,False
2023-09,sunscreen,microalgae,1,90,0.011111,False,False
2023-09,sunscreen,microphthalmia-associated transcription factor,1,90,0.011111,False,False
2023-09,sunscreen,"microscopy, confocal",1,90,0.011111,False,False
2023-09,sunscreen,molecular structure,1,90,0.011111,False,False
2023-09,sunscreen,monophenol monooxygenase,1,90,0.011111,False,False
2023-09,sunscreen,mutagens,1,90,0.011111,False,False
2023-09,sunscreen,mytilus,1,90,0.011111,False,False
2023-09,sunscreen,nanocomposites,1,90,0.011111,False,False
2023-09,sunscreen,nanoparticles,1,90,0.011111,False,False
2023-09,sunscreen,"neoplasms, radiation-induced",1,90,0.011111,False,False
2023-09,sunscreen,nitriles,1,90,0.011111,False,False
2023-09,sunscreen,nitrogen,1,90,0.011111,False,False
2023-09,sunscreen,nitrosamines,1,90,0.011111,False,False
2023-09,sunscreen,nutrition surveys,1,90,0.011111,False,False
2023-09,sunscreen,ointments,1,90,0.011111,False,False
2023-09,sunscreen,orchidaceae,1,90,0.011111,False,False
2023-09,sunscreen,oryza,1,90,0.011111,False,False
2023-09,sunscreen,oxidoreductases,1,90,0.011111,False,False
2023-09,sunscreen,oxylipins,1,90,0.011111,False,False
2023-09,sunscreen,pancreatic elastase,1,90,0.011111,False,False
2023-09,sunscreen,parabens,1,90,0.011111,False,False
2023-09,sunscreen,patch tests,1,90,0.011111,False,False
2023-09,sunscreen,pediatric obesity,1,90,0.011111,False,False
2023-09,sunscreen,peptides,1,90,0.011111,False,False
2023-09,sunscreen,phenols,1,90,0.011111,False,False
2023-09,sunscreen,phloroglucinol,1,90,0.011111,False,False
2023-09,sunscreen,phosphorus,1,90,0.011111,False,False
2023-09,sunscreen,photosystem i protein complex,1,90,0.011111,False,False
2023-09,sunscreen,phototaxis,1,90,0.011111,False,False
2023-09,sunscreen,phycobilisomes,1,90,0.011111,False,False
2023-09,sunscreen,phytoplankton,1,90,0.011111,False,False
2023-09,sunscreen,pigmentation disorders,1,90,0.011111,False,False
2023-09,sunscreen,plant leaves,1,90,0.011111,False,False
2023-09,sunscreen,poaceae,1,90,0.011111,False,False
2023-09,sunscreen,polycarboxylate cement,1,90,0.011111,False,False
2023-09,sunscreen,polymers,1,90,0.011111,False,False
2023-09,sunscreen,polyploidy,1,90,0.011111,False,False
2023-09,sunscreen,program evaluation,1,90,0.011111,False,False
2023-09,sunscreen,proteolipids,1,90,0.011111,False,False
2023-09,sunscreen,proteomics,1,90,0.011111,False,False
2023-09,sunscreen,protons,1,90,0.011111,False,False
2023-09,sunscreen,puerto rico,1,90,0.011111,False,False
2023-09,sunscreen,quinolines,1,90,0.011111,False,False
2023-09,sunscreen,quinones,1,90,0.011111,False,False
2023-09,sunscreen,rats,1,90,0.011111,False,False
2023-09,sunscreen,rejuvenation,1,90,0.011111,False,False
2023-09,sunscreen,retina,1,90,0.011111,False,False
2023-09,sunscreen,retinal degeneration,1,90,0.011111,False,False
2023-09,sunscreen,retinal pigment epithelium,1,90,0.011111,False,False
2023-09,sunscreen,retinal rod photoreceptor cells,1,90,0.011111,False,False
2023-09,sunscreen,retinaldehyde,1,90,0.011111,False,False
2023-09,sunscreen,retinoids,1,90,0.011111,False,False
2023-09,sunscreen,retrospective studies,1,90,0.011111,False,False
2023-09,sunscreen,reunion,1,90,0.011111,False,False
2023-09,sunscreen,rhodopsin,1,90,0.011111,False,False
2023-09,sunscreen,risk factors,1,90,0.011111,False,False
2023-09,sunscreen,salicylates,1,90,0.011111,False,False
2023-09,sunscreen,salinity,1,90,0.011111,False,False
2023-09,sunscreen,schools,1,90,0.011111,False,False
2023-09,sunscreen,seeds,1,90,0.011111,False,False
2023-09,sunscreen,sewage,1,90,0.011111,False,False
2023-09,sunscreen,siloxanes,1,90,0.011111,False,False
2023-09,sunscreen,singapore,1,90,0.011111,False,False
2023-09,sunscreen,skin absorption,1,90,0.011111,False,False
2023-09,sunscreen,skin care,1,90,0.011111,False,False
2023-09,sunscreen,social media,1,90,0.011111,False,False
2023-09,sunscreen,solid phase extraction,1,90,0.011111,False,False
2023-09,sunscreen,solid phase microextraction,1,90,0.011111,False,False
2023-09,sunscreen,solvents,1,90,0.011111,False,False
2023-09,sunscreen,"spectrometry, fluorescence",1,90,0.011111,False,False
2023-09,sunscreen,sports,1,90,0.011111,False,False
2023-09,sunscreen,staphylococcus aureus,1,90,0.011111,False,False
2023-09,sunscreen,starch,1,90,0.011111,False,False
2023-09,sunscreen,stilbenes,1,90,0.011111,False,False
2023-09,sunscreen,strigiformes,1,90,0.011111,False,False
2023-09,sunscreen,students,1,90,0.011111,False,False
2023-09,sunscreen,sulfonic acids,1,90,0.011111,False,False
2023-09,sunscreen,sun protection factor,1,90,0.011111,False,False
2023-09,sunscreen,surveys and questionnaires,1,90,0.011111,False,False
2023-09,sunscreen,tandem mass spectrometry,1,90,0.011111,False,False
2023-09,sunscreen,temperature,1,90,0.011111,False,False
2023-09,sunscreen,tennis,1,90,0.011111,False,False
2023-09,sunscreen,terpenes,1,90,0.011111,False,False
2023-09,sunscreen,thailand,1,90,0.011111,False,False
2023-09,sunscreen,thylakoids,1,90,0.011111,False,False
2023-09,sunscreen,titanium,1,90,0.011111,False,False
2023-09,sunscreen,transcriptome,1,90,0.011111,False,False
2023-09,sunscreen,treatment outcome,1,90,0.011111,False,False
2023-09,sunscreen,tretinoin,1,90,0.011111,False,False
2023-09,sunscreen,triazoles,1,90,0.011111,False,False
2023-09,sunscreen,ubiquitin-protein ligases,1,90,0.011111,False,False
2023-09,sunscreen,united nations,1,90,0.011111,False,False
2023-09,sunscreen,up-regulation,1,90,0.011111,False,False
2023-09,sunscreen,vaccinium myrtillus,1,90,0.011111,False,False
2023-09,sunscreen,vitamin d,1,90,0.011111,False,False
2023-09,sunscreen,vitamins,1,90,0.011111,False,False
2023-09,sunscreen,"waste disposal, fluid",1,90,0.011111,False,False
2023-09,sunscreen,wetlands,1,90,0.011111,False,False
2023-09,sunscreen,whales,1,90,0.011111,False,False
2023-09,sunscreen,wound healing,1,90,0.011111,False,False
2023-09,sunscreen,zeaxanthins,1,90,0.011111,False,False
2023-09,sunscreen,zebrafish,1,90,0.011111,False,False
2023-09,sunscreen,zinc,1,90,0.011111,False,False
2023-10,sunscreen,humans,39,90,0.433333,False,False
2023-10,sunscreen,sunscreening agents,35,90,0.388889,False,False
2023-10,sunscreen,ultraviolet rays,25,90,0.277778,False,False
2023-10,sunscreen,skin,15,90,0.166667,False,False
2023-10,sunscreen,animals,13,90,0.144444,False,False
2023-10,sunscreen,female,12,90,0.133333,False,False
2023-10,sunscreen,male,10,90,0.111111,False,False
2023-10,sunscreen,skin neoplasms,10,90,0.111111,False,False
2023-10,sunscreen,light,7,90,0.077778,False,False
2023-10,sunscreen,sunlight,7,90,0.077778,False,False
2023-10,sunscreen,water,7,90,0.077778,False,False
2023-10,sunscreen,benzophenones,5,90,0.055556,False,False
2023-10,sunscreen,photosynthesis,5,90,0.055556,False,False
2023-10,sunscreen,surveys and questionnaires,5,90,0.055556,False,False
2023-10,sunscreen,adult,4,90,0.044444,False,False
2023-10,sunscreen,anthozoa,4,90,0.044444,False,False
2023-10,sunscreen,child,4,90,0.044444,False,False
2023-10,sunscreen,cosmetics,4,90,0.044444,False,False
2023-10,sunscreen,cross-sectional studies,4,90,0.044444,False,False
2023-10,sunscreen,middle aged,4,90,0.044444,False,False
2023-10,sunscreen,photosystem ii protein complex,4,90,0.044444,False,False
2023-10,sunscreen,prospective studies,4,90,0.044444,False,False
2023-10,sunscreen,sunburn,4,90,0.044444,False,False
2023-10,sunscreen,"water pollutants, chemical",4,90,0.044444,False,False
2023-10,sunscreen,xanthophylls,4,90,0.044444,False,False
2023-10,sunscreen,carotenoids,3,90,0.033333,False,False
2023-10,sunscreen,coral reefs,3,90,0.033333,False,False
2023-10,sunscreen,light-harvesting protein complexes,3,90,0.033333,False,False
2023-10,sunscreen,melanins,3,90,0.033333,False,False
2023-10,sunscreen,oxidative stress,3,90,0.033333,False,False
2023-10,sunscreen,prevalence,3,90,0.033333,False,False
2023-10,sunscreen,skin aging,3,90,0.033333,False,False
2023-10,sunscreen,sun protection factor,3,90,0.033333,False,False
2023-10,sunscreen,united states,3,90,0.033333,False,False
2023-10,sunscreen,abscisic acid,2,90,0.022222,False,False
2023-10,sunscreen,acclimatization,2,90,0.022222,False,False
2023-10,sunscreen,adolescent,2,90,0.022222,False,False
2023-10,sunscreen,aged,2,90,0.022222,False,False
2023-10,sunscreen,amino acids,2,90,0.022222,False,False
2023-10,sunscreen,antioxidants,2,90,0.022222,False,False
2023-10,sunscreen,arabidopsis,2,90,0.022222,False,False
2023-10,sunscreen,chlorophyll,2,90,0.022222,False,False
2023-10,sunscreen,chlorophyta,2,90,0.022222,False,False
2023-10,sunscreen,covid-19,2,90,0.022222,False,False
2023-10,sunscreen,ecosystem,2,90,0.022222,False,False
2023-10,sunscreen,environmental monitoring,2,90,0.022222,False,False
2023-10,sunscreen,erythema,2,90,0.022222,False,False
2023-10,sunscreen,hydrogen-ion concentration,2,90,0.022222,False,False
2023-10,sunscreen,lignin,2,90,0.022222,False,False
2023-10,sunscreen,lutein,2,90,0.022222,False,False
2023-10,sunscreen,mice,2,90,0.022222,False,False
2023-10,sunscreen,minerals,2,90,0.022222,False,False
2023-10,sunscreen,nicotiana,2,90,0.022222,False,False
2023-10,sunscreen,pandemics,2,90,0.022222,False,False
2023-10,sunscreen,photosystem i protein complex,2,90,0.022222,False,False
2023-10,sunscreen,plant leaves,2,90,0.022222,False,False
2023-10,sunscreen,plants,2,90,0.022222,False,False
2023-10,sunscreen,reactive oxygen species,2,90,0.022222,False,False
2023-10,sunscreen,"receptors, estrogen",2,90,0.022222,False,False
2023-10,sunscreen,rhodophyta,2,90,0.022222,False,False
2023-10,sunscreen,risk assessment,2,90,0.022222,False,False
2023-10,sunscreen,seawater,2,90,0.022222,False,False
2023-10,sunscreen,skin care,2,90,0.022222,False,False
2023-10,sunscreen,skin diseases,2,90,0.022222,False,False
2023-10,sunscreen,young adult,2,90,0.022222,False,False
2023-10,sunscreen,zeaxanthins,2,90,0.022222,False,False
2023-10,sunscreen,abdominoplasty,1,90,0.011111,False,False
2023-10,sunscreen,acetylcholinesterase,1,90,0.011111,False,False
2023-10,sunscreen,acne vulgaris,1,90,0.011111,False,False
2023-10,sunscreen,allergens,1,90,0.011111,False,False
2023-10,sunscreen,alopecia,1,90,0.011111,False,False
2023-10,sunscreen,aluminum,1,90,0.011111,False,False
2023-10,sunscreen,amino acid sequence,1,90,0.011111,False,False
2023-10,sunscreen,anthocyanins,1,90,0.011111,False,False
2023-10,sunscreen,anti-bacterial agents,1,90,0.011111,False,False
2023-10,sunscreen,anti-infective agents,1,90,0.011111,False,False
2023-10,sunscreen,anti-inflammatory agents,1,90,0.011111,False,False
2023-10,sunscreen,athletes,1,90,0.011111,False,False
2023-10,sunscreen,basidiomycota,1,90,0.011111,False,False
2023-10,sunscreen,bays,1,90,0.011111,False,False
2023-10,sunscreen,benzopyrans,1,90,0.011111,False,False
2023-10,sunscreen,betaine,1,90,0.011111,False,False
2023-10,sunscreen,betula,1,90,0.011111,False,False
2023-10,sunscreen,biofilms,1,90,0.011111,False,False
2023-10,sunscreen,body mass index,1,90,0.011111,False,False
2023-10,sunscreen,brain,1,90,0.011111,False,False
2023-10,sunscreen,calcium channel blockers,1,90,0.011111,False,False
2023-10,sunscreen,camphor,1,90,0.011111,False,False
2023-10,sunscreen,candida albicans,1,90,0.011111,False,False
2023-10,sunscreen,canthaxanthin,1,90,0.011111,False,False
2023-10,sunscreen,carbohydrates,1,90,0.011111,False,False
2023-10,sunscreen,carbon dioxide,1,90,0.011111,False,False
2023-10,sunscreen,carboxylesterase,1,90,0.011111,False,False
2023-10,sunscreen,carboxylic acids,1,90,0.011111,False,False
2023-10,sunscreen,celiac disease,1,90,0.011111,False,False
2023-10,sunscreen,cell wall,1,90,0.011111,False,False
2023-10,sunscreen,centaurea,1,90,0.011111,False,False
2023-10,sunscreen,china,1,90,0.011111,False,False
2023-10,sunscreen,chlorophyll a,1,90,0.011111,False,False
2023-10,sunscreen,cholestanetriol 26-monooxygenase,1,90,0.011111,False,False
2023-10,sunscreen,cholesterol side-chain cleavage enzyme,1,90,0.011111,False,False
2023-10,sunscreen,"chromatography, high pressure liquid",1,90,0.011111,False,False
2023-10,sunscreen,cicatrix,1,90,0.011111,False,False
2023-10,sunscreen,color,1,90,0.011111,False,False
2023-10,sunscreen,colorimetry,1,90,0.011111,False,False
2023-10,sunscreen,consumer behavior,1,90,0.011111,False,False
2023-10,sunscreen,cryoelectron microscopy,1,90,0.011111,False,False
2023-10,sunscreen,cryotherapy,1,90,0.011111,False,False
2023-10,sunscreen,cytokines,1,90,0.011111,False,False
2023-10,sunscreen,"dermatitis, allergic contact",1,90,0.011111,False,False
2023-10,sunscreen,"dermatitis, atopic",1,90,0.011111,False,False
2023-10,sunscreen,dermatologic agents,1,90,0.011111,False,False
2023-10,sunscreen,dermatologists,1,90,0.011111,False,False
2023-10,sunscreen,dermatology,1,90,0.011111,False,False
2023-10,sunscreen,dermis,1,90,0.011111,False,False
2023-10,sunscreen,developing countries,1,90,0.011111,False,False
2023-10,sunscreen,dinoflagellida,1,90,0.011111,False,False
2023-10,sunscreen,"disease models, animal",1,90,0.011111,False,False
2023-10,sunscreen,disinfection,1,90,0.011111,False,False
2023-10,sunscreen,early detection of cancer,1,90,0.011111,False,False
2023-10,sunscreen,electron transport,1,90,0.011111,False,False
2023-10,sunscreen,electrons,1,90,0.011111,False,False
2023-10,sunscreen,embryonic development,1,90,0.011111,False,False
2023-10,sunscreen,emulsions,1,90,0.011111,False,False
2023-10,sunscreen,endangered species,1,90,0.011111,False,False
2023-10,sunscreen,energy transfer,1,90,0.011111,False,False
2023-10,sunscreen,environment,1,90,0.011111,False,False
2023-10,sunscreen,environmental exposure,1,90,0.011111,False,False
2023-10,sunscreen,environmental pollutants,1,90,0.011111,False,False
2023-10,sunscreen,epidermis,1,90,0.011111,False,False
2023-10,sunscreen,ergocalciferols,1,90,0.011111,False,False
2023-10,sunscreen,ergosterol,1,90,0.011111,False,False
2023-10,sunscreen,estrogen receptor alpha,1,90,0.011111,False,False
2023-10,sunscreen,estrogens,1,90,0.011111,False,False
2023-10,sunscreen,estuaries,1,90,0.011111,False,False
2023-10,sunscreen,ethanol,1,90,0.011111,False,False
2023-10,sunscreen,firefighters,1,90,0.011111,False,False
2023-10,sunscreen,forehead,1,90,0.011111,False,False
2023-10,sunscreen,fresh water,1,90,0.011111,False,False
2023-10,sunscreen,fruit,1,90,0.011111,False,False
2023-10,sunscreen,"gene expression regulation, plant",1,90,0.011111,False,False
2023-10,sunscreen,genotype,1,90,0.011111,False,False
2023-10,sunscreen,geranylgeranyl-diphosphate geranylgeranyltransferase,1,90,0.011111,False,False
2023-10,sunscreen,germination,1,90,0.011111,False,False
2023-10,sunscreen,glutamates,1,90,0.011111,False,False
2023-10,sunscreen,gonads,1,90,0.011111,False,False
2023-10,sunscreen,groundwater,1,90,0.011111,False,False
2023-10,sunscreen,habits,1,90,0.011111,False,False
2023-10,sunscreen,hair,1,90,0.011111,False,False
2023-10,sunscreen,hair dyes,1,90,0.011111,False,False
2023-10,sunscreen,hair preparations,1,90,0.011111,False,False
2023-10,sunscreen,hsp70 heat-shock proteins,1,90,0.011111,False,False
2023-10,sunscreen,hydrodynamics,1,90,0.011111,False,False
2023-10,sunscreen,hydrogen peroxide,1,90,0.011111,False,False
2023-10,sunscreen,hydroxylation,1,90,0.011111,False,False
2023-10,sunscreen,hyperpigmentation,1,90,0.011111,False,False
2023-10,sunscreen,hypopigmentation,1,90,0.011111,False,False
2023-10,sunscreen,ill-housed persons,1,90,0.011111,False,False
2023-10,sunscreen,immunohistochemistry,1,90,0.011111,False,False
2023-10,sunscreen,incidence,1,90,0.011111,False,False
2023-10,sunscreen,indoles,1,90,0.011111,False,False
2023-10,sunscreen,keratinocytes,1,90,0.011111,False,False
2023-10,sunscreen,"keratosis, actinic",1,90,0.011111,False,False
2023-10,sunscreen,lichen planus,1,90,0.011111,False,False
2023-10,sunscreen,lipectomy,1,90,0.011111,False,False
2023-10,sunscreen,lipopolysaccharides,1,90,0.011111,False,False
2023-10,sunscreen,liposomes,1,90,0.011111,False,False
2023-10,sunscreen,liver,1,90,0.011111,False,False
2023-10,sunscreen,"lupus erythematosus, systemic",1,90,0.011111,False,False
2023-10,sunscreen,lycium,1,90,0.011111,False,False
2023-10,sunscreen,mass spectrometry,1,90,0.011111,False,False
2023-10,sunscreen,melanoma,1,90,0.011111,False,False
2023-10,sunscreen,membrane lipids,1,90,0.011111,False,False
2023-10,sunscreen,meristem,1,90,0.011111,False,False
2023-10,sunscreen,methicillin-resistant staphylococcus aureus,1,90,0.011111,False,False
2023-10,sunscreen,mexico,1,90,0.011111,False,False
2023-10,sunscreen,microalgae,1,90,0.011111,False,False
2023-10,sunscreen,microbial sensitivity tests,1,90,0.011111,False,False
2023-10,sunscreen,microbiota,1,90,0.011111,False,False
2023-10,sunscreen,microglia,1,90,0.011111,False,False
2023-10,sunscreen,molecular docking simulation,1,90,0.011111,False,False
2023-10,sunscreen,monophenol monooxygenase,1,90,0.011111,False,False
2023-10,sunscreen,nanoparticles,1,90,0.011111,False,False
2023-10,sunscreen,naphthoquinones,1,90,0.011111,False,False
2023-10,sunscreen,nitro compounds,1,90,0.011111,False,False
2023-10,sunscreen,oceans and seas,1,90,0.011111,False,False
2023-10,sunscreen,octopodiformes,1,90,0.011111,False,False
2023-10,sunscreen,onions,1,90,0.011111,False,False
2023-10,sunscreen,organelles,1,90,0.011111,False,False
2023-10,sunscreen,oxidoreductases,1,90,0.011111,False,False
2023-10,sunscreen,oxygen,1,90,0.011111,False,False
2023-10,sunscreen,patch tests,1,90,0.011111,False,False
2023-10,sunscreen,peptides,1,90,0.011111,False,False
2023-10,sunscreen,perception,1,90,0.011111,False,False
2023-10,sunscreen,persons with disabilities,1,90,0.011111,False,False
2023-10,sunscreen,photochemistry,1,90,0.011111,False,False
2023-10,sunscreen,photography,1,90,0.011111,False,False
2023-10,sunscreen,photolysis,1,90,0.011111,False,False
2023-10,sunscreen,pilot projects,1,90,0.011111,False,False
2023-10,sunscreen,plant extracts,1,90,0.011111,False,False
2023-10,sunscreen,plant roots,1,90,0.011111,False,False
2023-10,sunscreen,plastics,1,90,0.011111,False,False
2023-10,sunscreen,polymers,1,90,0.011111,False,False
2023-10,sunscreen,polysaccharides,1,90,0.011111,False,False
2023-10,sunscreen,polyvinyl alcohol,1,90,0.011111,False,False
2023-10,sunscreen,propiophenones,1,90,0.011111,False,False
2023-10,sunscreen,protein isoforms,1,90,0.011111,False,False
2023-10,sunscreen,proteins,1,90,0.011111,False,False
2023-10,sunscreen,proteomics,1,90,0.011111,False,False
2023-10,sunscreen,prunus domestica,1,90,0.011111,False,False
2023-10,sunscreen,rats,1,90,0.011111,False,False
2023-10,sunscreen,"receptors, glucocorticoid",1,90,0.011111,False,False
2023-10,sunscreen,retrospective studies,1,90,0.011111,False,False
2023-10,sunscreen,risk factors,1,90,0.011111,False,False
2023-10,sunscreen,rivers,1,90,0.011111,False,False
2023-10,sunscreen,rna,1,90,0.011111,False,False
2023-10,sunscreen,"rna, ribosomal, 16s",1,90,0.011111,False,False
2023-10,sunscreen,scalp,1,90,0.011111,False,False
2023-10,sunscreen,seaweed,1,90,0.011111,False,False
2023-10,sunscreen,silicone elastomers,1,90,0.011111,False,False
2023-10,sunscreen,skin pigmentation,1,90,0.011111,False,False
2023-10,sunscreen,smartphone,1,90,0.011111,False,False
2023-10,sunscreen,solanum lycopersicum,1,90,0.011111,False,False
2023-10,sunscreen,"spectroscopy, fourier transform infrared",1,90,0.011111,False,False
2023-10,sunscreen,sports,1,90,0.011111,False,False
2023-10,sunscreen,staphylococcus aureus,1,90,0.011111,False,False
2023-10,sunscreen,starch,1,90,0.011111,False,False
2023-10,sunscreen,steam,1,90,0.011111,False,False
2023-10,sunscreen,stramenopiles,1,90,0.011111,False,False
2023-10,sunscreen,subcutaneous fat,1,90,0.011111,False,False
2023-10,sunscreen,swine,1,90,0.011111,False,False
2023-10,sunscreen,tandem mass spectrometry,1,90,0.011111,False,False
2023-10,sunscreen,tea tree oil,1,90,0.011111,False,False
2023-10,sunscreen,thermosynechococcus,1,90,0.011111,False,False
2023-10,sunscreen,thioredoxin reductase 2,1,90,0.011111,False,False
2023-10,sunscreen,thioredoxins,1,90,0.011111,False,False
2023-10,sunscreen,thylakoids,1,90,0.011111,False,False
2023-10,sunscreen,titanium,1,90,0.011111,False,False
2023-10,sunscreen,treatment outcome,1,90,0.011111,False,False
2023-10,sunscreen,tumor necrosis factor-alpha,1,90,0.011111,False,False
2023-10,sunscreen,vitamin d,1,90,0.011111,False,False
2023-10,sunscreen,vitamin d deficiency,1,90,0.011111,False,False
2023-10,sunscreen,vitiligo,1,90,0.011111,False,False
2023-10,sunscreen,volunteers,1,90,0.011111,False,False
2023-10,sunscreen,water pollution,1,90,0.011111,False,False
2023-10,sunscreen,water purification,1,90,0.011111,False,False
2023-10,sunscreen,weather,1,90,0.011111,False,False
2023-10,sunscreen,zebrafish,1,90,0.011111,False,False
2023-10,sunscreen,zinc oxide,1,90,0.011111,False,False
2023-11,sunscreen,humans,27,67,0.402985,False,False
2023-11,sunscreen,sunscreening agents,21,67,0.313433,False,False
2023-11,sunscreen,skin neoplasms,10,67,0.149254,False,False
2023-11,sunscreen,ultraviolet rays,9,67,0.134328,False,False
2023-11,sunscreen,ecosystem,8,67,0.119403,False,False
2023-11,sunscreen,female,8,67,0.119403,False,False
2023-11,sunscreen,skin,8,67,0.119403,False,False
2023-11,sunscreen,animals,7,67,0.104478,False,False
2023-11,sunscreen,photosynthesis,6,67,0.089552,False,False
2023-11,sunscreen,antioxidants,5,67,0.074627,False,False
2023-11,sunscreen,male,5,67,0.074627,False,False
2023-11,sunscreen,water,5,67,0.074627,False,False
2023-11,sunscreen,"water pollutants, chemical",5,67,0.074627,False,False
2023-11,sunscreen,cosmetics,4,67,0.059701,False,False
2023-11,sunscreen,middle aged,4,67,0.059701,False,False
2023-11,sunscreen,adolescent,3,67,0.044776,False,False
2023-11,sunscreen,adult,3,67,0.044776,False,False
2023-11,sunscreen,aged,3,67,0.044776,False,False
2023-11,sunscreen,benzophenones,3,67,0.044776,False,False
2023-11,sunscreen,"health knowledge, attitudes, practice",3,67,0.044776,False,False
2023-11,sunscreen,light,3,67,0.044776,False,False
2023-11,sunscreen,nanoparticles,3,67,0.044776,False,False
2023-11,sunscreen,skin aging,3,67,0.044776,False,False
2023-11,sunscreen,skin diseases,3,67,0.044776,False,False
2023-11,sunscreen,sunlight,3,67,0.044776,False,False
2023-11,sunscreen,abscisic acid,2,67,0.029851,False,False
2023-11,sunscreen,anthozoa,2,67,0.029851,False,False
2023-11,sunscreen,anti-bacterial agents,2,67,0.029851,False,False
2023-11,sunscreen,bacterial proteins,2,67,0.029851,False,False
2023-11,sunscreen,biomarkers,2,67,0.029851,False,False
2023-11,sunscreen,carotenoids,2,67,0.029851,False,False
2023-11,sunscreen,child,2,67,0.029851,False,False
2023-11,sunscreen,coral reefs,2,67,0.029851,False,False
2023-11,sunscreen,cross-sectional studies,2,67,0.029851,False,False
2023-11,sunscreen,"embryo, nonmammalian",2,67,0.029851,False,False
2023-11,sunscreen,environmental monitoring,2,67,0.029851,False,False
2023-11,sunscreen,ferredoxins,2,67,0.029851,False,False
2023-11,sunscreen,"gene expression regulation, plant",2,67,0.029851,False,False
2023-11,sunscreen,larva,2,67,0.029851,False,False
2023-11,sunscreen,oxidative stress,2,67,0.029851,False,False
2023-11,sunscreen,photosystem i protein complex,2,67,0.029851,False,False
2023-11,sunscreen,plant extracts,2,67,0.029851,False,False
2023-11,sunscreen,plants,2,67,0.029851,False,False
2023-11,sunscreen,reactive oxygen species,2,67,0.029851,False,False
2023-11,sunscreen,salicylates,2,67,0.029851,False,False
2023-11,sunscreen,seasons,2,67,0.029851,False,False
2023-11,sunscreen,sexual and gender minorities,2,67,0.029851,False,False
2023-11,sunscreen,sunburn,2,67,0.029851,False,False
2023-11,sunscreen,surveys and questionnaires,2,67,0.029851,False,False
2023-11,sunscreen,swimming pools,2,67,0.029851,False,False
2023-11,sunscreen,united states,2,67,0.029851,False,False
2023-11,sunscreen,xeroderma pigmentosum,2,67,0.029851,False,False
2023-11,sunscreen,zebrafish,2,67,0.029851,False,False
2023-11,sunscreen,2-aminopurine,1,67,0.014925,False,False
2023-11,sunscreen,absorption,1,67,0.014925,False,False
2023-11,sunscreen,acclimatization,1,67,0.014925,False,False
2023-11,sunscreen,acetonitriles,1,67,0.014925,False,False
2023-11,sunscreen,acetylcholinesterase,1,67,0.014925,False,False
2023-11,sunscreen,acne vulgaris,1,67,0.014925,False,False
2023-11,sunscreen,acrylates,1,67,0.014925,False,False
2023-11,sunscreen,agave,1,67,0.014925,False,False
2023-11,sunscreen,"aged, 80 and over",1,67,0.014925,False,False
2023-11,sunscreen,alopecia,1,67,0.014925,False,False
2023-11,sunscreen,anthocyanins,1,67,0.014925,False,False
2023-11,sunscreen,arabidopsis,1,67,0.014925,False,False
2023-11,sunscreen,arabidopsis proteins,1,67,0.014925,False,False
2023-11,sunscreen,ascorbic acid,1,67,0.014925,False,False
2023-11,sunscreen,autophagy,1,67,0.014925,False,False
2023-11,sunscreen,bays,1,67,0.014925,False,False
2023-11,sunscreen,beta-cyclodextrins,1,67,0.014925,False,False
2023-11,sunscreen,binding sites,1,67,0.014925,False,False
2023-11,sunscreen,biological monitoring,1,67,0.014925,False,False
2023-11,sunscreen,biomass,1,67,0.014925,False,False
2023-11,sunscreen,bombyx,1,67,0.014925,False,False
2023-11,sunscreen,camphor,1,67,0.014925,False,False
2023-11,sunscreen,cancer survivors,1,67,0.014925,False,False
2023-11,sunscreen,carbamazepine,1,67,0.014925,False,False
2023-11,sunscreen,carbon,1,67,0.014925,False,False
2023-11,sunscreen,carbonyl cyanide m-chlorophenyl hydrazone,1,67,0.014925,False,False
2023-11,sunscreen,cell survival,1,67,0.014925,False,False
2023-11,sunscreen,chlamydomonas reinhardtii,1,67,0.014925,False,False
2023-11,sunscreen,chlorine,1,67,0.014925,False,False
2023-11,sunscreen,chlorophyll,1,67,0.014925,False,False
2023-11,sunscreen,chlorophyta,1,67,0.014925,False,False
2023-11,sunscreen,cinnamates,1,67,0.014925,False,False
2023-11,sunscreen,cohort studies,1,67,0.014925,False,False
2023-11,sunscreen,cold temperature,1,67,0.014925,False,False
2023-11,sunscreen,collagen,1,67,0.014925,False,False
2023-11,sunscreen,communication,1,67,0.014925,False,False
2023-11,sunscreen,consensus,1,67,0.014925,False,False
2023-11,sunscreen,cosmetic techniques,1,67,0.014925,False,False
2023-11,sunscreen,crassulacean acid metabolism,1,67,0.014925,False,False
2023-11,sunscreen,"crystallography, x-ray",1,67,0.014925,False,False
2023-11,sunscreen,cyanobacteria,1,67,0.014925,False,False
2023-11,sunscreen,cytochrome b6f complex,1,67,0.014925,False,False
2023-11,sunscreen,cytochromes b,1,67,0.014925,False,False
2023-11,sunscreen,decontamination,1,67,0.014925,False,False
2023-11,sunscreen,deep eutectic solvents,1,67,0.014925,False,False
2023-11,sunscreen,deoxyribose,1,67,0.014925,False,False
2023-11,sunscreen,dermatitis,1,67,0.014925,False,False
2023-11,sunscreen,"dermatitis, allergic contact",1,67,0.014925,False,False
2023-11,sunscreen,dinoflagellida,1,67,0.014925,False,False
2023-11,sunscreen,doxycycline,1,67,0.014925,False,False
2023-11,sunscreen,ecotype,1,67,0.014925,False,False
2023-11,sunscreen,egypt,1,67,0.014925,False,False
2023-11,sunscreen,elastin,1,67,0.014925,False,False
2023-11,sunscreen,electron transport,1,67,0.014925,False,False
2023-11,sunscreen,environment,1,67,0.014925,False,False
2023-11,sunscreen,environmental exposure,1,67,0.014925,False,False
2023-11,sunscreen,environmental pollutants,1,67,0.014925,False,False
2023-11,sunscreen,ethanol,1,67,0.014925,False,False
2023-11,sunscreen,eye color,1,67,0.014925,False,False
2023-11,sunscreen,flavins,1,67,0.014925,False,False
2023-11,sunscreen,forests,1,67,0.014925,False,False
2023-11,sunscreen,germany,1,67,0.014925,False,False
2023-11,sunscreen,halogenation,1,67,0.014925,False,False
2023-11,sunscreen,health behavior,1,67,0.014925,False,False
2023-11,sunscreen,hedgehog proteins,1,67,0.014925,False,False
2023-11,sunscreen,hepatitis b,1,67,0.014925,False,False
2023-11,sunscreen,holidays,1,67,0.014925,False,False
2023-11,sunscreen,hot temperature,1,67,0.014925,False,False
2023-11,sunscreen,hydrolysis,1,67,0.014925,False,False
2023-11,sunscreen,hyperpigmentation,1,67,0.014925,False,False
2023-11,sunscreen,industrial waste,1,67,0.014925,False,False
2023-11,sunscreen,infrared rays,1,67,0.014925,False,False
2023-11,sunscreen,interviews as topic,1,67,0.014925,False,False
2023-11,sunscreen,keratinocytes,1,67,0.014925,False,False
2023-11,sunscreen,lebanon,1,67,0.014925,False,False
2023-11,sunscreen,lecithins,1,67,0.014925,False,False
2023-11,sunscreen,light-harvesting protein complexes,1,67,0.014925,False,False
2023-11,sunscreen,lignin,1,67,0.014925,False,False
2023-11,sunscreen,lipid metabolism,1,67,0.014925,False,False
2023-11,sunscreen,liposomes,1,67,0.014925,False,False
2023-11,sunscreen,liver neoplasms,1,67,0.014925,False,False
2023-11,sunscreen,manganese compounds,1,67,0.014925,False,False
2023-11,sunscreen,melanoma,1,67,0.014925,False,False
2023-11,sunscreen,minocycline,1,67,0.014925,False,False
2023-11,sunscreen,"models, biological",1,67,0.014925,False,False
2023-11,sunscreen,"models, molecular",1,67,0.014925,False,False
2023-11,sunscreen,"nadh, nadph oxidoreductases",1,67,0.014925,False,False
2023-11,sunscreen,neonicotinoids,1,67,0.014925,False,False
2023-11,sunscreen,nf-e2-related factor 2,1,67,0.014925,False,False
2023-11,sunscreen,nicotiana,1,67,0.014925,False,False
2023-11,sunscreen,nitro compounds,1,67,0.014925,False,False
2023-11,sunscreen,oceans and seas,1,67,0.014925,False,False
2023-11,sunscreen,onions,1,67,0.014925,False,False
2023-11,sunscreen,organ transplantation,1,67,0.014925,False,False
2023-11,sunscreen,oxides,1,67,0.014925,False,False
2023-11,sunscreen,papillomavirus infections,1,67,0.014925,False,False
2023-11,sunscreen,papillomavirus vaccines,1,67,0.014925,False,False
2023-11,sunscreen,parent-child relations,1,67,0.014925,False,False
2023-11,sunscreen,parents,1,67,0.014925,False,False
2023-11,sunscreen,patch tests,1,67,0.014925,False,False
2023-11,sunscreen,patient acceptance of health care,1,67,0.014925,False,False
2023-11,sunscreen,pesticides,1,67,0.014925,False,False
2023-11,sunscreen,pharmaceutical preparations,1,67,0.014925,False,False
2023-11,sunscreen,"photoreceptors, microbial",1,67,0.014925,False,False
2023-11,sunscreen,phycobilisomes,1,67,0.014925,False,False
2023-11,sunscreen,phylogeny,1,67,0.014925,False,False
2023-11,sunscreen,phytoplankton,1,67,0.014925,False,False
2023-11,sunscreen,plant growth regulators,1,67,0.014925,False,False
2023-11,sunscreen,plant oils,1,67,0.014925,False,False
2023-11,sunscreen,plant proteins,1,67,0.014925,False,False
2023-11,sunscreen,poland,1,67,0.014925,False,False
2023-11,sunscreen,polypodium,1,67,0.014925,False,False
2023-11,sunscreen,primary prevention,1,67,0.014925,False,False
2023-11,sunscreen,propiophenones,1,67,0.014925,False,False
2023-11,sunscreen,prospective studies,1,67,0.014925,False,False
2023-11,sunscreen,protective clothing,1,67,0.014925,False,False
2023-11,sunscreen,protein conformation,1,67,0.014925,False,False
2023-11,sunscreen,qualitative research,1,67,0.014925,False,False
2023-11,sunscreen,rats,1,67,0.014925,False,False
2023-11,sunscreen,resveratrol,1,67,0.014925,False,False
2023-11,sunscreen,retina,1,67,0.014925,False,False
2023-11,sunscreen,retinal rod photoreceptor cells,1,67,0.014925,False,False
2023-11,sunscreen,retrospective studies,1,67,0.014925,False,False
2023-11,sunscreen,rna,1,67,0.014925,False,False
2023-11,sunscreen,rosacea,1,67,0.014925,False,False
2023-11,sunscreen,san francisco,1,67,0.014925,False,False
2023-11,sunscreen,silk,1,67,0.014925,False,False
2023-11,sunscreen,skin pigmentation,1,67,0.014925,False,False
2023-11,sunscreen,solvents,1,67,0.014925,False,False
2023-11,sunscreen,spectrum analysis,1,67,0.014925,False,False
2023-11,sunscreen,"spectrum analysis, raman",1,67,0.014925,False,False
2023-11,sunscreen,strigiformes,1,67,0.014925,False,False
2023-11,sunscreen,sun protection factor,1,67,0.014925,False,False
2023-11,sunscreen,sunbathing,1,67,0.014925,False,False
2023-11,sunscreen,surgeons,1,67,0.014925,False,False
2023-11,sunscreen,symbiosis,1,67,0.014925,False,False
2023-11,sunscreen,synechocystis,1,67,0.014925,False,False
2023-11,sunscreen,terpenes,1,67,0.014925,False,False
2023-11,sunscreen,tetracycline,1,67,0.014925,False,False
2023-11,sunscreen,thermotolerance,1,67,0.014925,False,False
2023-11,sunscreen,time factors,1,67,0.014925,False,False
2023-11,sunscreen,titanium,1,67,0.014925,False,False
2023-11,sunscreen,transcription factors,1,67,0.014925,False,False
2023-11,sunscreen,transplant recipients,1,67,0.014925,False,False
2023-11,sunscreen,treatment outcome,1,67,0.014925,False,False
2023-11,sunscreen,triclosan,1,67,0.014925,False,False
2023-11,sunscreen,tripartite motif proteins,1,67,0.014925,False,False
2023-11,sunscreen,tumor necrosis factor-alpha,1,67,0.014925,False,False
2023-11,sunscreen,ubiquitin-protein ligases,1,67,0.014925,False,False
2023-11,sunscreen,universities,1,67,0.014925,False,False
2023-11,sunscreen,wastewater,1,67,0.014925,False,False
2023-11,sunscreen,water purification,1,67,0.014925,False,False
2023-11,sunscreen,whales,1,67,0.014925,False,False
2023-11,sunscreen,wound healing,1,67,0.014925,False,False
2023-11,sunscreen,young adult,1,67,0.014925,False,False
2023-11,sunscreen,zein,1,67,0.014925,False,False
2023-11,sunscreen,zinc oxide,1,67,0.014925,False,False
2023-12,sunscreen,humans,23,53,0.433962,False,False
2023-12,sunscreen,sunscreening agents,21,53,0.396226,False,False
2023-12,sunscreen,ultraviolet rays,12,53,0.226415,False,False
2023-12,sunscreen,skin neoplasms,9,53,0.169811,False,False
2023-12,sunscreen,skin,8,53,0.150943,False,False
2023-12,sunscreen,female,7,53,0.132075,False,False
2023-12,sunscreen,adult,4,53,0.075472,False,False
2023-12,sunscreen,animals,4,53,0.075472,False,False
2023-12,sunscreen,antioxidants,4,53,0.075472,False,False
2023-12,sunscreen,male,4,53,0.075472,False,False
2023-12,sunscreen,middle aged,4,53,0.075472,False,False
2023-12,sunscreen,adolescent,3,53,0.056604,False,False
2023-12,sunscreen,benzophenones,3,53,0.056604,False,False
2023-12,sunscreen,ecosystem,3,53,0.056604,False,False
2023-12,sunscreen,environmental pollutants,3,53,0.056604,False,False
2023-12,sunscreen,sunburn,3,53,0.056604,False,False
2023-12,sunscreen,aged,2,53,0.037736,False,False
2023-12,sunscreen,child,2,53,0.037736,False,False
2023-12,sunscreen,chlorophyll,2,53,0.037736,False,False
2023-12,sunscreen,cosmetics,2,53,0.037736,False,False
2023-12,sunscreen,cross-sectional studies,2,53,0.037736,False,False
2023-12,sunscreen,droughts,2,53,0.037736,False,False
2023-12,sunscreen,fishes,2,53,0.037736,False,False
2023-12,sunscreen,"gene expression regulation, plant",2,53,0.037736,False,False
2023-12,sunscreen,"health knowledge, attitudes, practice",2,53,0.037736,False,False
2023-12,sunscreen,hyaluronic acid,2,53,0.037736,False,False
2023-12,sunscreen,iron,2,53,0.037736,False,False
2023-12,sunscreen,light,2,53,0.037736,False,False
2023-12,sunscreen,light-harvesting protein complexes,2,53,0.037736,False,False
2023-12,sunscreen,oxidative stress,2,53,0.037736,False,False
2023-12,sunscreen,oxides,2,53,0.037736,False,False
2023-12,sunscreen,photosynthesis,2,53,0.037736,False,False
2023-12,sunscreen,photosystem ii protein complex,2,53,0.037736,False,False
2023-12,sunscreen,pilot projects,2,53,0.037736,False,False
2023-12,sunscreen,plant leaves,2,53,0.037736,False,False
2023-12,sunscreen,plant proteins,2,53,0.037736,False,False
2023-12,sunscreen,protective clothing,2,53,0.037736,False,False
2023-12,sunscreen,reactive oxygen species,2,53,0.037736,False,False
2023-12,sunscreen,retrospective studies,2,53,0.037736,False,False
2023-12,sunscreen,seasons,2,53,0.037736,False,False
2023-12,sunscreen,skin pigmentation,2,53,0.037736,False,False
2023-12,sunscreen,sunbathing,2,53,0.037736,False,False
2023-12,sunscreen,sunlight,2,53,0.037736,False,False
2023-12,sunscreen,treatment outcome,2,53,0.037736,False,False
2023-12,sunscreen,water,2,53,0.037736,False,False
2023-12,sunscreen,"water pollutants, chemical",2,53,0.037736,False,False
2023-12,sunscreen,young adult,2,53,0.037736,False,False
2023-12,sunscreen,abscisic acid,1,53,0.018868,False,False
2023-12,sunscreen,acne vulgaris,1,53,0.018868,False,False
2023-12,sunscreen,"administration, cutaneous",1,53,0.018868,False,False
2023-12,sunscreen,"aged, 80 and over",1,53,0.018868,False,False
2023-12,sunscreen,ambulatory surgical procedures,1,53,0.018868,False,False
2023-12,sunscreen,amino acids,1,53,0.018868,False,False
2023-12,sunscreen,anthocyanins,1,53,0.018868,False,False
2023-12,sunscreen,anthraquinones,1,53,0.018868,False,False
2023-12,sunscreen,antimalarials,1,53,0.018868,False,False
2023-12,sunscreen,arabidopsis,1,53,0.018868,False,False
2023-12,sunscreen,ascomycota,1,53,0.018868,False,False
2023-12,sunscreen,asia,1,53,0.018868,False,False
2023-12,sunscreen,atorvastatin,1,53,0.018868,False,False
2023-12,sunscreen,bacteria,1,53,0.018868,False,False
2023-12,sunscreen,basal cell carcinoma,1,53,0.018868,False,False
2023-12,sunscreen,beta-cyclodextrins,1,53,0.018868,False,False
2023-12,sunscreen,bioaccumulation,1,53,0.018868,False,False
2023-12,sunscreen,biocompatible materials,1,53,0.018868,False,False
2023-12,sunscreen,biotransformation,1,53,0.018868,False,False
2023-12,sunscreen,bivalvia,1,53,0.018868,False,False
2023-12,sunscreen,black or african american,1,53,0.018868,False,False
2023-12,sunscreen,body temperature,1,53,0.018868,False,False
2023-12,sunscreen,body temperature regulation,1,53,0.018868,False,False
2023-12,sunscreen,brassicaceae,1,53,0.018868,False,False
2023-12,sunscreen,bryopsida,1,53,0.018868,False,False
2023-12,sunscreen,caffeine,1,53,0.018868,False,False
2023-12,sunscreen,camellia sinensis,1,53,0.018868,False,False
2023-12,sunscreen,"carcinoma, squamous cell",1,53,0.018868,False,False
2023-12,sunscreen,caregivers,1,53,0.018868,False,False
2023-12,sunscreen,carthamus tinctorius,1,53,0.018868,False,False
2023-12,sunscreen,"chemistry, pharmaceutical",1,53,0.018868,False,False
2023-12,sunscreen,"child, preschool",1,53,0.018868,False,False
2023-12,sunscreen,chlorophyll a,1,53,0.018868,False,False
2023-12,sunscreen,chlorophyll binding proteins,1,53,0.018868,False,False
2023-12,sunscreen,chlorophyllides,1,53,0.018868,False,False
2023-12,sunscreen,chloroplasts,1,53,0.018868,False,False
2023-12,sunscreen,"chromatography, affinity",1,53,0.018868,False,False
2023-12,sunscreen,cinnamates,1,53,0.018868,False,False
2023-12,sunscreen,counseling,1,53,0.018868,False,False
2023-12,sunscreen,cyclodextrins,1,53,0.018868,False,False
2023-12,sunscreen,density functional theory,1,53,0.018868,False,False
2023-12,sunscreen,"dermatitis, allergic contact",1,53,0.018868,False,False
2023-12,sunscreen,disulfoton,1,53,0.018868,False,False
2023-12,sunscreen,drought resistance,1,53,0.018868,False,False
2023-12,sunscreen,drug compounding,1,53,0.018868,False,False
2023-12,sunscreen,drug stability,1,53,0.018868,False,False
2023-12,sunscreen,dysbiosis,1,53,0.018868,False,False
2023-12,sunscreen,electrolytes,1,53,0.018868,False,False
2023-12,sunscreen,epidermis,1,53,0.018868,False,False
2023-12,sunscreen,erythema,1,53,0.018868,False,False
2023-12,sunscreen,extraterrestrial environment,1,53,0.018868,False,False
2023-12,sunscreen,facial neoplasms,1,53,0.018868,False,False
2023-12,sunscreen,flavonoids,1,53,0.018868,False,False
2023-12,sunscreen,forests,1,53,0.018868,False,False
2023-12,sunscreen,france,1,53,0.018868,False,False
2023-12,sunscreen,fruit,1,53,0.018868,False,False
2023-12,sunscreen,gene expression profiling,1,53,0.018868,False,False
2023-12,sunscreen,glycosides,1,53,0.018868,False,False
2023-12,sunscreen,habits,1,53,0.018868,False,False
2023-12,sunscreen,hair dyes,1,53,0.018868,False,False
2023-12,sunscreen,health communication,1,53,0.018868,False,False
2023-12,sunscreen,herbicides,1,53,0.018868,False,False
2023-12,sunscreen,hot temperature,1,53,0.018868,False,False
2023-12,sunscreen,humic substances,1,53,0.018868,False,False
2023-12,sunscreen,humidity,1,53,0.018868,False,False
2023-12,sunscreen,hydrogen,1,53,0.018868,False,False
2023-12,sunscreen,hydrogen bonding,1,53,0.018868,False,False
2023-12,sunscreen,hydrogen peroxide,1,53,0.018868,False,False
2023-12,sunscreen,hydrogen-ion concentration,1,53,0.018868,False,False
2023-12,sunscreen,hydroxymethylglutaryl-coa reductase inhibitors,1,53,0.018868,False,False
2023-12,sunscreen,hyperpigmentation,1,53,0.018868,False,False
2023-12,sunscreen,immunoglobulin a,1,53,0.018868,False,False
2023-12,sunscreen,insecticides,1,53,0.018868,False,False
2023-12,sunscreen,intention,1,53,0.018868,False,False
2023-12,sunscreen,keratinocytes,1,53,0.018868,False,False
2023-12,sunscreen,lentigo,1,53,0.018868,False,False
2023-12,sunscreen,lipid droplets,1,53,0.018868,False,False
2023-12,sunscreen,logistic models,1,53,0.018868,False,False
2023-12,sunscreen,"lupus erythematosus, cutaneous",1,53,0.018868,False,False
2023-12,sunscreen,"lupus erythematosus, discoid",1,53,0.018868,False,False
2023-12,sunscreen,mars,1,53,0.018868,False,False
2023-12,sunscreen,melanins,1,53,0.018868,False,False
2023-12,sunscreen,melanoma,1,53,0.018868,False,False
2023-12,sunscreen,melanosis,1,53,0.018868,False,False
2023-12,sunscreen,microbiota,1,53,0.018868,False,False
2023-12,sunscreen,minerals,1,53,0.018868,False,False
2023-12,sunscreen,multigene family,1,53,0.018868,False,False
2023-12,sunscreen,myrtaceae,1,53,0.018868,False,False
2023-12,sunscreen,nails,1,53,0.018868,False,False
2023-12,sunscreen,naphthoquinones,1,53,0.018868,False,False
2023-12,sunscreen,neighborhood characteristics,1,53,0.018868,False,False
2023-12,sunscreen,niacinamide,1,53,0.018868,False,False
2023-12,sunscreen,obesity,1,53,0.018868,False,False
2023-12,sunscreen,ohio,1,53,0.018868,False,False
2023-12,sunscreen,oxidation-reduction,1,53,0.018868,False,False
2023-12,sunscreen,oxygenases,1,53,0.018868,False,False
2023-12,sunscreen,parenteral nutrition,1,53,0.018868,False,False
2023-12,sunscreen,perciformes,1,53,0.018868,False,False
2023-12,sunscreen,perfume,1,53,0.018868,False,False
2023-12,sunscreen,pesticides,1,53,0.018868,False,False
2023-12,sunscreen,pharmacists,1,53,0.018868,False,False
2023-12,sunscreen,phenotype,1,53,0.018868,False,False
2023-12,sunscreen,phosphates,1,53,0.018868,False,False
2023-12,sunscreen,phosphatidylinositol 3-kinases,1,53,0.018868,False,False
2023-12,sunscreen,photolysis,1,53,0.018868,False,False
2023-12,sunscreen,photosensitivity disorders,1,53,0.018868,False,False
2023-12,sunscreen,photosystem i protein complex,1,53,0.018868,False,False
2023-12,sunscreen,phylogeny,1,53,0.018868,False,False
2023-12,sunscreen,plant extracts,1,53,0.018868,False,False
2023-12,sunscreen,plants,1,53,0.018868,False,False
2023-12,sunscreen,"plants, genetically modified",1,53,0.018868,False,False
2023-12,sunscreen,polyelectrolytes,1,53,0.018868,False,False
2023-12,sunscreen,polyphenols,1,53,0.018868,False,False
2023-12,sunscreen,porosity,1,53,0.018868,False,False
2023-12,sunscreen,proton-motive force,1,53,0.018868,False,False
2023-12,sunscreen,quality of life,1,53,0.018868,False,False
2023-12,sunscreen,quercetin,1,53,0.018868,False,False
2023-12,sunscreen,quercus,1,53,0.018868,False,False
2023-12,sunscreen,rain,1,53,0.018868,False,False
2023-12,sunscreen,republic of korea,1,53,0.018868,False,False
2023-12,sunscreen,"resilience, psychological",1,53,0.018868,False,False
2023-12,sunscreen,retinoids,1,53,0.018868,False,False
2023-12,sunscreen,rhamnus,1,53,0.018868,False,False
2023-12,sunscreen,rhodophyta,1,53,0.018868,False,False
2023-12,sunscreen,"rna, ribosomal, 16s",1,53,0.018868,False,False
2023-12,sunscreen,seaweed,1,53,0.018868,False,False
2023-12,sunscreen,secondary prevention,1,53,0.018868,False,False
2023-12,sunscreen,seeds,1,53,0.018868,False,False
2023-12,sunscreen,skin aging,1,53,0.018868,False,False
2023-12,sunscreen,smegmamorpha,1,53,0.018868,False,False
2023-12,sunscreen,solubility,1,53,0.018868,False,False
2023-12,sunscreen,solutions,1,53,0.018868,False,False
2023-12,sunscreen,"stress, physiological",1,53,0.018868,False,False
2023-12,sunscreen,sulfhydryl compounds,1,53,0.018868,False,False
2023-12,sunscreen,surveys and questionnaires,1,53,0.018868,False,False
2023-12,sunscreen,sweating,1,53,0.018868,False,False
2023-12,sunscreen,syringes,1,53,0.018868,False,False
2023-12,sunscreen,tea,1,53,0.018868,False,False
2023-12,sunscreen,temperature,1,53,0.018868,False,False
2023-12,sunscreen,tertiary care centers,1,53,0.018868,False,False
2023-12,sunscreen,thylakoids,1,53,0.018868,False,False
2023-12,sunscreen,trees,1,53,0.018868,False,False
2023-12,sunscreen,trichloroacetic acid,1,53,0.018868,False,False
2023-12,sunscreen,vitamin a,1,53,0.018868,False,False
2023-12,sunscreen,white,1,53,0.018868,False,False
2023-12,sunscreen,xylariales,1,53,0.018868,False,False
2024-01,sunscreen,humans,34,103,0.330097,False,False
2024-01,sunscreen,sunscreening agents,28,103,0.271845,False,False
2024-01,sunscreen,ultraviolet rays,22,103,0.213592,False,False
2024-01,sunscreen,female,13,103,0.126214,False,False
2024-01,sunscreen,animals,11,103,0.106796,False,False
2024-01,sunscreen,male,11,103,0.106796,False,False
2024-01,sunscreen,skin neoplasms,11,103,0.106796,False,False
2024-01,sunscreen,skin,10,103,0.097087,False,False
2024-01,sunscreen,adult,8,103,0.07767,False,False
2024-01,sunscreen,middle aged,7,103,0.067961,False,False
2024-01,sunscreen,antioxidants,6,103,0.058252,False,False
2024-01,sunscreen,adolescent,5,103,0.048544,False,False
2024-01,sunscreen,aged,5,103,0.048544,False,False
2024-01,sunscreen,sunburn,5,103,0.048544,False,False
2024-01,sunscreen,sunlight,5,103,0.048544,False,False
2024-01,sunscreen,cross-sectional studies,4,103,0.038835,False,False
2024-01,sunscreen,plant extracts,4,103,0.038835,False,False
2024-01,sunscreen,skin aging,4,103,0.038835,False,False
2024-01,sunscreen,"water pollutants, chemical",4,103,0.038835,False,False
2024-01,sunscreen,young adult,4,103,0.038835,False,False
2024-01,sunscreen,dna damage,3,103,0.029126,False,False
2024-01,sunscreen,health behavior,3,103,0.029126,False,False
2024-01,sunscreen,"health knowledge, attitudes, practice",3,103,0.029126,False,False
2024-01,sunscreen,light,3,103,0.029126,False,False
2024-01,sunscreen,mice,3,103,0.029126,False,False
2024-01,sunscreen,nanoparticles,3,103,0.029126,False,False
2024-01,sunscreen,photosynthesis,3,103,0.029126,False,False
2024-01,sunscreen,reactive oxygen species,3,103,0.029126,False,False
2024-01,sunscreen,skin pigmentation,3,103,0.029126,False,False
2024-01,sunscreen,surveys and questionnaires,3,103,0.029126,False,False
2024-01,sunscreen,anti-bacterial agents,2,103,0.019417,False,False
2024-01,sunscreen,antineoplastic agents,2,103,0.019417,False,False
2024-01,sunscreen,arabidopsis,2,103,0.019417,False,False
2024-01,sunscreen,arabidopsis proteins,2,103,0.019417,False,False
2024-01,sunscreen,benzophenones,2,103,0.019417,False,False
2024-01,sunscreen,carotenoids,2,103,0.019417,False,False
2024-01,sunscreen,cinnamates,2,103,0.019417,False,False
2024-01,sunscreen,covid-19,2,103,0.019417,False,False
2024-01,sunscreen,diet,2,103,0.019417,False,False
2024-01,sunscreen,ecosystem,2,103,0.019417,False,False
2024-01,sunscreen,face,2,103,0.019417,False,False
2024-01,sunscreen,melanoma,2,103,0.019417,False,False
2024-01,sunscreen,oxidation-reduction,2,103,0.019417,False,False
2024-01,sunscreen,oxidative stress,2,103,0.019417,False,False
2024-01,sunscreen,phenols,2,103,0.019417,False,False
2024-01,sunscreen,plants,2,103,0.019417,False,False
2024-01,sunscreen,prevalence,2,103,0.019417,False,False
2024-01,sunscreen,prospective studies,2,103,0.019417,False,False
2024-01,sunscreen,risk factors,2,103,0.019417,False,False
2024-01,sunscreen,sun protection factor,2,103,0.019417,False,False
2024-01,sunscreen,zinc oxide,2,103,0.019417,False,False
2024-01,sunscreen,acanthaceae,1,103,0.009709,False,False
2024-01,sunscreen,acclimatization,1,103,0.009709,False,False
2024-01,sunscreen,age factors,1,103,0.009709,False,False
2024-01,sunscreen,aging,1,103,0.009709,False,False
2024-01,sunscreen,aluminum,1,103,0.009709,False,False
2024-01,sunscreen,"amino acids, diamino",1,103,0.009709,False,False
2024-01,sunscreen,androgen antagonists,1,103,0.009709,False,False
2024-01,sunscreen,anthozoa,1,103,0.009709,False,False
2024-01,sunscreen,basal cell carcinoma,1,103,0.009709,False,False
2024-01,sunscreen,beta-cyclodextrins,1,103,0.009709,False,False
2024-01,sunscreen,biological products,1,103,0.009709,False,False
2024-01,sunscreen,biomass,1,103,0.009709,False,False
2024-01,sunscreen,brazil,1,103,0.009709,False,False
2024-01,sunscreen,cancer survivors,1,103,0.009709,False,False
2024-01,sunscreen,case-control studies,1,103,0.009709,False,False
2024-01,sunscreen,catalase,1,103,0.009709,False,False
2024-01,sunscreen,cattle,1,103,0.009709,False,False
2024-01,sunscreen,cell survival,1,103,0.009709,False,False
2024-01,sunscreen,"cells, cultured",1,103,0.009709,False,False
2024-01,sunscreen,cerium,1,103,0.009709,False,False
2024-01,sunscreen,chemical fractionation,1,103,0.009709,False,False
2024-01,sunscreen,"chemistry techniques, synthetic",1,103,0.009709,False,False
2024-01,sunscreen,chlamydomonas reinhardtii,1,103,0.009709,False,False
2024-01,sunscreen,chlorophyceae,1,103,0.009709,False,False
2024-01,sunscreen,chlorophyll a,1,103,0.009709,False,False
2024-01,sunscreen,cholecalciferol,1,103,0.009709,False,False
2024-01,sunscreen,"chromatography, high pressure liquid",1,103,0.009709,False,False
2024-01,sunscreen,"chromatography, liquid",1,103,0.009709,False,False
2024-01,sunscreen,"chromosomal proteins, non-histone",1,103,0.009709,False,False
2024-01,sunscreen,color,1,103,0.009709,False,False
2024-01,sunscreen,comet assay,1,103,0.009709,False,False
2024-01,sunscreen,coral reefs,1,103,0.009709,False,False
2024-01,sunscreen,cosmetics,1,103,0.009709,False,False
2024-01,sunscreen,costa rica,1,103,0.009709,False,False
2024-01,sunscreen,cryptochromes,1,103,0.009709,False,False
2024-01,sunscreen,dendrobium,1,103,0.009709,False,False
2024-01,sunscreen,deoxyribodipyrimidine photo-lyase,1,103,0.009709,False,False
2024-01,sunscreen,diatoms,1,103,0.009709,False,False
2024-01,sunscreen,dietary supplements,1,103,0.009709,False,False
2024-01,sunscreen,disinfection,1,103,0.009709,False,False
2024-01,sunscreen,dna,1,103,0.009709,False,False
2024-01,sunscreen,dna repair,1,103,0.009709,False,False
2024-01,sunscreen,drug eruptions,1,103,0.009709,False,False
2024-01,sunscreen,"drug therapy, combination",1,103,0.009709,False,False
2024-01,sunscreen,electron transport,1,103,0.009709,False,False
2024-01,sunscreen,emulsions,1,103,0.009709,False,False
2024-01,sunscreen,environmental exposure,1,103,0.009709,False,False
2024-01,sunscreen,epidermis,1,103,0.009709,False,False
2024-01,sunscreen,erythema,1,103,0.009709,False,False
2024-01,sunscreen,exposome,1,103,0.009709,False,False
2024-01,sunscreen,feeding behavior,1,103,0.009709,False,False
2024-01,sunscreen,fenofibrate,1,103,0.009709,False,False
2024-01,sunscreen,ferns,1,103,0.009709,False,False
2024-01,sunscreen,fibroblasts,1,103,0.009709,False,False
2024-01,sunscreen,fresh water,1,103,0.009709,False,False
2024-01,sunscreen,fruit,1,103,0.009709,False,False
2024-01,sunscreen,gas chromatography-mass spectrometry,1,103,0.009709,False,False
2024-01,sunscreen,"gene expression regulation, plant",1,103,0.009709,False,False
2024-01,sunscreen,genetic variation,1,103,0.009709,False,False
2024-01,sunscreen,"genitalia, male",1,103,0.009709,False,False
2024-01,sunscreen,germany,1,103,0.009709,False,False
2024-01,sunscreen,glucosides,1,103,0.009709,False,False
2024-01,sunscreen,glutathione,1,103,0.009709,False,False
2024-01,sunscreen,habits,1,103,0.009709,False,False
2024-01,sunscreen,hot springs,1,103,0.009709,False,False
2024-01,sunscreen,humic substances,1,103,0.009709,False,False
2024-01,sunscreen,hydrogen-ion concentration,1,103,0.009709,False,False
2024-01,sunscreen,hydrolysis,1,103,0.009709,False,False
2024-01,sunscreen,hydrophobic and hydrophilic interactions,1,103,0.009709,False,False
2024-01,sunscreen,hyperpigmentation,1,103,0.009709,False,False
2024-01,sunscreen,hypolipidemic agents,1,103,0.009709,False,False
2024-01,sunscreen,in vitro techniques,1,103,0.009709,False,False
2024-01,sunscreen,incidence,1,103,0.009709,False,False
2024-01,sunscreen,inflammation,1,103,0.009709,False,False
2024-01,sunscreen,infrared rays,1,103,0.009709,False,False
2024-01,sunscreen,japan,1,103,0.009709,False,False
2024-01,sunscreen,keratinocytes,1,103,0.009709,False,False
2024-01,sunscreen,kinetics,1,103,0.009709,False,False
2024-01,sunscreen,larva,1,103,0.009709,False,False
2024-01,sunscreen,life style,1,103,0.009709,False,False
2024-01,sunscreen,light-harvesting protein complexes,1,103,0.009709,False,False
2024-01,sunscreen,lignin,1,103,0.009709,False,False
2024-01,sunscreen,lip diseases,1,103,0.009709,False,False
2024-01,sunscreen,lipidomics,1,103,0.009709,False,False
2024-01,sunscreen,lipids,1,103,0.009709,False,False
2024-01,sunscreen,lippia,1,103,0.009709,False,False
2024-01,sunscreen,"lupus erythematosus, cutaneous",1,103,0.009709,False,False
2024-01,sunscreen,mammals,1,103,0.009709,False,False
2024-01,sunscreen,manganese compounds,1,103,0.009709,False,False
2024-01,sunscreen,matrix metalloproteinase 9,1,103,0.009709,False,False
2024-01,sunscreen,matrix metalloproteinases,1,103,0.009709,False,False
2024-01,sunscreen,melanosis,1,103,0.009709,False,False
2024-01,sunscreen,metformin,1,103,0.009709,False,False
2024-01,sunscreen,methicillin-resistant staphylococcus aureus,1,103,0.009709,False,False
2024-01,sunscreen,"mice, hairless",1,103,0.009709,False,False
2024-01,sunscreen,microalgae,1,103,0.009709,False,False
2024-01,sunscreen,microplastics,1,103,0.009709,False,False
2024-01,sunscreen,military personnel,1,103,0.009709,False,False
2024-01,sunscreen,monosaccharides,1,103,0.009709,False,False
2024-01,sunscreen,multigene family,1,103,0.009709,False,False
2024-01,sunscreen,naval medicine,1,103,0.009709,False,False
2024-01,sunscreen,"neoplasms, radiation-induced",1,103,0.009709,False,False
2024-01,sunscreen,niacinamide,1,103,0.009709,False,False
2024-01,sunscreen,nostoc,1,103,0.009709,False,False
2024-01,sunscreen,nurses,1,103,0.009709,False,False
2024-01,sunscreen,nutritional status,1,103,0.009709,False,False
2024-01,sunscreen,occupational diseases,1,103,0.009709,False,False
2024-01,sunscreen,occupational exposure,1,103,0.009709,False,False
2024-01,sunscreen,orchiectomy,1,103,0.009709,False,False
2024-01,sunscreen,organ size,1,103,0.009709,False,False
2024-01,sunscreen,oxides,1,103,0.009709,False,False
2024-01,sunscreen,oxidoreductases,1,103,0.009709,False,False
2024-01,sunscreen,oxygen,1,103,0.009709,False,False
2024-01,sunscreen,phenotype,1,103,0.009709,False,False
2024-01,sunscreen,photosensitivity disorders,1,103,0.009709,False,False
2024-01,sunscreen,photosystem ii protein complex,1,103,0.009709,False,False
2024-01,sunscreen,pigmentation disorders,1,103,0.009709,False,False
2024-01,sunscreen,pilot projects,1,103,0.009709,False,False
2024-01,sunscreen,piperidines,1,103,0.009709,False,False
2024-01,sunscreen,plastics,1,103,0.009709,False,False
2024-01,sunscreen,plastids,1,103,0.009709,False,False
2024-01,sunscreen,poland,1,103,0.009709,False,False
2024-01,sunscreen,polyphenols,1,103,0.009709,False,False
2024-01,sunscreen,polypodiaceae,1,103,0.009709,False,False
2024-01,sunscreen,polypodium,1,103,0.009709,False,False
2024-01,sunscreen,polysaccharides,1,103,0.009709,False,False
2024-01,sunscreen,populus,1,103,0.009709,False,False
2024-01,sunscreen,pregnancy,1,103,0.009709,False,False
2024-01,sunscreen,protective clothing,1,103,0.009709,False,False
2024-01,sunscreen,protein kinase inhibitors,1,103,0.009709,False,False
2024-01,sunscreen,pruritus,1,103,0.009709,False,False
2024-01,sunscreen,pyrimidine dimers,1,103,0.009709,False,False
2024-01,sunscreen,pyrimidines,1,103,0.009709,False,False
2024-01,sunscreen,pyrroles,1,103,0.009709,False,False
2024-01,sunscreen,rats,1,103,0.009709,False,False
2024-01,sunscreen,"rats, sprague-dawley",1,103,0.009709,False,False
2024-01,sunscreen,reproducibility of results,1,103,0.009709,False,False
2024-01,sunscreen,research design,1,103,0.009709,False,False
2024-01,sunscreen,retrospective studies,1,103,0.009709,False,False
2024-01,sunscreen,rhodobacteraceae,1,103,0.009709,False,False
2024-01,sunscreen,"rna, ribosomal, 16s",1,103,0.009709,False,False
2024-01,sunscreen,salicylates,1,103,0.009709,False,False
2024-01,sunscreen,salvia,1,103,0.009709,False,False
2024-01,sunscreen,sars-cov-2,1,103,0.009709,False,False
2024-01,sunscreen,saudi arabia,1,103,0.009709,False,False
2024-01,sunscreen,schools,1,103,0.009709,False,False
2024-01,sunscreen,seasons,1,103,0.009709,False,False
2024-01,sunscreen,"serum albumin, bovine",1,103,0.009709,False,False
2024-01,sunscreen,sex factors,1,103,0.009709,False,False
2024-01,sunscreen,skin care,1,103,0.009709,False,False
2024-01,sunscreen,spain,1,103,0.009709,False,False
2024-01,sunscreen,spectrophotometry,1,103,0.009709,False,False
2024-01,sunscreen,squalene,1,103,0.009709,False,False
2024-01,sunscreen,sulfates,1,103,0.009709,False,False
2024-01,sunscreen,sunbathing,1,103,0.009709,False,False
2024-01,sunscreen,symbiosis,1,103,0.009709,False,False
2024-01,sunscreen,tandem mass spectrometry,1,103,0.009709,False,False
2024-01,sunscreen,testicular neoplasms,1,103,0.009709,False,False
2024-01,sunscreen,thermus thermophilus,1,103,0.009709,False,False
2024-01,sunscreen,thoracica,1,103,0.009709,False,False
2024-01,sunscreen,thylakoids,1,103,0.009709,False,False
2024-01,sunscreen,tissue distribution,1,103,0.009709,False,False
2024-01,sunscreen,toxicokinetics,1,103,0.009709,False,False
2024-01,sunscreen,travel,1,103,0.009709,False,False
2024-01,sunscreen,travel medicine,1,103,0.009709,False,False
2024-01,sunscreen,tropical medicine,1,103,0.009709,False,False
2024-01,sunscreen,united states,1,103,0.009709,False,False
2024-01,sunscreen,vegetables,1,103,0.009709,False,False
2024-01,sunscreen,viscosity,1,103,0.009709,False,False
2024-01,sunscreen,vitamin b complex,1,103,0.009709,False,False
2024-01,sunscreen,vitamin d,1,103,0.009709,False,False
2024-01,sunscreen,vitamin d deficiency,1,103,0.009709,False,False
2024-01,sunscreen,vitiligo,1,103,0.009709,False,False
2024-01,sunscreen,water,1,103,0.009709,False,False
2024-01,sunscreen,water purification,1,103,0.009709,False,False
2024-01,sunscreen,weather,1,103,0.009709,False,False
2024-01,sunscreen,white,1,103,0.009709,False,False
2024-01,sunscreen,wound healing,1,103,0.009709,False,False
2024-02,sunscreen,humans,20,50,0.4,False,False
2024-02,sunscreen,animals,10,50,0.2,False,False
2024-02,sunscreen,sunscreening agents,10,50,0.2,False,False
2024-02,sunscreen,skin,9,50,0.18,False,False
2024-02,sunscreen,photosynthesis,8,50,0.16,False,False
2024-02,sunscreen,female,6,50,0.12,False,False
2024-02,sunscreen,mice,6,50,0.12,False,False
2024-02,sunscreen,ultraviolet rays,6,50,0.12,False,False
2024-02,sunscreen,light,5,50,0.1,False,False
2024-02,sunscreen,melanins,5,50,0.1,False,False
2024-02,sunscreen,skin neoplasms,5,50,0.1,False,False
2024-02,sunscreen,sunburn,5,50,0.1,False,False
2024-02,sunscreen,male,4,50,0.08,False,False
2024-02,sunscreen,photosystem ii protein complex,4,50,0.08,False,False
2024-02,sunscreen,chlorophyll,3,50,0.06,False,False
2024-02,sunscreen,ecosystem,3,50,0.06,False,False
2024-02,sunscreen,health behavior,3,50,0.06,False,False
2024-02,sunscreen,nanoparticles,3,50,0.06,False,False
2024-02,sunscreen,phosphorylation,3,50,0.06,False,False
2024-02,sunscreen,plant extracts,3,50,0.06,False,False
2024-02,sunscreen,water,3,50,0.06,False,False
2024-02,sunscreen,"water pollutants, chemical",3,50,0.06,False,False
2024-02,sunscreen,adult,2,50,0.04,False,False
2024-02,sunscreen,antioxidants,2,50,0.04,False,False
2024-02,sunscreen,benzophenones,2,50,0.04,False,False
2024-02,sunscreen,catechin,2,50,0.04,False,False
2024-02,sunscreen,child,2,50,0.04,False,False
2024-02,sunscreen,covid-19,2,50,0.04,False,False
2024-02,sunscreen,cross-sectional studies,2,50,0.04,False,False
2024-02,sunscreen,environmental monitoring,2,50,0.04,False,False
2024-02,sunscreen,epidermis,2,50,0.04,False,False
2024-02,sunscreen,"health knowledge, attitudes, practice",2,50,0.04,False,False
2024-02,sunscreen,middle aged,2,50,0.04,False,False
2024-02,sunscreen,pharmaceutical preparations,2,50,0.04,False,False
2024-02,sunscreen,proanthocyanidins,2,50,0.04,False,False
2024-02,sunscreen,protective clothing,2,50,0.04,False,False
2024-02,sunscreen,skin aging,2,50,0.04,False,False
2024-02,sunscreen,surveys and questionnaires,2,50,0.04,False,False
2024-02,sunscreen,treatment outcome,2,50,0.04,False,False
2024-02,sunscreen,united states,2,50,0.04,False,False
2024-02,sunscreen,vitamin d,2,50,0.04,False,False
2024-02,sunscreen,vitamin d deficiency,2,50,0.04,False,False
2024-02,sunscreen,acculturation,1,50,0.02,False,False
2024-02,sunscreen,acute kidney injury,1,50,0.02,False,False
2024-02,sunscreen,adenosine triphosphate,1,50,0.02,False,False
2024-02,sunscreen,adolescent,1,50,0.02,False,False
2024-02,sunscreen,alismatales,1,50,0.02,False,False
2024-02,sunscreen,alpha-msh,1,50,0.02,False,False
2024-02,sunscreen,"aneurysm, ruptured",1,50,0.02,False,False
2024-02,sunscreen,aniline compounds,1,50,0.02,False,False
2024-02,sunscreen,apoptosis,1,50,0.02,False,False
2024-02,sunscreen,athletes,1,50,0.02,False,False
2024-02,sunscreen,bacterial proteins,1,50,0.02,False,False
2024-02,sunscreen,biological assay,1,50,0.02,False,False
2024-02,sunscreen,blue light,1,50,0.02,False,False
2024-02,sunscreen,caffeic acids,1,50,0.02,False,False
2024-02,sunscreen,carcinogenesis,1,50,0.02,False,False
2024-02,sunscreen,"carcinoma, squamous cell",1,50,0.02,False,False
2024-02,sunscreen,carvedilol,1,50,0.02,False,False
2024-02,sunscreen,"cell line, tumor",1,50,0.02,False,False
2024-02,sunscreen,cell movement,1,50,0.02,False,False
2024-02,sunscreen,cellulases,1,50,0.02,False,False
2024-02,sunscreen,ceramides,1,50,0.02,False,False
2024-02,sunscreen,chloramines,1,50,0.02,False,False
2024-02,sunscreen,chlorella,1,50,0.02,False,False
2024-02,sunscreen,chlorine,1,50,0.02,False,False
2024-02,sunscreen,chondrus,1,50,0.02,False,False
2024-02,sunscreen,"chromatography, gel",1,50,0.02,False,False
2024-02,sunscreen,cinnamates,1,50,0.02,False,False
2024-02,sunscreen,cinnamomum camphora,1,50,0.02,False,False
2024-02,sunscreen,cisplatin,1,50,0.02,False,False
2024-02,sunscreen,color,1,50,0.02,False,False
2024-02,sunscreen,complex mixtures,1,50,0.02,False,False
2024-02,sunscreen,cosmetics,1,50,0.02,False,False
2024-02,sunscreen,cyanobacteria,1,50,0.02,False,False
2024-02,sunscreen,cyclic amp-dependent protein kinases,1,50,0.02,False,False
2024-02,sunscreen,cysteine,1,50,0.02,False,False
2024-02,sunscreen,cytokines,1,50,0.02,False,False
2024-02,sunscreen,data collection,1,50,0.02,False,False
2024-02,sunscreen,diatoms,1,50,0.02,False,False
2024-02,sunscreen,dimethylpolysiloxanes,1,50,0.02,False,False
2024-02,sunscreen,dinoflagellida,1,50,0.02,False,False
2024-02,sunscreen,"disease models, animal",1,50,0.02,False,False
2024-02,sunscreen,disinfectants,1,50,0.02,False,False
2024-02,sunscreen,disinfection,1,50,0.02,False,False
2024-02,sunscreen,dna damage,1,50,0.02,False,False
2024-02,sunscreen,dna repair,1,50,0.02,False,False
2024-02,sunscreen,emollients,1,50,0.02,False,False
2024-02,sunscreen,emotions,1,50,0.02,False,False
2024-02,sunscreen,emulsions,1,50,0.02,False,False
2024-02,sunscreen,endocrine disruptors,1,50,0.02,False,False
2024-02,sunscreen,epithelial cells,1,50,0.02,False,False
2024-02,sunscreen,erythema,1,50,0.02,False,False
2024-02,sunscreen,estradiol,1,50,0.02,False,False
2024-02,sunscreen,estrogens,1,50,0.02,False,False
2024-02,sunscreen,ethanol,1,50,0.02,False,False
2024-02,sunscreen,exercise,1,50,0.02,False,False
2024-02,sunscreen,exosomes,1,50,0.02,False,False
2024-02,sunscreen,fruit,1,50,0.02,False,False
2024-02,sunscreen,gene expression profiling,1,50,0.02,False,False
2024-02,sunscreen,geologic sediments,1,50,0.02,False,False
2024-02,sunscreen,"germ cells, plant",1,50,0.02,False,False
2024-02,sunscreen,glucosides,1,50,0.02,False,False
2024-02,sunscreen,greece,1,50,0.02,False,False
2024-02,sunscreen,halogenation,1,50,0.02,False,False
2024-02,sunscreen,health communication,1,50,0.02,False,False
2024-02,sunscreen,health personnel,1,50,0.02,False,False
2024-02,sunscreen,heat-shock response,1,50,0.02,False,False
2024-02,sunscreen,hispanic or latino,1,50,0.02,False,False
2024-02,sunscreen,inflammasomes,1,50,0.02,False,False
2024-02,sunscreen,intracranial aneurysm,1,50,0.02,False,False
2024-02,sunscreen,iron,1,50,0.02,False,False
2024-02,sunscreen,italy,1,50,0.02,False,False
2024-02,sunscreen,light-harvesting protein complexes,1,50,0.02,False,False
2024-02,sunscreen,liposomes,1,50,0.02,False,False
2024-02,sunscreen,lutein,1,50,0.02,False,False
2024-02,sunscreen,macular degeneration,1,50,0.02,False,False
2024-02,sunscreen,macular pigment,1,50,0.02,False,False
2024-02,sunscreen,"mammary glands, animal",1,50,0.02,False,False
2024-02,sunscreen,mediterranean sea,1,50,0.02,False,False
2024-02,sunscreen,melanocytes,1,50,0.02,False,False
2024-02,sunscreen,"melanoma, experimental",1,50,0.02,False,False
2024-02,sunscreen,mesalamine,1,50,0.02,False,False
2024-02,sunscreen,"mice, hairless",1,50,0.02,False,False
2024-02,sunscreen,microphthalmia-associated transcription factor,1,50,0.02,False,False
2024-02,sunscreen,monophenol monooxygenase,1,50,0.02,False,False
2024-02,sunscreen,morphogenesis,1,50,0.02,False,False
2024-02,sunscreen,mutation,1,50,0.02,False,False
2024-02,sunscreen,narration,1,50,0.02,False,False
2024-02,sunscreen,natural resources,1,50,0.02,False,False
2024-02,sunscreen,nf-e2-related factor 2,1,50,0.02,False,False
2024-02,sunscreen,niacinamide,1,50,0.02,False,False
2024-02,sunscreen,nitrogen,1,50,0.02,False,False
2024-02,sunscreen,"nlr family, pyrin domain-containing 3 protein",1,50,0.02,False,False
2024-02,sunscreen,north sea,1,50,0.02,False,False
2024-02,sunscreen,nutrition surveys,1,50,0.02,False,False
2024-02,sunscreen,oryza,1,50,0.02,False,False
2024-02,sunscreen,oxidative stress,1,50,0.02,False,False
2024-02,sunscreen,pandemics,1,50,0.02,False,False
2024-02,sunscreen,paraquat,1,50,0.02,False,False
2024-02,sunscreen,persuasive communication,1,50,0.02,False,False
2024-02,sunscreen,pesticides,1,50,0.02,False,False
2024-02,sunscreen,phenformin,1,50,0.02,False,False
2024-02,sunscreen,phoeniceae,1,50,0.02,False,False
2024-02,sunscreen,photoperiod,1,50,0.02,False,False
2024-02,sunscreen,"photoreceptors, plant",1,50,0.02,False,False
2024-02,sunscreen,photosystem i protein complex,1,50,0.02,False,False
2024-02,sunscreen,phytochrome a,1,50,0.02,False,False
2024-02,sunscreen,phytochrome b,1,50,0.02,False,False
2024-02,sunscreen,phytoplankton,1,50,0.02,False,False
2024-02,sunscreen,picea,1,50,0.02,False,False
2024-02,sunscreen,pinus,1,50,0.02,False,False
2024-02,sunscreen,plant leaves,1,50,0.02,False,False
2024-02,sunscreen,plant proteins,1,50,0.02,False,False
2024-02,sunscreen,polychaeta,1,50,0.02,False,False
2024-02,sunscreen,polyphenols,1,50,0.02,False,False
2024-02,sunscreen,"polysaccharides, bacterial",1,50,0.02,False,False
2024-02,sunscreen,pregnancy,1,50,0.02,False,False
2024-02,sunscreen,prevalence,1,50,0.02,False,False
2024-02,sunscreen,propiophenones,1,50,0.02,False,False
2024-02,sunscreen,pyrimidine dimers,1,50,0.02,False,False
2024-02,sunscreen,reactive oxygen species,1,50,0.02,False,False
2024-02,sunscreen,red light,1,50,0.02,False,False
2024-02,sunscreen,reproducibility of results,1,50,0.02,False,False
2024-02,sunscreen,retinoids,1,50,0.02,False,False
2024-02,sunscreen,rhododendron,1,50,0.02,False,False
2024-02,sunscreen,riboflavin,1,50,0.02,False,False
2024-02,sunscreen,risk assessment,1,50,0.02,False,False
2024-02,sunscreen,risk factors,1,50,0.02,False,False
2024-02,sunscreen,"rna, messenger",1,50,0.02,False,False
2024-02,sunscreen,rural population,1,50,0.02,False,False
2024-02,sunscreen,saccharomyces cerevisiae,1,50,0.02,False,False
2024-02,sunscreen,self efficacy,1,50,0.02,False,False
2024-02,sunscreen,self-examination,1,50,0.02,False,False
2024-02,sunscreen,semen,1,50,0.02,False,False
2024-02,sunscreen,sex factors,1,50,0.02,False,False
2024-02,sunscreen,silicones,1,50,0.02,False,False
2024-02,sunscreen,siloxanes,1,50,0.02,False,False
2024-02,sunscreen,skin diseases,1,50,0.02,False,False
2024-02,sunscreen,solanum lycopersicum,1,50,0.02,False,False
2024-02,sunscreen,sperm capacitation,1,50,0.02,False,False
2024-02,sunscreen,sperm motility,1,50,0.02,False,False
2024-02,sunscreen,spermatozoa,1,50,0.02,False,False
2024-02,sunscreen,stramenopiles,1,50,0.02,False,False
2024-02,sunscreen,subarachnoid hemorrhage,1,50,0.02,False,False
2024-02,sunscreen,sunlight,1,50,0.02,False,False
2024-02,sunscreen,sweetening agents,1,50,0.02,False,False
2024-02,sunscreen,swimming,1,50,0.02,False,False
2024-02,sunscreen,swine,1,50,0.02,False,False
2024-02,sunscreen,synechocystis,1,50,0.02,False,False
2024-02,sunscreen,temperature,1,50,0.02,False,False
2024-02,sunscreen,thylakoids,1,50,0.02,False,False
2024-02,sunscreen,titanium,1,50,0.02,False,False
2024-02,sunscreen,transcriptome,1,50,0.02,False,False
2024-02,sunscreen,tyrosine,1,50,0.02,False,False
2024-02,sunscreen,ultrasonics,1,50,0.02,False,False
2024-02,sunscreen,vitamins,1,50,0.02,False,False
2024-02,sunscreen,volleyball,1,50,0.02,False,False
2024-02,sunscreen,water purification,1,50,0.02,False,False
2024-02,sunscreen,whey proteins,1,50,0.02,False,False
2024-02,sunscreen,xeroderma pigmentosum,1,50,0.02,False,False
2024-02,sunscreen,young adult,1,50,0.02,False,False
2024-02,sunscreen,zanthoxylum,1,50,0.02,False,False
2024-02,sunscreen,zeaxanthins,1,50,0.02,False,False
2024-02,sunscreen,zebrafish,1,50,0.02,False,False
2024-02,sunscreen,zinc oxide,1,50,0.02,False,False
2024-03,sunscreen,humans,19,54,0.351852,False,False
2024-03,sunscreen,sunscreening agents,12,54,0.222222,False,False
2024-03,sunscreen,animals,11,54,0.203704,False,False
2024-03,sunscreen,ultraviolet rays,11,54,0.203704,False,False
2024-03,sunscreen,carotenoids,6,54,0.111111,False,False
2024-03,sunscreen,photosynthesis,6,54,0.111111,False,False
2024-03,sunscreen,benzophenones,5,54,0.092593,False,False
2024-03,sunscreen,chlorophyll,5,54,0.092593,False,False
2024-03,sunscreen,female,5,54,0.092593,False,False
2024-03,sunscreen,mice,5,54,0.092593,False,False
2024-03,sunscreen,skin,5,54,0.092593,False,False
2024-03,sunscreen,bacterial proteins,4,54,0.074074,False,False
2024-03,sunscreen,light,4,54,0.074074,False,False
2024-03,sunscreen,skin neoplasms,4,54,0.074074,False,False
2024-03,sunscreen,antioxidants,3,54,0.055556,False,False
2024-03,sunscreen,ecosystem,3,54,0.055556,False,False
2024-03,sunscreen,male,3,54,0.055556,False,False
2024-03,sunscreen,photosystem ii protein complex,3,54,0.055556,False,False
2024-03,sunscreen,phytochemicals,3,54,0.055556,False,False
2024-03,sunscreen,plant extracts,3,54,0.055556,False,False
2024-03,sunscreen,plant leaves,3,54,0.055556,False,False
2024-03,sunscreen,"administration, cutaneous",2,54,0.037037,False,False
2024-03,sunscreen,adolescent,2,54,0.037037,False,False
2024-03,sunscreen,anthozoa,2,54,0.037037,False,False
2024-03,sunscreen,arabidopsis,2,54,0.037037,False,False
2024-03,sunscreen,arabidopsis proteins,2,54,0.037037,False,False
2024-03,sunscreen,bacteriochlorophylls,2,54,0.037037,False,False
2024-03,sunscreen,canthaxanthin,2,54,0.037037,False,False
2024-03,sunscreen,catechin,2,54,0.037037,False,False
2024-03,sunscreen,coral reefs,2,54,0.037037,False,False
2024-03,sunscreen,cross-sectional studies,2,54,0.037037,False,False
2024-03,sunscreen,dinoflagellida,2,54,0.037037,False,False
2024-03,sunscreen,dna repair,2,54,0.037037,False,False
2024-03,sunscreen,light-harvesting protein complexes,2,54,0.037037,False,False
2024-03,sunscreen,melanoma,2,54,0.037037,False,False
2024-03,sunscreen,molecular docking simulation,2,54,0.037037,False,False
2024-03,sunscreen,nanoparticles,2,54,0.037037,False,False
2024-03,sunscreen,pregnancy,2,54,0.037037,False,False
2024-03,sunscreen,reactive oxygen species,2,54,0.037037,False,False
2024-03,sunscreen,students,2,54,0.037037,False,False
2024-03,sunscreen,sunlight,2,54,0.037037,False,False
2024-03,sunscreen,tandem mass spectrometry,2,54,0.037037,False,False
2024-03,sunscreen,"water pollutants, chemical",2,54,0.037037,False,False
2024-03,sunscreen,1-butanol,1,54,0.018519,False,False
2024-03,sunscreen,11-beta-hydroxysteroid dehydrogenase type 1,1,54,0.018519,False,False
2024-03,sunscreen,acetates,1,54,0.018519,False,False
2024-03,sunscreen,acetone,1,54,0.018519,False,False
2024-03,sunscreen,acne vulgaris,1,54,0.018519,False,False
2024-03,sunscreen,"adaptation, physiological",1,54,0.018519,False,False
2024-03,sunscreen,"administration, topical",1,54,0.018519,False,False
2024-03,sunscreen,adsorption,1,54,0.018519,False,False
2024-03,sunscreen,adult,1,54,0.018519,False,False
2024-03,sunscreen,aged,1,54,0.018519,False,False
2024-03,sunscreen,aging,1,54,0.018519,False,False
2024-03,sunscreen,amino acid substitution,1,54,0.018519,False,False
2024-03,sunscreen,amino acids,1,54,0.018519,False,False
2024-03,sunscreen,anabaena,1,54,0.018519,False,False
2024-03,sunscreen,annona,1,54,0.018519,False,False
2024-03,sunscreen,anthocyanins,1,54,0.018519,False,False
2024-03,sunscreen,anti-bacterial agents,1,54,0.018519,False,False
2024-03,sunscreen,antiporters,1,54,0.018519,False,False
2024-03,sunscreen,aquatic organisms,1,54,0.018519,False,False
2024-03,sunscreen,artificial intelligence,1,54,0.018519,False,False
2024-03,sunscreen,autophagy,1,54,0.018519,False,False
2024-03,sunscreen,bacteria,1,54,0.018519,False,False
2024-03,sunscreen,bacteriochlorophyll a,1,54,0.018519,False,False
2024-03,sunscreen,"behavior, animal",1,54,0.018519,False,False
2024-03,sunscreen,biological monitoring,1,54,0.018519,False,False
2024-03,sunscreen,biomass,1,54,0.018519,False,False
2024-03,sunscreen,blastocyst,1,54,0.018519,False,False
2024-03,sunscreen,blue light,1,54,0.018519,False,False
2024-03,sunscreen,bombyx,1,54,0.018519,False,False
2024-03,sunscreen,calcifediol,1,54,0.018519,False,False
2024-03,sunscreen,"camelids, new world",1,54,0.018519,False,False
2024-03,sunscreen,"carcinoma, squamous cell",1,54,0.018519,False,False
2024-03,sunscreen,cell line,1,54,0.018519,False,False
2024-03,sunscreen,"cell line, tumor",1,54,0.018519,False,False
2024-03,sunscreen,cell movement,1,54,0.018519,False,False
2024-03,sunscreen,cell survival,1,54,0.018519,False,False
2024-03,sunscreen,china,1,54,0.018519,False,False
2024-03,sunscreen,chloroflexi,1,54,0.018519,False,False
2024-03,sunscreen,chloroflexus,1,54,0.018519,False,False
2024-03,sunscreen,chlorophyceae,1,54,0.018519,False,False
2024-03,sunscreen,chlorophyll a,1,54,0.018519,False,False
2024-03,sunscreen,chloroplasts,1,54,0.018519,False,False
2024-03,sunscreen,cholinesterase inhibitors,1,54,0.018519,False,False
2024-03,sunscreen,cistus,1,54,0.018519,False,False
2024-03,sunscreen,cyanobacteria,1,54,0.018519,False,False
2024-03,sunscreen,cyclopentanes,1,54,0.018519,False,False
2024-03,sunscreen,daphnia,1,54,0.018519,False,False
2024-03,sunscreen,daphnia magna,1,54,0.018519,False,False
2024-03,sunscreen,delayed-action preparations,1,54,0.018519,False,False
2024-03,sunscreen,dermatologic agents,1,54,0.018519,False,False
2024-03,sunscreen,diet,1,54,0.018519,False,False
2024-03,sunscreen,diospyros,1,54,0.018519,False,False
2024-03,sunscreen,disinformation,1,54,0.018519,False,False
2024-03,sunscreen,dna,1,54,0.018519,False,False
2024-03,sunscreen,dna damage,1,54,0.018519,False,False
2024-03,sunscreen,dna-(apurinic or apyrimidinic site) lyase,1,54,0.018519,False,False
2024-03,sunscreen,edible seaweeds,1,54,0.018519,False,False
2024-03,sunscreen,electron transport,1,54,0.018519,False,False
2024-03,sunscreen,ellagic acid,1,54,0.018519,False,False
2024-03,sunscreen,embryo implantation,1,54,0.018519,False,False
2024-03,sunscreen,enzyme inhibitors,1,54,0.018519,False,False
2024-03,sunscreen,exercise,1,54,0.018519,False,False
2024-03,sunscreen,fatigue,1,54,0.018519,False,False
2024-03,sunscreen,fertility,1,54,0.018519,False,False
2024-03,sunscreen,fibroins,1,54,0.018519,False,False
2024-03,sunscreen,fluorescence,1,54,0.018519,False,False
2024-03,sunscreen,fluorouracil,1,54,0.018519,False,False
2024-03,sunscreen,free radicals,1,54,0.018519,False,False
2024-03,sunscreen,fruit,1,54,0.018519,False,False
2024-03,sunscreen,gallic acid,1,54,0.018519,False,False
2024-03,sunscreen,gene expression profiling,1,54,0.018519,False,False
2024-03,sunscreen,health behavior,1,54,0.018519,False,False
2024-03,sunscreen,"health knowledge, attitudes, practice",1,54,0.018519,False,False
2024-03,sunscreen,hydroxybenzoates,1,54,0.018519,False,False
2024-03,sunscreen,hyperplasia,1,54,0.018519,False,False
2024-03,sunscreen,invertebrates,1,54,0.018519,False,False
2024-03,sunscreen,iran,1,54,0.018519,False,False
2024-03,sunscreen,isomerism,1,54,0.018519,False,False
2024-03,sunscreen,isoquinolines,1,54,0.018519,False,False
2024-03,sunscreen,kaempferols,1,54,0.018519,False,False
2024-03,sunscreen,keratinocytes,1,54,0.018519,False,False
2024-03,sunscreen,"keratosis, actinic",1,54,0.018519,False,False
2024-03,sunscreen,language,1,54,0.018519,False,False
2024-03,sunscreen,life style,1,54,0.018519,False,False
2024-03,sunscreen,liposomes,1,54,0.018519,False,False
2024-03,sunscreen,logistic models,1,54,0.018519,False,False
2024-03,sunscreen,"lupus erythematosus, systemic",1,54,0.018519,False,False
2024-03,sunscreen,maternal exposure,1,54,0.018519,False,False
2024-03,sunscreen,melanocytes,1,54,0.018519,False,False
2024-03,sunscreen,"mice, hairless",1,54,0.018519,False,False
2024-03,sunscreen,"mice, inbred c57bl",1,54,0.018519,False,False
2024-03,sunscreen,microalgae,1,54,0.018519,False,False
2024-03,sunscreen,microplastics,1,54,0.018519,False,False
2024-03,sunscreen,microspheres,1,54,0.018519,False,False
2024-03,sunscreen,middle aged,1,54,0.018519,False,False
2024-03,sunscreen,mobile applications,1,54,0.018519,False,False
2024-03,sunscreen,monophenol monooxygenase,1,54,0.018519,False,False
2024-03,sunscreen,multiomics,1,54,0.018519,False,False
2024-03,sunscreen,nitrogen,1,54,0.018519,False,False
2024-03,sunscreen,"nuclear receptor subfamily 1, group d, member 1",1,54,0.018519,False,False
2024-03,sunscreen,oocytes,1,54,0.018519,False,False
2024-03,sunscreen,oxidation-reduction,1,54,0.018519,False,False
2024-03,sunscreen,oxidative stress,1,54,0.018519,False,False
2024-03,sunscreen,oxylipins,1,54,0.018519,False,False
2024-03,sunscreen,pakistan,1,54,0.018519,False,False
2024-03,sunscreen,particle size,1,54,0.018519,False,False
2024-03,sunscreen,phenotype,1,54,0.018519,False,False
2024-03,sunscreen,phosphatidylcholines,1,54,0.018519,False,False
2024-03,sunscreen,photons,1,54,0.018519,False,False
2024-03,sunscreen,phototherapy,1,54,0.018519,False,False
2024-03,sunscreen,phycobilisomes,1,54,0.018519,False,False
2024-03,sunscreen,"plant components, aerial",1,54,0.018519,False,False
2024-03,sunscreen,plastics,1,54,0.018519,False,False
2024-03,sunscreen,polyethylene,1,54,0.018519,False,False
2024-03,sunscreen,polyphenols,1,54,0.018519,False,False
2024-03,sunscreen,polyps,1,54,0.018519,False,False
2024-03,sunscreen,population dynamics,1,54,0.018519,False,False
2024-03,sunscreen,pregnancy complications,1,54,0.018519,False,False
2024-03,sunscreen,"pregnancy, unplanned",1,54,0.018519,False,False
2024-03,sunscreen,prenatal exposure delayed effects,1,54,0.018519,False,False
2024-03,sunscreen,prevalence,1,54,0.018519,False,False
2024-03,sunscreen,protein domains,1,54,0.018519,False,False
2024-03,sunscreen,protons,1,54,0.018519,False,False
2024-03,sunscreen,quality of life,1,54,0.018519,False,False
2024-03,sunscreen,quercetin,1,54,0.018519,False,False
2024-03,sunscreen,quinic acid,1,54,0.018519,False,False
2024-03,sunscreen,radiation-protective agents,1,54,0.018519,False,False
2024-03,sunscreen,randomized controlled trials as topic,1,54,0.018519,False,False
2024-03,sunscreen,rats,1,54,0.018519,False,False
2024-03,sunscreen,"receptor, melanocortin, type 1",1,54,0.018519,False,False
2024-03,sunscreen,retinoids,1,54,0.018519,False,False
2024-03,sunscreen,rhodophyta,1,54,0.018519,False,False
2024-03,sunscreen,rosaceae,1,54,0.018519,False,False
2024-03,sunscreen,rutaceae,1,54,0.018519,False,False
2024-03,sunscreen,rutin,1,54,0.018519,False,False
2024-03,sunscreen,saccharum,1,54,0.018519,False,False
2024-03,sunscreen,salicylates,1,54,0.018519,False,False
2024-03,sunscreen,schools,1,54,0.018519,False,False
2024-03,sunscreen,seasons,1,54,0.018519,False,False
2024-03,sunscreen,seaweed,1,54,0.018519,False,False
2024-03,sunscreen,"serum albumin, bovine",1,54,0.018519,False,False
2024-03,sunscreen,signal transduction,1,54,0.018519,False,False
2024-03,sunscreen,silicon dioxide,1,54,0.018519,False,False
2024-03,sunscreen,silk,1,54,0.018519,False,False
2024-03,sunscreen,singlet oxygen,1,54,0.018519,False,False
2024-03,sunscreen,skin aging,1,54,0.018519,False,False
2024-03,sunscreen,skin pigmentation,1,54,0.018519,False,False
2024-03,sunscreen,solvents,1,54,0.018519,False,False
2024-03,sunscreen,southeast asian people,1,54,0.018519,False,False
2024-03,sunscreen,species specificity,1,54,0.018519,False,False
2024-03,sunscreen,structure-activity relationship,1,54,0.018519,False,False
2024-03,sunscreen,surveys and questionnaires,1,54,0.018519,False,False
2024-03,sunscreen,swine,1,54,0.018519,False,False
2024-03,sunscreen,symbiosis,1,54,0.018519,False,False
2024-03,sunscreen,tannins,1,54,0.018519,False,False
2024-03,sunscreen,thiophenes,1,54,0.018519,False,False
2024-03,sunscreen,thumb,1,54,0.018519,False,False
2024-03,sunscreen,thylakoids,1,54,0.018519,False,False
2024-03,sunscreen,titanium,1,54,0.018519,False,False
2024-03,sunscreen,tor serine-threonine kinases,1,54,0.018519,False,False
2024-03,sunscreen,toxicokinetics,1,54,0.018519,False,False
2024-03,sunscreen,transcriptome,1,54,0.018519,False,False
2024-03,sunscreen,trophoblasts,1,54,0.018519,False,False
2024-03,sunscreen,universities,1,54,0.018519,False,False
2024-03,sunscreen,vitamin a,1,54,0.018519,False,False
2024-03,sunscreen,vitamin d,1,54,0.018519,False,False
2024-03,sunscreen,vitamin d deficiency,1,54,0.018519,False,False
2024-03,sunscreen,vitamins,1,54,0.018519,False,False
2024-03,sunscreen,water,1,54,0.018519,False,False
2024-03,sunscreen,xanthophylls,1,54,0.018519,False,False
2024-03,sunscreen,young adult,1,54,0.018519,False,False
2024-04,sunscreen,humans,17,35,0.485714,True,False
2024-04,sunscreen,sunscreening agents,12,35,0.342857,True,False
2024-04,sunscreen,ultraviolet rays,7,35,0.2,True,False
2024-04,sunscreen,female,5,35,0.142857,True,False
2024-04,sunscreen,adult,4,35,0.114286,True,False
2024-04,sunscreen,antioxidants,4,35,0.114286,True,False
2024-04,sunscreen,male,4,35,0.114286,True,False
2024-04,sunscreen,photosynthesis,4,35,0.114286,True,False
2024-04,sunscreen,skin,4,35,0.114286,True,False
2024-04,sunscreen,young adult,4,35,0.114286,True,False
2024-04,sunscreen,adolescent,3,35,0.085714,True,False
2024-04,sunscreen,animals,3,35,0.085714,True,False
2024-04,sunscreen,chlorophyll,3,35,0.085714,True,False
2024-04,sunscreen,chlorophyll a,3,35,0.085714,True,False
2024-04,sunscreen,plant extracts,3,35,0.085714,True,False
2024-04,sunscreen,plant leaves,3,35,0.085714,True,False
2024-04,sunscreen,skin neoplasms,3,35,0.085714,True,False
2024-04,sunscreen,skin pigmentation,3,35,0.085714,True,False
2024-04,sunscreen,acrylates,2,35,0.057143,True,False
2024-04,sunscreen,carotenoids,2,35,0.057143,True,False
2024-04,sunscreen,diatoms,2,35,0.057143,True,False
2024-04,sunscreen,double-blind method,2,35,0.057143,True,False
2024-04,sunscreen,ecosystem,2,35,0.057143,True,False
2024-04,sunscreen,fluorescence,2,35,0.057143,True,False
2024-04,sunscreen,light,2,35,0.057143,True,False
2024-04,sunscreen,melanins,2,35,0.057143,True,False
2024-04,sunscreen,middle aged,2,35,0.057143,True,False
2024-04,sunscreen,mutation,2,35,0.057143,True,False
2024-04,sunscreen,oxidoreductases,2,35,0.057143,True,False
2024-04,sunscreen,severity of illness index,2,35,0.057143,True,False
2024-04,sunscreen,skin aging,2,35,0.057143,True,False
2024-04,sunscreen,skin care,2,35,0.057143,True,False
2024-04,sunscreen,tea,2,35,0.057143,True,False
2024-04,sunscreen,treatment outcome,2,35,0.057143,True,False
2024-04,sunscreen,united states,2,35,0.057143,True,False
2024-04,sunscreen,acids,1,35,0.028571,True,False
2024-04,sunscreen,acne vulgaris,1,35,0.028571,True,False
2024-04,sunscreen,"administration, cutaneous",1,35,0.028571,True,False
2024-04,sunscreen,advisory committees,1,35,0.028571,True,False
2024-04,sunscreen,aged,1,35,0.028571,True,False
2024-04,sunscreen,amino acids,1,35,0.028571,True,False
2024-04,sunscreen,arabidopsis,1,35,0.028571,True,False
2024-04,sunscreen,arabidopsis proteins,1,35,0.028571,True,False
2024-04,sunscreen,asian,1,35,0.028571,True,False
2024-04,sunscreen,benzophenones,1,35,0.028571,True,False
2024-04,sunscreen,biological products,1,35,0.028571,True,False
2024-04,sunscreen,camellia sinensis,1,35,0.028571,True,False
2024-04,sunscreen,carbon radioisotopes,1,35,0.028571,True,False
2024-04,sunscreen,catalysis,1,35,0.028571,True,False
2024-04,sunscreen,chlorophyta,1,35,0.028571,True,False
2024-04,sunscreen,chloroplasts,1,35,0.028571,True,False
2024-04,sunscreen,cinnamates,1,35,0.028571,True,False
2024-04,sunscreen,communication,1,35,0.028571,True,False
2024-04,sunscreen,cosmetics,1,35,0.028571,True,False
2024-04,sunscreen,coumaric acids,1,35,0.028571,True,False
2024-04,sunscreen,crispr-cas systems,1,35,0.028571,True,False
2024-04,sunscreen,"crops, agricultural",1,35,0.028571,True,False
2024-04,sunscreen,delphi technique,1,35,0.028571,True,False
2024-04,sunscreen,dermatologic agents,1,35,0.028571,True,False
2024-04,sunscreen,drug synergism,1,35,0.028571,True,False
2024-04,sunscreen,"drugs, chinese herbal",1,35,0.028571,True,False
2024-04,sunscreen,edible seaweeds,1,35,0.028571,True,False
2024-04,sunscreen,educational status,1,35,0.028571,True,False
2024-04,sunscreen,electron spin resonance spectroscopy,1,35,0.028571,True,False
2024-04,sunscreen,electron transport,1,35,0.028571,True,False
2024-04,sunscreen,enzyme inhibitors,1,35,0.028571,True,False
2024-04,sunscreen,erythema,1,35,0.028571,True,False
2024-04,sunscreen,ethnic and racial minorities,1,35,0.028571,True,False
2024-04,sunscreen,exercise,1,35,0.028571,True,False
2024-04,sunscreen,exercise therapy,1,35,0.028571,True,False
2024-04,sunscreen,flowers,1,35,0.028571,True,False
2024-04,sunscreen,fluoxetine,1,35,0.028571,True,False
2024-04,sunscreen,gels,1,35,0.028571,True,False
2024-04,sunscreen,gene expression,1,35,0.028571,True,False
2024-04,sunscreen,gene knockout techniques,1,35,0.028571,True,False
2024-04,sunscreen,glycine,1,35,0.028571,True,False
2024-04,sunscreen,hacat cells,1,35,0.028571,True,False
2024-04,sunscreen,hair follicle,1,35,0.028571,True,False
2024-04,sunscreen,health behavior,1,35,0.028571,True,False
2024-04,sunscreen,health communication,1,35,0.028571,True,False
2024-04,sunscreen,"health knowledge, attitudes, practice",1,35,0.028571,True,False
2024-04,sunscreen,health promotion,1,35,0.028571,True,False
2024-04,sunscreen,hyperpigmentation,1,35,0.028571,True,False
2024-04,sunscreen,in vitro techniques,1,35,0.028571,True,False
2024-04,sunscreen,intention,1,35,0.028571,True,False
2024-04,sunscreen,introduced species,1,35,0.028571,True,False
2024-04,sunscreen,isoniazid,1,35,0.028571,True,False
2024-04,sunscreen,keratinocytes,1,35,0.028571,True,False
2024-04,sunscreen,lignin,1,35,0.028571,True,False
2024-04,sunscreen,lonicera,1,35,0.028571,True,False
2024-04,sunscreen,"lupus erythematosus, systemic",1,35,0.028571,True,False
2024-04,sunscreen,melanocytes,1,35,0.028571,True,False
2024-04,sunscreen,melanoma,1,35,0.028571,True,False
2024-04,sunscreen,melanosis,1,35,0.028571,True,False
2024-04,sunscreen,membrane glycoproteins,1,35,0.028571,True,False
2024-04,sunscreen,metalloendopeptidases,1,35,0.028571,True,False
2024-04,sunscreen,microalgae,1,35,0.028571,True,False
2024-04,sunscreen,micrornas,1,35,0.028571,True,False
2024-04,sunscreen,"models, biological",1,35,0.028571,True,False
2024-04,sunscreen,"models, theoretical",1,35,0.028571,True,False
2024-04,sunscreen,molecular docking simulation,1,35,0.028571,True,False
2024-04,sunscreen,molecular dynamics simulation,1,35,0.028571,True,False
2024-04,sunscreen,nanoparticles,1,35,0.028571,True,False
2024-04,sunscreen,"neoplasms, radiation-induced",1,35,0.028571,True,False
2024-04,sunscreen,nitrates,1,35,0.028571,True,False
2024-04,sunscreen,nitrogen,1,35,0.028571,True,False
2024-04,sunscreen,nutrition surveys,1,35,0.028571,True,False
2024-04,sunscreen,oxidation-reduction,1,35,0.028571,True,False
2024-04,sunscreen,oxidative stress,1,35,0.028571,True,False
2024-04,sunscreen,patents as topic,1,35,0.028571,True,False
2024-04,sunscreen,patient satisfaction,1,35,0.028571,True,False
2024-04,sunscreen,personal satisfaction,1,35,0.028571,True,False
2024-04,sunscreen,pharmaceutical preparations,1,35,0.028571,True,False
2024-04,sunscreen,phenotype,1,35,0.028571,True,False
2024-04,sunscreen,photosystem ii protein complex,1,35,0.028571,True,False
2024-04,sunscreen,phylogeny,1,35,0.028571,True,False
2024-04,sunscreen,pigmentation,1,35,0.028571,True,False
2024-04,sunscreen,polyphenols,1,35,0.028571,True,False
2024-04,sunscreen,prosopis,1,35,0.028571,True,False
2024-04,sunscreen,protein binding,1,35,0.028571,True,False
2024-04,sunscreen,protein precursors,1,35,0.028571,True,False
2024-04,sunscreen,quality of life,1,35,0.028571,True,False
2024-04,sunscreen,reactive oxygen species,1,35,0.028571,True,False
2024-04,sunscreen,regenerative medicine,1,35,0.028571,True,False
2024-04,sunscreen,reproduction,1,35,0.028571,True,False
2024-04,sunscreen,retinoids,1,35,0.028571,True,False
2024-04,sunscreen,risk factors,1,35,0.028571,True,False
2024-04,sunscreen,rotifera,1,35,0.028571,True,False
2024-04,sunscreen,rural population,1,35,0.028571,True,False
2024-04,sunscreen,salt stress,1,35,0.028571,True,False
2024-04,sunscreen,salt-tolerant plants,1,35,0.028571,True,False
2024-04,sunscreen,seasons,1,35,0.028571,True,False
2024-04,sunscreen,seaweed,1,35,0.028571,True,False
2024-04,sunscreen,sex factors,1,35,0.028571,True,False
2024-04,sunscreen,singlet oxygen,1,35,0.028571,True,False
2024-04,sunscreen,skin absorption,1,35,0.028571,True,False
2024-04,sunscreen,skin cream,1,35,0.028571,True,False
2024-04,sunscreen,skin diseases,1,35,0.028571,True,False
2024-04,sunscreen,social media,1,35,0.028571,True,False
2024-04,sunscreen,solanum lycopersicum,1,35,0.028571,True,False
2024-04,sunscreen,spin trapping,1,35,0.028571,True,False
2024-04,sunscreen,spinacia oleracea,1,35,0.028571,True,False
2024-04,sunscreen,sun protection factor,1,35,0.028571,True,False
2024-04,sunscreen,sunburn,1,35,0.028571,True,False
2024-04,sunscreen,sunlight,1,35,0.028571,True,False
2024-04,sunscreen,surveys and questionnaires,1,35,0.028571,True,False
2024-04,sunscreen,temperature,1,35,0.028571,True,False
2024-04,sunscreen,thylakoids,1,35,0.028571,True,False
2024-04,sunscreen,titanium,1,35,0.028571,True,False
2024-04,sunscreen,tracheophyta,1,35,0.028571,True,False
2024-04,sunscreen,ulva,1,35,0.028571,True,False
2024-04,sunscreen,vaccines,1,35,0.028571,True,False
2024-04,sunscreen,vitamin a,1,35,0.028571,True,False
2024-04,sunscreen,"water pollutants, chemical",1,35,0.028571,True,False
2024-04,sunscreen,xanthophylls,1,35,0.028571,True,False
2024-05,sunscreen,humans,29,66,0.439394,False,False
2024-05,sunscreen,sunscreening agents,27,66,0.409091,False,False
2024-05,sunscreen,ultraviolet rays,18,66,0.272727,False,False
2024-05,sunscreen,female,14,66,0.212121,False,False
2024-05,sunscreen,male,13,66,0.19697,False,False
2024-05,sunscreen,photosynthesis,10,66,0.151515,False,False
2024-05,sunscreen,sunlight,9,66,0.136364,False,False
2024-05,sunscreen,adult,8,66,0.121212,False,False
2024-05,sunscreen,middle aged,8,66,0.121212,False,False
2024-05,sunscreen,adolescent,7,66,0.106061,False,False
2024-05,sunscreen,animals,7,66,0.106061,False,False
2024-05,sunscreen,light,7,66,0.106061,False,False
2024-05,sunscreen,skin neoplasms,7,66,0.106061,False,False
2024-05,sunscreen,young adult,7,66,0.106061,False,False
2024-05,sunscreen,aged,6,66,0.090909,False,False
2024-05,sunscreen,surveys and questionnaires,6,66,0.090909,False,False
2024-05,sunscreen,chlorophyll,5,66,0.075758,False,False
2024-05,sunscreen,"health knowledge, attitudes, practice",5,66,0.075758,False,False
2024-05,sunscreen,skin,5,66,0.075758,False,False
2024-05,sunscreen,sunburn,5,66,0.075758,False,False
2024-05,sunscreen,carotenoids,4,66,0.060606,False,False
2024-05,sunscreen,cross-sectional studies,4,66,0.060606,False,False
2024-05,sunscreen,nanoparticles,4,66,0.060606,False,False
2024-05,sunscreen,photosystem ii protein complex,4,66,0.060606,False,False
2024-05,sunscreen,skin aging,4,66,0.060606,False,False
2024-05,sunscreen,skin pigmentation,4,66,0.060606,False,False
2024-05,sunscreen,united states,4,66,0.060606,False,False
2024-05,sunscreen,amino acids,3,66,0.045455,False,False
2024-05,sunscreen,antioxidants,3,66,0.045455,False,False
2024-05,sunscreen,arabidopsis,3,66,0.045455,False,False
2024-05,sunscreen,benzophenones,3,66,0.045455,False,False
2024-05,sunscreen,chloroplasts,3,66,0.045455,False,False
2024-05,sunscreen,"gene expression regulation, plant",3,66,0.045455,False,False
2024-05,sunscreen,health behavior,3,66,0.045455,False,False
2024-05,sunscreen,melanins,3,66,0.045455,False,False
2024-05,sunscreen,nanotechnology,3,66,0.045455,False,False
2024-05,sunscreen,plant leaves,3,66,0.045455,False,False
2024-05,sunscreen,"water pollutants, chemical",3,66,0.045455,False,False
2024-05,sunscreen,acclimatization,2,66,0.030303,False,False
2024-05,sunscreen,arabidopsis proteins,2,66,0.030303,False,False
2024-05,sunscreen,carbon dioxide,2,66,0.030303,False,False
2024-05,sunscreen,child,2,66,0.030303,False,False
2024-05,sunscreen,chlamydomonas reinhardtii,2,66,0.030303,False,False
2024-05,sunscreen,cosmetics,2,66,0.030303,False,False
2024-05,sunscreen,cyanobacteria,2,66,0.030303,False,False
2024-05,sunscreen,diatoms,2,66,0.030303,False,False
2024-05,sunscreen,electron transport,2,66,0.030303,False,False
2024-05,sunscreen,europe,2,66,0.030303,False,False
2024-05,sunscreen,hydrogen peroxide,2,66,0.030303,False,False
2024-05,sunscreen,hyperpigmentation,2,66,0.030303,False,False
2024-05,sunscreen,incidence,2,66,0.030303,False,False
2024-05,sunscreen,light-harvesting protein complexes,2,66,0.030303,False,False
2024-05,sunscreen,lung neoplasms,2,66,0.030303,False,False
2024-05,sunscreen,plant proteins,2,66,0.030303,False,False
2024-05,sunscreen,risk factors,2,66,0.030303,False,False
2024-05,sunscreen,signal transduction,2,66,0.030303,False,False
2024-05,sunscreen,sunbathing,2,66,0.030303,False,False
2024-05,sunscreen,thylakoids,2,66,0.030303,False,False
2024-05,sunscreen,treatment outcome,2,66,0.030303,False,False
2024-05,sunscreen,vitamin d,2,66,0.030303,False,False
2024-05,sunscreen,xanthophylls,2,66,0.030303,False,False
2024-05,sunscreen,zinc oxide,2,66,0.030303,False,False
2024-05,sunscreen,acne vulgaris,1,66,0.015152,False,False
2024-05,sunscreen,acrylamides,1,66,0.015152,False,False
2024-05,sunscreen,acrylates,1,66,0.015152,False,False
2024-05,sunscreen,"administration, topical",1,66,0.015152,False,False
2024-05,sunscreen,"aged, 80 and over",1,66,0.015152,False,False
2024-05,sunscreen,aging,1,66,0.015152,False,False
2024-05,sunscreen,alcohol drinking,1,66,0.015152,False,False
2024-05,sunscreen,algorithms,1,66,0.015152,False,False
2024-05,sunscreen,alopecia,1,66,0.015152,False,False
2024-05,sunscreen,ambulatory surgical procedures,1,66,0.015152,False,False
2024-05,sunscreen,animal feed,1,66,0.015152,False,False
2024-05,sunscreen,anion transport proteins,1,66,0.015152,False,False
2024-05,sunscreen,anthocyanins,1,66,0.015152,False,False
2024-05,sunscreen,antineoplastic agents,1,66,0.015152,False,False
2024-05,sunscreen,aquaculture,1,66,0.015152,False,False
2024-05,sunscreen,ascorbic acid,1,66,0.015152,False,False
2024-05,sunscreen,bacterial proteins,1,66,0.015152,False,False
2024-05,sunscreen,bathing beaches,1,66,0.015152,False,False
2024-05,sunscreen,biomarkers,1,66,0.015152,False,False
2024-05,sunscreen,biosynthetic pathways,1,66,0.015152,False,False
2024-05,sunscreen,black or african american,1,66,0.015152,False,False
2024-05,sunscreen,blue light,1,66,0.015152,False,False
2024-05,sunscreen,caenorhabditis elegans,1,66,0.015152,False,False
2024-05,sunscreen,caenorhabditis elegans proteins,1,66,0.015152,False,False
2024-05,sunscreen,canada,1,66,0.015152,False,False
2024-05,sunscreen,"carcinoma, non-small-cell lung",1,66,0.015152,False,False
2024-05,sunscreen,"cells, cultured",1,66,0.015152,False,False
2024-05,sunscreen,"child, preschool",1,66,0.015152,False,False
2024-05,sunscreen,chlamydomonas,1,66,0.015152,False,False
2024-05,sunscreen,chlorella,1,66,0.015152,False,False
2024-05,sunscreen,chlorhexidine,1,66,0.015152,False,False
2024-05,sunscreen,chlorophyll a,1,66,0.015152,False,False
2024-05,sunscreen,"chromatography, high pressure liquid",1,66,0.015152,False,False
2024-05,sunscreen,cinnamates,1,66,0.015152,False,False
2024-05,sunscreen,clinical studies as topic,1,66,0.015152,False,False
2024-05,sunscreen,collagen type i,1,66,0.015152,False,False
2024-05,sunscreen,color,1,66,0.015152,False,False
2024-05,sunscreen,creatinine,1,66,0.015152,False,False
2024-05,sunscreen,cyclohexylamines,1,66,0.015152,False,False
2024-05,sunscreen,cytochrome p-450 enzyme system,1,66,0.015152,False,False
2024-05,sunscreen,delphi technique,1,66,0.015152,False,False
2024-05,sunscreen,dermatologic surgical procedures,1,66,0.015152,False,False
2024-05,sunscreen,diabetes mellitus,1,66,0.015152,False,False
2024-05,sunscreen,dietary supplements,1,66,0.015152,False,False
2024-05,sunscreen,dihydroxyphenylalanine,1,66,0.015152,False,False
2024-05,sunscreen,disease management,1,66,0.015152,False,False
2024-05,sunscreen,"disease models, animal",1,66,0.015152,False,False
2024-05,sunscreen,disinfectants,1,66,0.015152,False,False
2024-05,sunscreen,drug eruptions,1,66,0.015152,False,False
2024-05,sunscreen,ecosystem,1,66,0.015152,False,False
2024-05,sunscreen,ecotype,1,66,0.015152,False,False
2024-05,sunscreen,elastomers,1,66,0.015152,False,False
2024-05,sunscreen,endocrine disruptors,1,66,0.015152,False,False
2024-05,sunscreen,energy transfer,1,66,0.015152,False,False
2024-05,sunscreen,erbb receptors,1,66,0.015152,False,False
2024-05,sunscreen,erythema,1,66,0.015152,False,False
2024-05,sunscreen,ethnicity,1,66,0.015152,False,False
2024-05,sunscreen,evidence-based medicine,1,66,0.015152,False,False
2024-05,sunscreen,"evolution, molecular",1,66,0.015152,False,False
2024-05,sunscreen,face,1,66,0.015152,False,False
2024-05,sunscreen,farnesyltranstransferase,1,66,0.015152,False,False
2024-05,sunscreen,fibroblasts,1,66,0.015152,False,False
2024-05,sunscreen,filaggrin proteins,1,66,0.015152,False,False
2024-05,sunscreen,flavonols,1,66,0.015152,False,False
2024-05,sunscreen,forkhead transcription factors,1,66,0.015152,False,False
2024-05,sunscreen,geranylgeranyl-diphosphate geranylgeranyltransferase,1,66,0.015152,False,False
2024-05,sunscreen,glucose,1,66,0.015152,False,False
2024-05,sunscreen,glycine,1,66,0.015152,False,False
2024-05,sunscreen,glycolysis,1,66,0.015152,False,False
2024-05,sunscreen,gtp-binding proteins,1,66,0.015152,False,False
2024-05,sunscreen,hair color,1,66,0.015152,False,False
2024-05,sunscreen,hardness,1,66,0.015152,False,False
2024-05,sunscreen,health promotion,1,66,0.015152,False,False
2024-05,sunscreen,hispanic or latino,1,66,0.015152,False,False
2024-05,sunscreen,histamine,1,66,0.015152,False,False
2024-05,sunscreen,hot temperature,1,66,0.015152,False,False
2024-05,sunscreen,hydrolysis,1,66,0.015152,False,False
2024-05,sunscreen,indoles,1,66,0.015152,False,False
2024-05,sunscreen,infant,1,66,0.015152,False,False
2024-05,sunscreen,interleukin-1alpha,1,66,0.015152,False,False
2024-05,sunscreen,intermediate filament proteins,1,66,0.015152,False,False
2024-05,sunscreen,japan,1,66,0.015152,False,False
2024-05,sunscreen,ki-67 antigen,1,66,0.015152,False,False
2024-05,sunscreen,kinetics,1,66,0.015152,False,False
2024-05,sunscreen,larva,1,66,0.015152,False,False
2024-05,sunscreen,laser therapy,1,66,0.015152,False,False
2024-05,sunscreen,leukocyte count,1,66,0.015152,False,False
2024-05,sunscreen,lincomycin,1,66,0.015152,False,False
2024-05,sunscreen,liquid chromatography-mass spectrometry,1,66,0.015152,False,False
2024-05,sunscreen,longevity,1,66,0.015152,False,False
2024-05,sunscreen,"lupus erythematosus, systemic",1,66,0.015152,False,False
2024-05,sunscreen,macular degeneration,1,66,0.015152,False,False
2024-05,sunscreen,materials testing,1,66,0.015152,False,False
2024-05,sunscreen,matrix metalloproteinase 1,1,66,0.015152,False,False
2024-05,sunscreen,maxillofacial prosthesis,1,66,0.015152,False,False
2024-05,sunscreen,melatonin,1,66,0.015152,False,False
2024-05,sunscreen,metabolic engineering,1,66,0.015152,False,False
2024-05,sunscreen,mice,1,66,0.015152,False,False
2024-05,sunscreen,microalgae,1,66,0.015152,False,False
2024-05,sunscreen,microbiota,1,66,0.015152,False,False
2024-05,sunscreen,"microscopy, atomic force",1,66,0.015152,False,False
2024-05,sunscreen,"microscopy, electron, scanning",1,66,0.015152,False,False
2024-05,sunscreen,mitogen-activated protein kinase 8,1,66,0.015152,False,False
2024-05,sunscreen,mobile applications,1,66,0.015152,False,False
2024-05,sunscreen,"models, biological",1,66,0.015152,False,False
2024-05,sunscreen,molecular docking simulation,1,66,0.015152,False,False
2024-05,sunscreen,mutation,1,66,0.015152,False,False
2024-05,sunscreen,nanostructures,1,66,0.015152,False,False
2024-05,sunscreen,neoplasms,1,66,0.015152,False,False
2024-05,sunscreen,new york,1,66,0.015152,False,False
2024-05,sunscreen,nf-e2-related factor 2,1,66,0.015152,False,False
2024-05,sunscreen,north america,1,66,0.015152,False,False
2024-05,sunscreen,nostoc,1,66,0.015152,False,False
2024-05,sunscreen,nudix hydrolases,1,66,0.015152,False,False
2024-05,sunscreen,nutrients,1,66,0.015152,False,False
2024-05,sunscreen,nutrition surveys,1,66,0.015152,False,False
2024-05,sunscreen,obesity,1,66,0.015152,False,False
2024-05,sunscreen,osmotic pressure,1,66,0.015152,False,False
2024-05,sunscreen,oxidation-reduction,1,66,0.015152,False,False
2024-05,sunscreen,paracentrotus,1,66,0.015152,False,False
2024-05,sunscreen,patient education as topic,1,66,0.015152,False,False
2024-05,sunscreen,patient satisfaction,1,66,0.015152,False,False
2024-05,sunscreen,patient-centered care,1,66,0.015152,False,False
2024-05,sunscreen,pentose phosphate pathway,1,66,0.015152,False,False
2024-05,sunscreen,phosphorus,1,66,0.015152,False,False
2024-05,sunscreen,photobioreactors,1,66,0.015152,False,False
2024-05,sunscreen,photolysis,1,66,0.015152,False,False
2024-05,sunscreen,photosensitivity disorders,1,66,0.015152,False,False
2024-05,sunscreen,photosystem i protein complex,1,66,0.015152,False,False
2024-05,sunscreen,phylogeny,1,66,0.015152,False,False
2024-05,sunscreen,"physicians, family",1,66,0.015152,False,False
2024-05,sunscreen,plant senescence,1,66,0.015152,False,False
2024-05,sunscreen,plant stomata,1,66,0.015152,False,False
2024-05,sunscreen,plants,1,66,0.015152,False,False
2024-05,sunscreen,"plants, genetically modified",1,66,0.015152,False,False
2024-05,sunscreen,polymers,1,66,0.015152,False,False
2024-05,sunscreen,polyphenols,1,66,0.015152,False,False
2024-05,sunscreen,postoperative care,1,66,0.015152,False,False
2024-05,sunscreen,"practice patterns, physicians'",1,66,0.015152,False,False
2024-05,sunscreen,precision medicine,1,66,0.015152,False,False
2024-05,sunscreen,pregnancy,1,66,0.015152,False,False
2024-05,sunscreen,prevalence,1,66,0.015152,False,False
2024-05,sunscreen,prospective studies,1,66,0.015152,False,False
2024-05,sunscreen,prosthesis coloring,1,66,0.015152,False,False
2024-05,sunscreen,protective clothing,1,66,0.015152,False,False
2024-05,sunscreen,protein kinase inhibitors,1,66,0.015152,False,False
2024-05,sunscreen,"protein processing, post-translational",1,66,0.015152,False,False
2024-05,sunscreen,proton-motive force,1,66,0.015152,False,False
2024-05,sunscreen,pyrimidine dimers,1,66,0.015152,False,False
2024-05,sunscreen,pyrophosphatases,1,66,0.015152,False,False
2024-05,sunscreen,quality of life,1,66,0.015152,False,False
2024-05,sunscreen,reactive oxygen species,1,66,0.015152,False,False
2024-05,sunscreen,recurrence,1,66,0.015152,False,False
2024-05,sunscreen,respiratory tract infections,1,66,0.015152,False,False
2024-05,sunscreen,retina,1,66,0.015152,False,False
2024-05,sunscreen,retinal pigment epithelium,1,66,0.015152,False,False
2024-05,sunscreen,retrospective studies,1,66,0.015152,False,False
2024-05,sunscreen,rgs proteins,1,66,0.015152,False,False
2024-05,sunscreen,rheumatology,1,66,0.015152,False,False
2024-05,sunscreen,risk assessment,1,66,0.015152,False,False
2024-05,sunscreen,romania,1,66,0.015152,False,False
2024-05,sunscreen,saccharomyces cerevisiae,1,66,0.015152,False,False
2024-05,sunscreen,salicylates,1,66,0.015152,False,False
2024-05,sunscreen,salmo salar,1,66,0.015152,False,False
2024-05,sunscreen,schools,1,66,0.015152,False,False
2024-05,sunscreen,"scleroderma, systemic",1,66,0.015152,False,False
2024-05,sunscreen,sea urchins,1,66,0.015152,False,False
2024-05,sunscreen,seasons,1,66,0.015152,False,False
2024-05,sunscreen,self report,1,66,0.015152,False,False
2024-05,sunscreen,severity of illness index,1,66,0.015152,False,False
2024-05,sunscreen,sewage,1,66,0.015152,False,False
2024-05,sunscreen,sex factors,1,66,0.015152,False,False
2024-05,sunscreen,singlet oxygen,1,66,0.015152,False,False
2024-05,sunscreen,skin care,1,66,0.015152,False,False
2024-05,sunscreen,skin cream,1,66,0.015152,False,False
2024-05,sunscreen,skin diseases,1,66,0.015152,False,False
2024-05,sunscreen,skin microbiome,1,66,0.015152,False,False
2024-05,sunscreen,smartphone,1,66,0.015152,False,False
2024-05,sunscreen,social class,1,66,0.015152,False,False
2024-05,sunscreen,socioeconomic factors,1,66,0.015152,False,False
2024-05,sunscreen,solanum lycopersicum,1,66,0.015152,False,False
2024-05,sunscreen,solid phase extraction,1,66,0.015152,False,False
2024-05,sunscreen,sugar phosphates,1,66,0.015152,False,False
2024-05,sunscreen,sun protection factor,1,66,0.015152,False,False
2024-05,sunscreen,surface properties,1,66,0.015152,False,False
2024-05,sunscreen,thermotolerance,1,66,0.015152,False,False
2024-05,sunscreen,titanium,1,66,0.015152,False,False
2024-05,sunscreen,tumor necrosis factor-alpha,1,66,0.015152,False,False
2024-05,sunscreen,united states food and drug administration,1,66,0.015152,False,False
2024-05,sunscreen,vitamin d deficiency,1,66,0.015152,False,False
2024-05,sunscreen,vitiligo,1,66,0.015152,False,False
2024-05,sunscreen,vitis,1,66,0.015152,False,False
2024-05,sunscreen,white,1,66,0.015152,False,False
2024-05,sunscreen,wound healing,1,66,0.015152,False,False
2024-05,sunscreen,zeaxanthins,1,66,0.015152,False,False
2024-05,sunscreen,zebrafish,1,66,0.015152,False,False
2024-05,sunscreen,zebrafish proteins,1,66,0.015152,False,False
2024-06,sunscreen,humans,33,54,0.611111,False,False
2024-06,sunscreen,sunscreening agents,26,54,0.481481,False,False
2024-06,sunscreen,ultraviolet rays,14,54,0.259259,False,False
2024-06,sunscreen,female,10,54,0.185185,False,False
2024-06,sunscreen,adult,9,54,0.166667,False,False
2024-06,sunscreen,animals,9,54,0.166667,False,False
2024-06,sunscreen,male,8,54,0.148148,False,False
2024-06,sunscreen,middle aged,8,54,0.148148,False,False
2024-06,sunscreen,surveys and questionnaires,8,54,0.148148,False,False
2024-06,sunscreen,skin neoplasms,7,54,0.12963,False,False
2024-06,sunscreen,sunburn,7,54,0.12963,False,False
2024-06,sunscreen,young adult,7,54,0.12963,False,False
2024-06,sunscreen,cross-sectional studies,6,54,0.111111,False,False
2024-06,sunscreen,aged,5,54,0.092593,False,False
2024-06,sunscreen,"health knowledge, attitudes, practice",5,54,0.092593,False,False
2024-06,sunscreen,skin,5,54,0.092593,False,False
2024-06,sunscreen,antioxidants,4,54,0.074074,False,False
2024-06,sunscreen,skin pigmentation,4,54,0.074074,False,False
2024-06,sunscreen,"water pollutants, chemical",4,54,0.074074,False,False
2024-06,sunscreen,benzophenones,3,54,0.055556,False,False
2024-06,sunscreen,dermatologic agents,3,54,0.055556,False,False
2024-06,sunscreen,environmental monitoring,3,54,0.055556,False,False
2024-06,sunscreen,health behavior,3,54,0.055556,False,False
2024-06,sunscreen,reactive oxygen species,3,54,0.055556,False,False
2024-06,sunscreen,rosacea,3,54,0.055556,False,False
2024-06,sunscreen,skin care,3,54,0.055556,False,False
2024-06,sunscreen,sunlight,3,54,0.055556,False,False
2024-06,sunscreen,tandem mass spectrometry,3,54,0.055556,False,False
2024-06,sunscreen,adolescent,2,54,0.037037,False,False
2024-06,sunscreen,apoptosis,2,54,0.037037,False,False
2024-06,sunscreen,biological products,2,54,0.037037,False,False
2024-06,sunscreen,biomarkers,2,54,0.037037,False,False
2024-06,sunscreen,cell line,2,54,0.037037,False,False
2024-06,sunscreen,cell survival,2,54,0.037037,False,False
2024-06,sunscreen,child,2,54,0.037037,False,False
2024-06,sunscreen,"child, preschool",2,54,0.037037,False,False
2024-06,sunscreen,"gene expression regulation, plant",2,54,0.037037,False,False
2024-06,sunscreen,light,2,54,0.037037,False,False
2024-06,sunscreen,melanocytes,2,54,0.037037,False,False
2024-06,sunscreen,microplastics,2,54,0.037037,False,False
2024-06,sunscreen,plant extracts,2,54,0.037037,False,False
2024-06,sunscreen,protective clothing,2,54,0.037037,False,False
2024-06,sunscreen,skin aging,2,54,0.037037,False,False
2024-06,sunscreen,skin diseases,2,54,0.037037,False,False
2024-06,sunscreen,sun protection factor,2,54,0.037037,False,False
2024-06,sunscreen,turkey,2,54,0.037037,False,False
2024-06,sunscreen,zebrafish,2,54,0.037037,False,False
2024-06,sunscreen,8-hydroxy-2'-deoxyguanosine,1,54,0.018519,False,False
2024-06,sunscreen,achillea,1,54,0.018519,False,False
2024-06,sunscreen,acne vulgaris,1,54,0.018519,False,False
2024-06,sunscreen,acrylates,1,54,0.018519,False,False
2024-06,sunscreen,age factors,1,54,0.018519,False,False
2024-06,sunscreen,aging,1,54,0.018519,False,False
2024-06,sunscreen,alleles,1,54,0.018519,False,False
2024-06,sunscreen,alpha-msh,1,54,0.018519,False,False
2024-06,sunscreen,anthropometry,1,54,0.018519,False,False
2024-06,sunscreen,anti-inflammatory agents,1,54,0.018519,False,False
2024-06,sunscreen,apium,1,54,0.018519,False,False
2024-06,sunscreen,artemia,1,54,0.018519,False,False
2024-06,sunscreen,artemisia,1,54,0.018519,False,False
2024-06,sunscreen,asian,1,54,0.018519,False,False
2024-06,sunscreen,asteraceae,1,54,0.018519,False,False
2024-06,sunscreen,australia,1,54,0.018519,False,False
2024-06,sunscreen,azo compounds,1,54,0.018519,False,False
2024-06,sunscreen,azulenes,1,54,0.018519,False,False
2024-06,sunscreen,bathing beaches,1,54,0.018519,False,False
2024-06,sunscreen,"behavior, animal",1,54,0.018519,False,False
2024-06,sunscreen,benzocaine,1,54,0.018519,False,False
2024-06,sunscreen,biomass,1,54,0.018519,False,False
2024-06,sunscreen,black or african american,1,54,0.018519,False,False
2024-06,sunscreen,"blotting, western",1,54,0.018519,False,False
2024-06,sunscreen,blue light,1,54,0.018519,False,False
2024-06,sunscreen,brazil,1,54,0.018519,False,False
2024-06,sunscreen,"carcinoma, squamous cell",1,54,0.018519,False,False
2024-06,sunscreen,carotenoids,1,54,0.018519,False,False
2024-06,sunscreen,"cells, cultured",1,54,0.018519,False,False
2024-06,sunscreen,chemexfoliation,1,54,0.018519,False,False
2024-06,sunscreen,china,1,54,0.018519,False,False
2024-06,sunscreen,chlamydia infections,1,54,0.018519,False,False
2024-06,sunscreen,chlamydia trachomatis,1,54,0.018519,False,False
2024-06,sunscreen,chlorophyll,1,54,0.018519,False,False
2024-06,sunscreen,chlorophyta,1,54,0.018519,False,False
2024-06,sunscreen,"chromatography, high pressure liquid",1,54,0.018519,False,False
2024-06,sunscreen,computer simulation,1,54,0.018519,False,False
2024-06,sunscreen,coral reefs,1,54,0.018519,False,False
2024-06,sunscreen,cosmetics,1,54,0.018519,False,False
2024-06,sunscreen,crassostrea,1,54,0.018519,False,False
2024-06,sunscreen,crispr-cas systems,1,54,0.018519,False,False
2024-06,sunscreen,cucumis sativus,1,54,0.018519,False,False
2024-06,sunscreen,dehydration,1,54,0.018519,False,False
2024-06,sunscreen,delphi technique,1,54,0.018519,False,False
2024-06,sunscreen,"dermatitis, atopic",1,54,0.018519,False,False
2024-06,sunscreen,dermoscopy,1,54,0.018519,False,False
2024-06,sunscreen,dicarboxylic acids,1,54,0.018519,False,False
2024-06,sunscreen,dietary supplements,1,54,0.018519,False,False
2024-06,sunscreen,"disease models, animal",1,54,0.018519,False,False
2024-06,sunscreen,dna damage,1,54,0.018519,False,False
2024-06,sunscreen,dna repair,1,54,0.018519,False,False
2024-06,sunscreen,droughts,1,54,0.018519,False,False
2024-06,sunscreen,drug compounding,1,54,0.018519,False,False
2024-06,sunscreen,ecotoxicology,1,54,0.018519,False,False
2024-06,sunscreen,"embryo, nonmammalian",1,54,0.018519,False,False
2024-06,sunscreen,erythema,1,54,0.018519,False,False
2024-06,sunscreen,estrogens,1,54,0.018519,False,False
2024-06,sunscreen,exercise,1,54,0.018519,False,False
2024-06,sunscreen,face,1,54,0.018519,False,False
2024-06,sunscreen,florida,1,54,0.018519,False,False
2024-06,sunscreen,football,1,54,0.018519,False,False
2024-06,sunscreen,france,1,54,0.018519,False,False
2024-06,sunscreen,free radical scavengers,1,54,0.018519,False,False
2024-06,sunscreen,gas chromatography-mass spectrometry,1,54,0.018519,False,False
2024-06,sunscreen,gene editing,1,54,0.018519,False,False
2024-06,sunscreen,gonorrhea,1,54,0.018519,False,False
2024-06,sunscreen,hacat cells,1,54,0.018519,False,False
2024-06,sunscreen,health policy,1,54,0.018519,False,False
2024-06,sunscreen,hispanic or latino,1,54,0.018519,False,False
2024-06,sunscreen,holistic health,1,54,0.018519,False,False
2024-06,sunscreen,"insurance, health",1,54,0.018519,False,False
2024-06,sunscreen,intercellular adhesion molecule-1,1,54,0.018519,False,False
2024-06,sunscreen,keratinocytes,1,54,0.018519,False,False
2024-06,sunscreen,"keratosis, actinic",1,54,0.018519,False,False
2024-06,sunscreen,larva,1,54,0.018519,False,False
2024-06,sunscreen,laser therapy,1,54,0.018519,False,False
2024-06,sunscreen,lipid peroxidation,1,54,0.018519,False,False
2024-06,sunscreen,liquid chromatography-mass spectrometry,1,54,0.018519,False,False
2024-06,sunscreen,low-level light therapy,1,54,0.018519,False,False
2024-06,sunscreen,lycopene,1,54,0.018519,False,False
2024-06,sunscreen,lysosomes,1,54,0.018519,False,False
2024-06,sunscreen,map kinase signaling system,1,54,0.018519,False,False
2024-06,sunscreen,matrix metalloproteinase 1,1,54,0.018519,False,False
2024-06,sunscreen,melanins,1,54,0.018519,False,False
2024-06,sunscreen,melanoma,1,54,0.018519,False,False
2024-06,sunscreen,melanosis,1,54,0.018519,False,False
2024-06,sunscreen,metabolic engineering,1,54,0.018519,False,False
2024-06,sunscreen,metal nanoparticles,1,54,0.018519,False,False
2024-06,sunscreen,mice,1,54,0.018519,False,False
2024-06,sunscreen,microalgae,1,54,0.018519,False,False
2024-06,sunscreen,"microscopy, confocal",1,54,0.018519,False,False
2024-06,sunscreen,microspheres,1,54,0.018519,False,False
2024-06,sunscreen,mohs surgery,1,54,0.018519,False,False
2024-06,sunscreen,monte carlo method,1,54,0.018519,False,False
2024-06,sunscreen,mutagenesis,1,54,0.018519,False,False
2024-06,sunscreen,mutagenicity tests,1,54,0.018519,False,False
2024-06,sunscreen,nanoparticles,1,54,0.018519,False,False
2024-06,sunscreen,neisseria gonorrhoeae,1,54,0.018519,False,False
2024-06,sunscreen,neoplasms,1,54,0.018519,False,False
2024-06,sunscreen,"oils, volatile",1,54,0.018519,False,False
2024-06,sunscreen,onions,1,54,0.018519,False,False
2024-06,sunscreen,orchidaceae,1,54,0.018519,False,False
2024-06,sunscreen,organophosphorus compounds,1,54,0.018519,False,False
2024-06,sunscreen,oryza,1,54,0.018519,False,False
2024-06,sunscreen,oxidation-reduction,1,54,0.018519,False,False
2024-06,sunscreen,oxidative stress,1,54,0.018519,False,False
2024-06,sunscreen,parents,1,54,0.018519,False,False
2024-06,sunscreen,"parks, recreational",1,54,0.018519,False,False
2024-06,sunscreen,particulate matter,1,54,0.018519,False,False
2024-06,sunscreen,patient education as topic,1,54,0.018519,False,False
2024-06,sunscreen,patient preference,1,54,0.018519,False,False
2024-06,sunscreen,peroxiredoxins,1,54,0.018519,False,False
2024-06,sunscreen,pharynx,1,54,0.018519,False,False
2024-06,sunscreen,photography,1,54,0.018519,False,False
2024-06,sunscreen,photolysis,1,54,0.018519,False,False
2024-06,sunscreen,"photoreceptors, plant",1,54,0.018519,False,False
2024-06,sunscreen,photosensitizing agents,1,54,0.018519,False,False
2024-06,sunscreen,photosynthesis,1,54,0.018519,False,False
2024-06,sunscreen,photosystem ii protein complex,1,54,0.018519,False,False
2024-06,sunscreen,phototherapy,1,54,0.018519,False,False
2024-06,sunscreen,pigmentation,1,54,0.018519,False,False
2024-06,sunscreen,pigmentation disorders,1,54,0.018519,False,False
2024-06,sunscreen,pilot projects,1,54,0.018519,False,False
2024-06,sunscreen,plant leaves,1,54,0.018519,False,False
2024-06,sunscreen,plant proteins,1,54,0.018519,False,False
2024-06,sunscreen,"plants, genetically modified",1,54,0.018519,False,False
2024-06,sunscreen,polymers,1,54,0.018519,False,False
2024-06,sunscreen,polyphenols,1,54,0.018519,False,False
2024-06,sunscreen,professional practice gaps,1,54,0.018519,False,False
2024-06,sunscreen,propiophenones,1,54,0.018519,False,False
2024-06,sunscreen,pseudomonas putida,1,54,0.018519,False,False
2024-06,sunscreen,pyrimidine dimers,1,54,0.018519,False,False
2024-06,sunscreen,quality of life,1,54,0.018519,False,False
2024-06,sunscreen,quercetin,1,54,0.018519,False,False
2024-06,sunscreen,radiation-protective agents,1,54,0.018519,False,False
2024-06,sunscreen,"receptor, melanocortin, type 1",1,54,0.018519,False,False
2024-06,sunscreen,recreation,1,54,0.018519,False,False
2024-06,sunscreen,rectum,1,54,0.018519,False,False
2024-06,sunscreen,retinal pigment epithelium,1,54,0.018519,False,False
2024-06,sunscreen,retrospective studies,1,54,0.018519,False,False
2024-06,sunscreen,risk factors,1,54,0.018519,False,False
2024-06,sunscreen,salicylic acid,1,54,0.018519,False,False
2024-06,sunscreen,schools,1,54,0.018519,False,False
2024-06,sunscreen,sensitivity and specificity,1,54,0.018519,False,False
2024-06,sunscreen,sex factors,1,54,0.018519,False,False
2024-06,sunscreen,sexually transmitted diseases,1,54,0.018519,False,False
2024-06,sunscreen,signal transduction,1,54,0.018519,False,False
2024-06,sunscreen,skin lightening preparations,1,54,0.018519,False,False
2024-06,sunscreen,solanum lycopersicum,1,54,0.018519,False,False
2024-06,sunscreen,solubility,1,54,0.018519,False,False
2024-06,sunscreen,spain,1,54,0.018519,False,False
2024-06,sunscreen,specimen handling,1,54,0.018519,False,False
2024-06,sunscreen,"stress, physiological",1,54,0.018519,False,False
2024-06,sunscreen,surgeons,1,54,0.018519,False,False
2024-06,sunscreen,temperature,1,54,0.018519,False,False
2024-06,sunscreen,titanium,1,54,0.018519,False,False
2024-06,sunscreen,"tomography, optical coherence",1,54,0.018519,False,False
2024-06,sunscreen,tranexamic acid,1,54,0.018519,False,False
2024-06,sunscreen,transcriptome,1,54,0.018519,False,False
2024-06,sunscreen,transgenes,1,54,0.018519,False,False
2024-06,sunscreen,treatment outcome,1,54,0.018519,False,False
2024-06,sunscreen,ultrasonic waves,1,54,0.018519,False,False
2024-06,sunscreen,ultrasonography,1,54,0.018519,False,False
2024-06,sunscreen,vitis,1,54,0.018519,False,False
2024-06,sunscreen,water,1,54,0.018519,False,False
2024-06,sunscreen,white,1,54,0.018519,False,False
2024-06,sunscreen,wine,1,54,0.018519,False,False
2024-06,sunscreen,xenopus,1,54,0.018519,False,False
2024-06,sunscreen,xenopus laevis,1,54,0.018519,False,False
2024-06,sunscreen,zinc oxide,1,54,0.018519,False,False
2024-07,sunscreen,humans,31,59,0.525424,False,False
2024-07,sunscreen,sunscreening agents,24,59,0.40678,False,False
2024-07,sunscreen,female,14,59,0.237288,False,False
2024-07,sunscreen,ultraviolet rays,14,59,0.237288,False,False
2024-07,sunscreen,male,12,59,0.20339,False,False
2024-07,sunscreen,adult,11,59,0.186441,False,False
2024-07,sunscreen,skin neoplasms,10,59,0.169492,False,False
2024-07,sunscreen,middle aged,8,59,0.135593,False,False
2024-07,sunscreen,skin,8,59,0.135593,False,False
2024-07,sunscreen,sunlight,7,59,0.118644,False,False
2024-07,sunscreen,animals,6,59,0.101695,False,False
2024-07,sunscreen,light,6,59,0.101695,False,False
2024-07,sunscreen,photosynthesis,6,59,0.101695,False,False
2024-07,sunscreen,young adult,6,59,0.101695,False,False
2024-07,sunscreen,"health knowledge, attitudes, practice",5,59,0.084746,False,False
2024-07,sunscreen,skin aging,5,59,0.084746,False,False
2024-07,sunscreen,surveys and questionnaires,5,59,0.084746,False,False
2024-07,sunscreen,"administration, cutaneous",4,59,0.067797,False,False
2024-07,sunscreen,adolescent,4,59,0.067797,False,False
2024-07,sunscreen,aged,4,59,0.067797,False,False
2024-07,sunscreen,sun protection factor,4,59,0.067797,False,False
2024-07,sunscreen,sunburn,4,59,0.067797,False,False
2024-07,sunscreen,antioxidants,3,59,0.050847,False,False
2024-07,sunscreen,cross-sectional studies,3,59,0.050847,False,False
2024-07,sunscreen,face,3,59,0.050847,False,False
2024-07,sunscreen,hot temperature,3,59,0.050847,False,False
2024-07,sunscreen,melanoma,3,59,0.050847,False,False
2024-07,sunscreen,mice,3,59,0.050847,False,False
2024-07,sunscreen,patient education as topic,3,59,0.050847,False,False
2024-07,sunscreen,photosystem ii protein complex,3,59,0.050847,False,False
2024-07,sunscreen,skin cream,3,59,0.050847,False,False
2024-07,sunscreen,social media,3,59,0.050847,False,False
2024-07,sunscreen,xanthophylls,3,59,0.050847,False,False
2024-07,sunscreen,acne vulgaris,2,59,0.033898,False,False
2024-07,sunscreen,bacterial proteins,2,59,0.033898,False,False
2024-07,sunscreen,biomarkers,2,59,0.033898,False,False
2024-07,sunscreen,cannabidiol,2,59,0.033898,False,False
2024-07,sunscreen,carotenoids,2,59,0.033898,False,False
2024-07,sunscreen,child,2,59,0.033898,False,False
2024-07,sunscreen,chlorophyll,2,59,0.033898,False,False
2024-07,sunscreen,cyanobacteria,2,59,0.033898,False,False
2024-07,sunscreen,dna damage,2,59,0.033898,False,False
2024-07,sunscreen,health promotion,2,59,0.033898,False,False
2024-07,sunscreen,hispanic or latino,2,59,0.033898,False,False
2024-07,sunscreen,keratinocytes,2,59,0.033898,False,False
2024-07,sunscreen,light-harvesting protein complexes,2,59,0.033898,False,False
2024-07,sunscreen,molecular docking simulation,2,59,0.033898,False,False
2024-07,sunscreen,occupational exposure,2,59,0.033898,False,False
2024-07,sunscreen,prospective studies,2,59,0.033898,False,False
2024-07,sunscreen,protective clothing,2,59,0.033898,False,False
2024-07,sunscreen,salicylates,2,59,0.033898,False,False
2024-07,sunscreen,skin pigmentation,2,59,0.033898,False,False
2024-07,sunscreen,video recording,2,59,0.033898,False,False
2024-07,sunscreen,actinobacteria,1,59,0.016949,False,False
2024-07,sunscreen,"adjuvants, immunologic",1,59,0.016949,False,False
2024-07,sunscreen,"administration, oral",1,59,0.016949,False,False
2024-07,sunscreen,age factors,1,59,0.016949,False,False
2024-07,sunscreen,agriculture,1,59,0.016949,False,False
2024-07,sunscreen,air pollutants,1,59,0.016949,False,False
2024-07,sunscreen,air pollution,1,59,0.016949,False,False
2024-07,sunscreen,allergens,1,59,0.016949,False,False
2024-07,sunscreen,anthozoa,1,59,0.016949,False,False
2024-07,sunscreen,anti-inflammatory agents,1,59,0.016949,False,False
2024-07,sunscreen,athletes,1,59,0.016949,False,False
2024-07,sunscreen,australia,1,59,0.016949,False,False
2024-07,sunscreen,azathioprine,1,59,0.016949,False,False
2024-07,sunscreen,bile pigments,1,59,0.016949,False,False
2024-07,sunscreen,bioengineering,1,59,0.016949,False,False
2024-07,sunscreen,biophysical phenomena,1,59,0.016949,False,False
2024-07,sunscreen,biophysics,1,59,0.016949,False,False
2024-07,sunscreen,black or african american,1,59,0.016949,False,False
2024-07,sunscreen,brazil,1,59,0.016949,False,False
2024-07,sunscreen,carbon monoxide,1,59,0.016949,False,False
2024-07,sunscreen,cell nucleus,1,59,0.016949,False,False
2024-07,sunscreen,cell proliferation,1,59,0.016949,False,False
2024-07,sunscreen,cell wall,1,59,0.016949,False,False
2024-07,sunscreen,cephalopoda,1,59,0.016949,False,False
2024-07,sunscreen,china,1,59,0.016949,False,False
2024-07,sunscreen,chlamydomonas reinhardtii,1,59,0.016949,False,False
2024-07,sunscreen,chlorophyceae,1,59,0.016949,False,False
2024-07,sunscreen,chlorophyta,1,59,0.016949,False,False
2024-07,sunscreen,"chromatography, liquid",1,59,0.016949,False,False
2024-07,sunscreen,climate change,1,59,0.016949,False,False
2024-07,sunscreen,coculture techniques,1,59,0.016949,False,False
2024-07,sunscreen,communication,1,59,0.016949,False,False
2024-07,sunscreen,computer-aided design,1,59,0.016949,False,False
2024-07,sunscreen,construction industry,1,59,0.016949,False,False
2024-07,sunscreen,cosmeceuticals,1,59,0.016949,False,False
2024-07,sunscreen,cryoelectron microscopy,1,59,0.016949,False,False
2024-07,sunscreen,cyclohexanols,1,59,0.016949,False,False
2024-07,sunscreen,cytochrome p-450 cyp2d6,1,59,0.016949,False,False
2024-07,sunscreen,cytochrome p-450 cyp3a,1,59,0.016949,False,False
2024-07,sunscreen,cytochrome p-450 enzyme inhibitors,1,59,0.016949,False,False
2024-07,sunscreen,darkness,1,59,0.016949,False,False
2024-07,sunscreen,"decision making, shared",1,59,0.016949,False,False
2024-07,sunscreen,density functional theory,1,59,0.016949,False,False
2024-07,sunscreen,"dermatitis, allergic contact",1,59,0.016949,False,False
2024-07,sunscreen,dermatologic agents,1,59,0.016949,False,False
2024-07,sunscreen,dermatologists,1,59,0.016949,False,False
2024-07,sunscreen,dermatology,1,59,0.016949,False,False
2024-07,sunscreen,diatoms,1,59,0.016949,False,False
2024-07,sunscreen,dinoflagellida,1,59,0.016949,False,False
2024-07,sunscreen,"disease models, animal",1,59,0.016949,False,False
2024-07,sunscreen,"dna, mitochondrial",1,59,0.016949,False,False
2024-07,sunscreen,drug design,1,59,0.016949,False,False
2024-07,sunscreen,drug interactions,1,59,0.016949,False,False
2024-07,sunscreen,erythema,1,59,0.016949,False,False
2024-07,sunscreen,estrogens,1,59,0.016949,False,False
2024-07,sunscreen,ethnic and racial minorities,1,59,0.016949,False,False
2024-07,sunscreen,eukaryota,1,59,0.016949,False,False
2024-07,sunscreen,facial dermatoses,1,59,0.016949,False,False
2024-07,sunscreen,farmers,1,59,0.016949,False,False
2024-07,sunscreen,"fats, unsaturated",1,59,0.016949,False,False
2024-07,sunscreen,fatty acids,1,59,0.016949,False,False
2024-07,sunscreen,fibroblasts,1,59,0.016949,False,False
2024-07,sunscreen,flavonoids,1,59,0.016949,False,False
2024-07,sunscreen,fruit,1,59,0.016949,False,False
2024-07,sunscreen,"gene expression regulation, bacterial",1,59,0.016949,False,False
2024-07,sunscreen,glycine,1,59,0.016949,False,False
2024-07,sunscreen,hacat cells,1,59,0.016949,False,False
2024-07,sunscreen,health behavior,1,59,0.016949,False,False
2024-07,sunscreen,health literacy,1,59,0.016949,False,False
2024-07,sunscreen,heat stress disorders,1,59,0.016949,False,False
2024-07,sunscreen,heat stroke,1,59,0.016949,False,False
2024-07,sunscreen,heat-shock response,1,59,0.016949,False,False
2024-07,sunscreen,hek293 cells,1,59,0.016949,False,False
2024-07,sunscreen,homeostasis,1,59,0.016949,False,False
2024-07,sunscreen,"immunity, cellular",1,59,0.016949,False,False
2024-07,sunscreen,"immunity, humoral",1,59,0.016949,False,False
2024-07,sunscreen,immunosuppressive agents,1,59,0.016949,False,False
2024-07,sunscreen,indiana,1,59,0.016949,False,False
2024-07,sunscreen,inflammasomes,1,59,0.016949,False,False
2024-07,sunscreen,inflammatory bowel diseases,1,59,0.016949,False,False
2024-07,sunscreen,information dissemination,1,59,0.016949,False,False
2024-07,sunscreen,interleukin-6,1,59,0.016949,False,False
2024-07,sunscreen,interleukin-8,1,59,0.016949,False,False
2024-07,sunscreen,ireland,1,59,0.016949,False,False
2024-07,sunscreen,kentucky,1,59,0.016949,False,False
2024-07,sunscreen,laboratory proficiency testing,1,59,0.016949,False,False
2024-07,sunscreen,linoleic acid,1,59,0.016949,False,False
2024-07,sunscreen,macrophages,1,59,0.016949,False,False
2024-07,sunscreen,matrix metalloproteinase 1,1,59,0.016949,False,False
2024-07,sunscreen,matrix metalloproteinase 9,1,59,0.016949,False,False
2024-07,sunscreen,microalgae,1,59,0.016949,False,False
2024-07,sunscreen,"microsomes, liver",1,59,0.016949,False,False
2024-07,sunscreen,minerals,1,59,0.016949,False,False
2024-07,sunscreen,"models, molecular",1,59,0.016949,False,False
2024-07,sunscreen,molecular structure,1,59,0.016949,False,False
2024-07,sunscreen,monoterpenes,1,59,0.016949,False,False
2024-07,sunscreen,multiomics,1,59,0.016949,False,False
2024-07,sunscreen,nanocapsules,1,59,0.016949,False,False
2024-07,sunscreen,nitrogen dioxide,1,59,0.016949,False,False
2024-07,sunscreen,"nlr family, pyrin domain-containing 3 protein",1,59,0.016949,False,False
2024-07,sunscreen,oxidative stress,1,59,0.016949,False,False
2024-07,sunscreen,ozone,1,59,0.016949,False,False
2024-07,sunscreen,particulate matter,1,59,0.016949,False,False
2024-07,sunscreen,patch tests,1,59,0.016949,False,False
2024-07,sunscreen,patient-centered care,1,59,0.016949,False,False
2024-07,sunscreen,perception,1,59,0.016949,False,False
2024-07,sunscreen,phagocytosis,1,59,0.016949,False,False
2024-07,sunscreen,phenols,1,59,0.016949,False,False
2024-07,sunscreen,phoeniceae,1,59,0.016949,False,False
2024-07,sunscreen,photochemical processes,1,59,0.016949,False,False
2024-07,sunscreen,photography,1,59,0.016949,False,False
2024-07,sunscreen,photolysis,1,59,0.016949,False,False
2024-07,sunscreen,phycobilisomes,1,59,0.016949,False,False
2024-07,sunscreen,phylogeny,1,59,0.016949,False,False
2024-07,sunscreen,pigmentation,1,59,0.016949,False,False
2024-07,sunscreen,"pigments, biological",1,59,0.016949,False,False
2024-07,sunscreen,pilot projects,1,59,0.016949,False,False
2024-07,sunscreen,plant epidermis,1,59,0.016949,False,False
2024-07,sunscreen,plant extracts,1,59,0.016949,False,False
2024-07,sunscreen,plant oils,1,59,0.016949,False,False
2024-07,sunscreen,plants,1,59,0.016949,False,False
2024-07,sunscreen,propiophenones,1,59,0.016949,False,False
2024-07,sunscreen,protective agents,1,59,0.016949,False,False
2024-07,sunscreen,qualitative research,1,59,0.016949,False,False
2024-07,sunscreen,quantitative structure-activity relationship,1,59,0.016949,False,False
2024-07,sunscreen,quantum theory,1,59,0.016949,False,False
2024-07,sunscreen,reactive oxygen species,1,59,0.016949,False,False
2024-07,sunscreen,resveratrol,1,59,0.016949,False,False
2024-07,sunscreen,retinoids,1,59,0.016949,False,False
2024-07,sunscreen,rhodophyta,1,59,0.016949,False,False
2024-07,sunscreen,risk factors,1,59,0.016949,False,False
2024-07,sunscreen,risk-taking,1,59,0.016949,False,False
2024-07,sunscreen,rubber,1,59,0.016949,False,False
2024-07,sunscreen,self efficacy,1,59,0.016949,False,False
2024-07,sunscreen,self-examination,1,59,0.016949,False,False
2024-07,sunscreen,sex factors,1,59,0.016949,False,False
2024-07,sunscreen,singlet oxygen,1,59,0.016949,False,False
2024-07,sunscreen,skin absorption,1,59,0.016949,False,False
2024-07,sunscreen,south asian people,1,59,0.016949,False,False
2024-07,sunscreen,"spectrum analysis, raman",1,59,0.016949,False,False
2024-07,sunscreen,spleen,1,59,0.016949,False,False
2024-07,sunscreen,sports,1,59,0.016949,False,False
2024-07,sunscreen,statistics as topic,1,59,0.016949,False,False
2024-07,sunscreen,stilbenes,1,59,0.016949,False,False
2024-07,sunscreen,"stress, physiological",1,59,0.016949,False,False
2024-07,sunscreen,students,1,59,0.016949,False,False
2024-07,sunscreen,sulfur dioxide,1,59,0.016949,False,False
2024-07,sunscreen,synechocystis,1,59,0.016949,False,False
2024-07,sunscreen,t-lymphocytes,1,59,0.016949,False,False
2024-07,sunscreen,tandem mass spectrometry,1,59,0.016949,False,False
2024-07,sunscreen,texas,1,59,0.016949,False,False
2024-07,sunscreen,torso,1,59,0.016949,False,False
2024-07,sunscreen,transforming growth factor beta1,1,59,0.016949,False,False
2024-07,sunscreen,treatment outcome,1,59,0.016949,False,False
2024-07,sunscreen,triazines,1,59,0.016949,False,False
2024-07,sunscreen,universities,1,59,0.016949,False,False
2024-07,sunscreen,vacuoles,1,59,0.016949,False,False
2024-08,sunscreen,humans,23,40,0.575,True,False
2024-08,sunscreen,sunscreening agents,16,40,0.4,True,False
2024-08,sunscreen,adult,11,40,0.275,True,False
2024-08,sunscreen,female,11,40,0.275,True,False
2024-08,sunscreen,male,10,40,0.25,True,False
2024-08,sunscreen,middle aged,9,40,0.225,True,False
2024-08,sunscreen,ultraviolet rays,8,40,0.2,True,False
2024-08,sunscreen,aged,5,40,0.125,True,False
2024-08,sunscreen,light,5,40,0.125,True,False
2024-08,sunscreen,photosynthesis,5,40,0.125,True,False
2024-08,sunscreen,skin neoplasms,5,40,0.125,True,False
2024-08,sunscreen,young adult,5,40,0.125,True,False
2024-08,sunscreen,animals,4,40,0.1,True,False
2024-08,sunscreen,antioxidants,4,40,0.1,True,False
2024-08,sunscreen,child,4,40,0.1,True,False
2024-08,sunscreen,oxidative stress,4,40,0.1,True,False
2024-08,sunscreen,skin,4,40,0.1,True,False
2024-08,sunscreen,surveys and questionnaires,4,40,0.1,True,False
2024-08,sunscreen,cinnamates,3,40,0.075,True,False
2024-08,sunscreen,cross-sectional studies,3,40,0.075,True,False
2024-08,sunscreen,environmental exposure,3,40,0.075,True,False
2024-08,sunscreen,"gene expression regulation, plant",3,40,0.075,True,False
2024-08,sunscreen,"health knowledge, attitudes, practice",3,40,0.075,True,False
2024-08,sunscreen,kinetics,3,40,0.075,True,False
2024-08,sunscreen,melanoma,3,40,0.075,True,False
2024-08,sunscreen,reactive oxygen species,3,40,0.075,True,False
2024-08,sunscreen,"administration, cutaneous",2,40,0.05,True,False
2024-08,sunscreen,adolescent,2,40,0.05,True,False
2024-08,sunscreen,apoptosis,2,40,0.05,True,False
2024-08,sunscreen,arabidopsis,2,40,0.05,True,False
2024-08,sunscreen,basal cell carcinoma,2,40,0.05,True,False
2024-08,sunscreen,cell survival,2,40,0.05,True,False
2024-08,sunscreen,"child, preschool",2,40,0.05,True,False
2024-08,sunscreen,chlamydomonas reinhardtii,2,40,0.05,True,False
2024-08,sunscreen,cold temperature,2,40,0.05,True,False
2024-08,sunscreen,hydrogen peroxide,2,40,0.05,True,False
2024-08,sunscreen,"lupus erythematosus, systemic",2,40,0.05,True,False
2024-08,sunscreen,mice,2,40,0.05,True,False
2024-08,sunscreen,molecular structure,2,40,0.05,True,False
2024-08,sunscreen,photosensitivity disorders,2,40,0.05,True,False
2024-08,sunscreen,plant extracts,2,40,0.05,True,False
2024-08,sunscreen,plant proteins,2,40,0.05,True,False
2024-08,sunscreen,risk assessment,2,40,0.05,True,False
2024-08,sunscreen,salicylates,2,40,0.05,True,False
2024-08,sunscreen,signal transduction,2,40,0.05,True,False
2024-08,sunscreen,skin absorption,2,40,0.05,True,False
2024-08,sunscreen,"stress, physiological",2,40,0.05,True,False
2024-08,sunscreen,transcription factors,2,40,0.05,True,False
2024-08,sunscreen,urban population,2,40,0.05,True,False
2024-08,sunscreen,achillea,1,40,0.025,True,False
2024-08,sunscreen,"air pollution, indoor",1,40,0.025,True,False
2024-08,sunscreen,allergens,1,40,0.025,True,False
2024-08,sunscreen,arabidopsis proteins,1,40,0.025,True,False
2024-08,sunscreen,australia,1,40,0.025,True,False
2024-08,sunscreen,autophagy,1,40,0.025,True,False
2024-08,sunscreen,benzoates,1,40,0.025,True,False
2024-08,sunscreen,benzophenones,1,40,0.025,True,False
2024-08,sunscreen,beta-cyclodextrins,1,40,0.025,True,False
2024-08,sunscreen,biphenyl compounds,1,40,0.025,True,False
2024-08,sunscreen,botrytis,1,40,0.025,True,False
2024-08,sunscreen,carbon,1,40,0.025,True,False
2024-08,sunscreen,"carcinoma, squamous cell",1,40,0.025,True,False
2024-08,sunscreen,carotenoids,1,40,0.025,True,False
2024-08,sunscreen,"cell line, tumor",1,40,0.025,True,False
2024-08,sunscreen,china,1,40,0.025,True,False
2024-08,sunscreen,chlorophyceae,1,40,0.025,True,False
2024-08,sunscreen,chlorophyll,1,40,0.025,True,False
2024-08,sunscreen,cost-benefit analysis,1,40,0.025,True,False
2024-08,sunscreen,cost-effectiveness analysis,1,40,0.025,True,False
2024-08,sunscreen,cysteine,1,40,0.025,True,False
2024-08,sunscreen,deet,1,40,0.025,True,False
2024-08,sunscreen,dermatitis,1,40,0.025,True,False
2024-08,sunscreen,"dermatitis, allergic contact",1,40,0.025,True,False
2024-08,sunscreen,"dermatitis, atopic",1,40,0.025,True,False
2024-08,sunscreen,"dermatitis, photoallergic",1,40,0.025,True,False
2024-08,sunscreen,disinfectants,1,40,0.025,True,False
2024-08,sunscreen,"dose-response relationship, drug",1,40,0.025,True,False
2024-08,sunscreen,drinking water,1,40,0.025,True,False
2024-08,sunscreen,drug-related side effects and adverse reactions,1,40,0.025,True,False
2024-08,sunscreen,dust,1,40,0.025,True,False
2024-08,sunscreen,energy transfer,1,40,0.025,True,False
2024-08,sunscreen,environmental pollutants,1,40,0.025,True,False
2024-08,sunscreen,ethnicity,1,40,0.025,True,False
2024-08,sunscreen,"fatty acids, unsaturated",1,40,0.025,True,False
2024-08,sunscreen,"feedback, physiological",1,40,0.025,True,False
2024-08,sunscreen,ferroptosis,1,40,0.025,True,False
2024-08,sunscreen,flavonoids,1,40,0.025,True,False
2024-08,sunscreen,"genes, plant",1,40,0.025,True,False
2024-08,sunscreen,genome-wide association study,1,40,0.025,True,False
2024-08,sunscreen,germany,1,40,0.025,True,False
2024-08,sunscreen,hacat cells,1,40,0.025,True,False
2024-08,sunscreen,half-life,1,40,0.025,True,False
2024-08,sunscreen,health behavior,1,40,0.025,True,False
2024-08,sunscreen,health literacy,1,40,0.025,True,False
2024-08,sunscreen,hep g2 cells,1,40,0.025,True,False
2024-08,sunscreen,hmgb1 protein,1,40,0.025,True,False
2024-08,sunscreen,hyperpigmentation,1,40,0.025,True,False
2024-08,sunscreen,incidence,1,40,0.025,True,False
2024-08,sunscreen,infant,1,40,0.025,True,False
2024-08,sunscreen,insect repellents,1,40,0.025,True,False
2024-08,sunscreen,keratinocytes,1,40,0.025,True,False
2024-08,sunscreen,"lupus erythematosus, cutaneous",1,40,0.025,True,False
2024-08,sunscreen,melanins,1,40,0.025,True,False
2024-08,sunscreen,mesenchymal stem cells,1,40,0.025,True,False
2024-08,sunscreen,"mice, inbred c57bl",1,40,0.025,True,False
2024-08,sunscreen,michigan,1,40,0.025,True,False
2024-08,sunscreen,microalgae,1,40,0.025,True,False
2024-08,sunscreen,molecular docking simulation,1,40,0.025,True,False
2024-08,sunscreen,naphthalenes,1,40,0.025,True,False
2024-08,sunscreen,nih 3t3 cells,1,40,0.025,True,False
2024-08,sunscreen,north america,1,40,0.025,True,False
2024-08,sunscreen,nutrition surveys,1,40,0.025,True,False
2024-08,sunscreen,obesity,1,40,0.025,True,False
2024-08,sunscreen,oomycetes,1,40,0.025,True,False
2024-08,sunscreen,osmotic pressure,1,40,0.025,True,False
2024-08,sunscreen,oxazines,1,40,0.025,True,False
2024-08,sunscreen,parabens,1,40,0.025,True,False
2024-08,sunscreen,patch tests,1,40,0.025,True,False
2024-08,sunscreen,patient preference,1,40,0.025,True,False
2024-08,sunscreen,peptides,1,40,0.025,True,False
2024-08,sunscreen,pesticides,1,40,0.025,True,False
2024-08,sunscreen,phenols,1,40,0.025,True,False
2024-08,sunscreen,photosystem ii protein complex,1,40,0.025,True,False
2024-08,sunscreen,phthalic acids,1,40,0.025,True,False
2024-08,sunscreen,phytochemicals,1,40,0.025,True,False
2024-08,sunscreen,picrates,1,40,0.025,True,False
2024-08,sunscreen,pigmentation disorders,1,40,0.025,True,False
2024-08,sunscreen,"plants, genetically modified",1,40,0.025,True,False
2024-08,sunscreen,plasticizers,1,40,0.025,True,False
2024-08,sunscreen,polyethylene glycols,1,40,0.025,True,False
2024-08,sunscreen,ppar gamma,1,40,0.025,True,False
2024-08,sunscreen,pregnancy,1,40,0.025,True,False
2024-08,sunscreen,prevalence,1,40,0.025,True,False
2024-08,sunscreen,primary prevention,1,40,0.025,True,False
2024-08,sunscreen,proline,1,40,0.025,True,False
2024-08,sunscreen,"promoter regions, genetic",1,40,0.025,True,False
2024-08,sunscreen,pyrones,1,40,0.025,True,False
2024-08,sunscreen,quality-adjusted life years,1,40,0.025,True,False
2024-08,sunscreen,quantum dots,1,40,0.025,True,False
2024-08,sunscreen,quantum theory,1,40,0.025,True,False
2024-08,sunscreen,radiation-protective agents,1,40,0.025,True,False
2024-08,sunscreen,republic of korea,1,40,0.025,True,False
2024-08,sunscreen,retrospective studies,1,40,0.025,True,False
2024-08,sunscreen,risk factors,1,40,0.025,True,False
2024-08,sunscreen,rural population,1,40,0.025,True,False
2024-08,sunscreen,salinity,1,40,0.025,True,False
2024-08,sunscreen,"scleroderma, systemic",1,40,0.025,True,False
2024-08,sunscreen,singlet oxygen,1,40,0.025,True,False
2024-08,sunscreen,skin aging,1,40,0.025,True,False
2024-08,sunscreen,skin care,1,40,0.025,True,False
2024-08,sunscreen,skin physiological phenomena,1,40,0.025,True,False
2024-08,sunscreen,skin pigmentation,1,40,0.025,True,False
2024-08,sunscreen,solanum lycopersicum,1,40,0.025,True,False
2024-08,sunscreen,sorghum,1,40,0.025,True,False
2024-08,sunscreen,stilbenes,1,40,0.025,True,False
2024-08,sunscreen,structure-activity relationship,1,40,0.025,True,False
2024-08,sunscreen,suburban population,1,40,0.025,True,False
2024-08,sunscreen,sun protection factor,1,40,0.025,True,False
2024-08,sunscreen,sunburn,1,40,0.025,True,False
2024-08,sunscreen,tandem mass spectrometry,1,40,0.025,True,False
2024-08,sunscreen,toxicokinetics,1,40,0.025,True,False
2024-08,sunscreen,triclosan,1,40,0.025,True,False
2024-08,sunscreen,united states,1,40,0.025,True,False
2024-08,sunscreen,vitis,1,40,0.025,True,False
2024-08,sunscreen,western australia,1,40,0.025,True,False
2024-08,sunscreen,zea mays,1,40,0.025,True,False
2024-08,sunscreen,zebrafish,1,40,0.025,True,False
2024-09,sunscreen,humans,16,45,0.355556,True,False
2024-09,sunscreen,sunscreening agents,16,45,0.355556,True,False
2024-09,sunscreen,male,11,45,0.244444,True,False
2024-09,sunscreen,female,9,45,0.2,True,False
2024-09,sunscreen,ultraviolet rays,8,45,0.177778,True,False
2024-09,sunscreen,adult,7,45,0.155556,True,False
2024-09,sunscreen,middle aged,7,45,0.155556,True,False
2024-09,sunscreen,"water pollutants, chemical",6,45,0.133333,True,False
2024-09,sunscreen,animals,5,45,0.111111,True,False
2024-09,sunscreen,benzophenones,5,45,0.111111,True,False
2024-09,sunscreen,aged,4,45,0.088889,True,False
2024-09,sunscreen,skin neoplasms,3,45,0.066667,True,False
2024-09,sunscreen,skin pigmentation,3,45,0.066667,True,False
2024-09,sunscreen,sunlight,3,45,0.066667,True,False
2024-09,sunscreen,surveys and questionnaires,3,45,0.066667,True,False
2024-09,sunscreen,young adult,3,45,0.066667,True,False
2024-09,sunscreen,acrylates,2,45,0.044444,True,False
2024-09,sunscreen,adolescent,2,45,0.044444,True,False
2024-09,sunscreen,cosmetics,2,45,0.044444,True,False
2024-09,sunscreen,hyperpigmentation,2,45,0.044444,True,False
2024-09,sunscreen,photosynthesis,2,45,0.044444,True,False
2024-09,sunscreen,reactive oxygen species,2,45,0.044444,True,False
2024-09,sunscreen,skin,2,45,0.044444,True,False
2024-09,sunscreen,sunburn,2,45,0.044444,True,False
2024-09,sunscreen,transcriptome,2,45,0.044444,True,False
2024-09,sunscreen,4-aminobenzoic acid,1,45,0.022222,True,False
2024-09,sunscreen,"administration, cutaneous",1,45,0.022222,True,False
2024-09,sunscreen,age factors,1,45,0.022222,True,False
2024-09,sunscreen,alopecia,1,45,0.022222,True,False
2024-09,sunscreen,"anesthetics, local",1,45,0.022222,True,False
2024-09,sunscreen,anthozoa,1,45,0.022222,True,False
2024-09,sunscreen,anthracenes,1,45,0.022222,True,False
2024-09,sunscreen,anti-bacterial agents,1,45,0.022222,True,False
2024-09,sunscreen,antioxidants,1,45,0.022222,True,False
2024-09,sunscreen,arabidopsis,1,45,0.022222,True,False
2024-09,sunscreen,athletes,1,45,0.022222,True,False
2024-09,sunscreen,bacteria,1,45,0.022222,True,False
2024-09,sunscreen,benzocaine,1,45,0.022222,True,False
2024-09,sunscreen,"biodegradation, environmental",1,45,0.022222,True,False
2024-09,sunscreen,brassinosteroids,1,45,0.022222,True,False
2024-09,sunscreen,brazil,1,45,0.022222,True,False
2024-09,sunscreen,bromobenzenes,1,45,0.022222,True,False
2024-09,sunscreen,california,1,45,0.022222,True,False
2024-09,sunscreen,carotenoids,1,45,0.022222,True,False
2024-09,sunscreen,cellulose,1,45,0.022222,True,False
2024-09,sunscreen,child,1,45,0.022222,True,False
2024-09,sunscreen,"child, preschool",1,45,0.022222,True,False
2024-09,sunscreen,chlorella,1,45,0.022222,True,False
2024-09,sunscreen,chlorophyll,1,45,0.022222,True,False
2024-09,sunscreen,chlorophyll a,1,45,0.022222,True,False
2024-09,sunscreen,cinnamates,1,45,0.022222,True,False
2024-09,sunscreen,climate change,1,45,0.022222,True,False
2024-09,sunscreen,color,1,45,0.022222,True,False
2024-09,sunscreen,colorimetry,1,45,0.022222,True,False
2024-09,sunscreen,coral reefs,1,45,0.022222,True,False
2024-09,sunscreen,cosmetic techniques,1,45,0.022222,True,False
2024-09,sunscreen,cross-sectional studies,1,45,0.022222,True,False
2024-09,sunscreen,"crystallography, x-ray",1,45,0.022222,True,False
2024-09,sunscreen,daphnia,1,45,0.022222,True,False
2024-09,sunscreen,daphnia magna,1,45,0.022222,True,False
2024-09,sunscreen,dasatinib,1,45,0.022222,True,False
2024-09,sunscreen,dermatologic agents,1,45,0.022222,True,False
2024-09,sunscreen,dermatologists,1,45,0.022222,True,False
2024-09,sunscreen,diatoms,1,45,0.022222,True,False
2024-09,sunscreen,dinoflagellida,1,45,0.022222,True,False
2024-09,sunscreen,dna damage,1,45,0.022222,True,False
2024-09,sunscreen,drought resistance,1,45,0.022222,True,False
2024-09,sunscreen,droughts,1,45,0.022222,True,False
2024-09,sunscreen,drug carriers,1,45,0.022222,True,False
2024-09,sunscreen,ecotoxicology,1,45,0.022222,True,False
2024-09,sunscreen,"embryo, nonmammalian",1,45,0.022222,True,False
2024-09,sunscreen,energy transfer,1,45,0.022222,True,False
2024-09,sunscreen,environmental exposure,1,45,0.022222,True,False
2024-09,sunscreen,environmental pollutants,1,45,0.022222,True,False
2024-09,sunscreen,epidermis,1,45,0.022222,True,False
2024-09,sunscreen,erythema,1,45,0.022222,True,False
2024-09,sunscreen,face,1,45,0.022222,True,False
2024-09,sunscreen,fibrosis,1,45,0.022222,True,False
2024-09,sunscreen,fluorescent dyes,1,45,0.022222,True,False
2024-09,sunscreen,free radicals,1,45,0.022222,True,False
2024-09,sunscreen,"gene expression regulation, plant",1,45,0.022222,True,False
2024-09,sunscreen,gingival crevicular fluid,1,45,0.022222,True,False
2024-09,sunscreen,gingivitis,1,45,0.022222,True,False
2024-09,sunscreen,health behavior,1,45,0.022222,True,False
2024-09,sunscreen,"health knowledge, attitudes, practice",1,45,0.022222,True,False
2024-09,sunscreen,hormesis,1,45,0.022222,True,False
2024-09,sunscreen,hot temperature,1,45,0.022222,True,False
2024-09,sunscreen,internship and residency,1,45,0.022222,True,False
2024-09,sunscreen,keratinocytes,1,45,0.022222,True,False
2024-09,sunscreen,kidney,1,45,0.022222,True,False
2024-09,sunscreen,larva,1,45,0.022222,True,False
2024-09,sunscreen,lichen planus,1,45,0.022222,True,False
2024-09,sunscreen,life style,1,45,0.022222,True,False
2024-09,sunscreen,light,1,45,0.022222,True,False
2024-09,sunscreen,light-harvesting protein complexes,1,45,0.022222,True,False
2024-09,sunscreen,lipids,1,45,0.022222,True,False
2024-09,sunscreen,malondialdehyde,1,45,0.022222,True,False
2024-09,sunscreen,matrix metalloproteinase 9,1,45,0.022222,True,False
2024-09,sunscreen,melanosis,1,45,0.022222,True,False
2024-09,sunscreen,metal nanoparticles,1,45,0.022222,True,False
2024-09,sunscreen,microalgae,1,45,0.022222,True,False
2024-09,sunscreen,microbial consortia,1,45,0.022222,True,False
2024-09,sunscreen,microbiota,1,45,0.022222,True,False
2024-09,sunscreen,"models, molecular",1,45,0.022222,True,False
2024-09,sunscreen,mutagenesis,1,45,0.022222,True,False
2024-09,sunscreen,mutation,1,45,0.022222,True,False
2024-09,sunscreen,mytilus,1,45,0.022222,True,False
2024-09,sunscreen,nanoparticles,1,45,0.022222,True,False
2024-09,sunscreen,nanotechnology,1,45,0.022222,True,False
2024-09,sunscreen,ofloxacin,1,45,0.022222,True,False
2024-09,sunscreen,oxidation-reduction,1,45,0.022222,True,False
2024-09,sunscreen,oxidative stress,1,45,0.022222,True,False
2024-09,sunscreen,patient compliance,1,45,0.022222,True,False
2024-09,sunscreen,periodontal attachment loss,1,45,0.022222,True,False
2024-09,sunscreen,periodontal diseases,1,45,0.022222,True,False
2024-09,sunscreen,periodontal index,1,45,0.022222,True,False
2024-09,sunscreen,periodontitis,1,45,0.022222,True,False
2024-09,sunscreen,perylene,1,45,0.022222,True,False
2024-09,sunscreen,photobleaching,1,45,0.022222,True,False
2024-09,sunscreen,photosensitizing agents,1,45,0.022222,True,False
2024-09,sunscreen,phthalic acids,1,45,0.022222,True,False
2024-09,sunscreen,plant proteins,1,45,0.022222,True,False
2024-09,sunscreen,polymers,1,45,0.022222,True,False
2024-09,sunscreen,"practice patterns, physicians'",1,45,0.022222,True,False
2024-09,sunscreen,prevalence,1,45,0.022222,True,False
2024-09,sunscreen,propionibacterium acnes,1,45,0.022222,True,False
2024-09,sunscreen,propiophenones,1,45,0.022222,True,False
2024-09,sunscreen,protective clothing,1,45,0.022222,True,False
2024-09,sunscreen,protein conformation,1,45,0.022222,True,False
2024-09,sunscreen,protozoan proteins,1,45,0.022222,True,False
2024-09,sunscreen,pseudomonas,1,45,0.022222,True,False
2024-09,sunscreen,reminder systems,1,45,0.022222,True,False
2024-09,sunscreen,risk factors,1,45,0.022222,True,False
2024-09,sunscreen,rosacea,1,45,0.022222,True,False
2024-09,sunscreen,silver,1,45,0.022222,True,False
2024-09,sunscreen,singlet oxygen,1,45,0.022222,True,False
2024-09,sunscreen,skin absorption,1,45,0.022222,True,False
2024-09,sunscreen,skin care,1,45,0.022222,True,False
2024-09,sunscreen,skin microbiome,1,45,0.022222,True,False
2024-09,sunscreen,socioeconomic factors,1,45,0.022222,True,False
2024-09,sunscreen,sorghum,1,45,0.022222,True,False
2024-09,sunscreen,spain,1,45,0.022222,True,False
2024-09,sunscreen,spermatozoa,1,45,0.022222,True,False
2024-09,sunscreen,"stress, physiological",1,45,0.022222,True,False
2024-09,sunscreen,sun protection factor,1,45,0.022222,True,False
2024-09,sunscreen,temperature,1,45,0.022222,True,False
2024-09,sunscreen,tennis,1,45,0.022222,True,False
2024-09,sunscreen,thyroid gland,1,45,0.022222,True,False
2024-09,sunscreen,thyroid hormones,1,45,0.022222,True,False
2024-09,sunscreen,toxicogenetics,1,45,0.022222,True,False
2024-09,sunscreen,treatment outcome,1,45,0.022222,True,False
2024-09,sunscreen,vitamin d,1,45,0.022222,True,False
2024-09,sunscreen,vitamin d deficiency,1,45,0.022222,True,False
2024-09,sunscreen,zebrafish,1,45,0.022222,True,False
2024-10,sunscreen,humans,20,58,0.344828,False,False
2024-10,sunscreen,sunscreening agents,14,58,0.241379,False,False
2024-10,sunscreen,ultraviolet rays,12,58,0.206897,False,False
2024-10,sunscreen,animals,10,58,0.172414,False,False
2024-10,sunscreen,female,8,58,0.137931,False,False
2024-10,sunscreen,male,8,58,0.137931,False,False
2024-10,sunscreen,"water pollutants, chemical",6,58,0.103448,False,False
2024-10,sunscreen,antioxidants,5,58,0.086207,False,False
2024-10,sunscreen,adult,4,58,0.068966,False,False
2024-10,sunscreen,benzophenones,4,58,0.068966,False,False
2024-10,sunscreen,photosynthesis,4,58,0.068966,False,False
2024-10,sunscreen,skin neoplasms,4,58,0.068966,False,False
2024-10,sunscreen,sun protection factor,4,58,0.068966,False,False
2024-10,sunscreen,adolescent,3,58,0.051724,False,False
2024-10,sunscreen,aged,3,58,0.051724,False,False
2024-10,sunscreen,cell survival,3,58,0.051724,False,False
2024-10,sunscreen,chlorophyll,3,58,0.051724,False,False
2024-10,sunscreen,daphnia,3,58,0.051724,False,False
2024-10,sunscreen,melanins,3,58,0.051724,False,False
2024-10,sunscreen,middle aged,3,58,0.051724,False,False
2024-10,sunscreen,oxidative stress,3,58,0.051724,False,False
2024-10,sunscreen,photosystem ii protein complex,3,58,0.051724,False,False
2024-10,sunscreen,plant extracts,3,58,0.051724,False,False
2024-10,sunscreen,reproduction,3,58,0.051724,False,False
2024-10,sunscreen,skin,3,58,0.051724,False,False
2024-10,sunscreen,skin aging,3,58,0.051724,False,False
2024-10,sunscreen,thyroid gland,3,58,0.051724,False,False
2024-10,sunscreen,zebrafish,3,58,0.051724,False,False
2024-10,sunscreen,arabidopsis,2,58,0.034483,False,False
2024-10,sunscreen,biphenyl compounds,2,58,0.034483,False,False
2024-10,sunscreen,carotenoids,2,58,0.034483,False,False
2024-10,sunscreen,catalase,2,58,0.034483,False,False
2024-10,sunscreen,cell line,2,58,0.034483,False,False
2024-10,sunscreen,child,2,58,0.034483,False,False
2024-10,sunscreen,cross-sectional studies,2,58,0.034483,False,False
2024-10,sunscreen,"embryo, nonmammalian",2,58,0.034483,False,False
2024-10,sunscreen,endocrine disruptors,2,58,0.034483,False,False
2024-10,sunscreen,energy transfer,2,58,0.034483,False,False
2024-10,sunscreen,hacat cells,2,58,0.034483,False,False
2024-10,sunscreen,light,2,58,0.034483,False,False
2024-10,sunscreen,light-harvesting protein complexes,2,58,0.034483,False,False
2024-10,sunscreen,mutation,2,58,0.034483,False,False
2024-10,sunscreen,prospective studies,2,58,0.034483,False,False
2024-10,sunscreen,reactive oxygen species,2,58,0.034483,False,False
2024-10,sunscreen,superoxide dismutase,2,58,0.034483,False,False
2024-10,sunscreen,surveys and questionnaires,2,58,0.034483,False,False
2024-10,sunscreen,wound healing,2,58,0.034483,False,False
2024-10,sunscreen,young adult,2,58,0.034483,False,False
2024-10,sunscreen,acne vulgaris,1,58,0.017241,False,False
2024-10,sunscreen,acrylates,1,58,0.017241,False,False
2024-10,sunscreen,age factors,1,58,0.017241,False,False
2024-10,sunscreen,"aged, 80 and over",1,58,0.017241,False,False
2024-10,sunscreen,anti-inflammatory agents,1,58,0.017241,False,False
2024-10,sunscreen,arabidopsis proteins,1,58,0.017241,False,False
2024-10,sunscreen,artificial intelligence,1,58,0.017241,False,False
2024-10,sunscreen,basic-leucine zipper transcription factors,1,58,0.017241,False,False
2024-10,sunscreen,beauty culture,1,58,0.017241,False,False
2024-10,sunscreen,"behavior, animal",1,58,0.017241,False,False
2024-10,sunscreen,bentonite,1,58,0.017241,False,False
2024-10,sunscreen,benzene,1,58,0.017241,False,False
2024-10,sunscreen,benzoyl peroxide,1,58,0.017241,False,False
2024-10,sunscreen,bioaccumulation,1,58,0.017241,False,False
2024-10,sunscreen,biocatalysis,1,58,0.017241,False,False
2024-10,sunscreen,biomimetic materials,1,58,0.017241,False,False
2024-10,sunscreen,biopsy,1,58,0.017241,False,False
2024-10,sunscreen,camphor,1,58,0.017241,False,False
2024-10,sunscreen,canada,1,58,0.017241,False,False
2024-10,sunscreen,carbohydrate metabolism,1,58,0.017241,False,False
2024-10,sunscreen,carcinogens,1,58,0.017241,False,False
2024-10,sunscreen,"cell line, tumor",1,58,0.017241,False,False
2024-10,sunscreen,cell proliferation,1,58,0.017241,False,False
2024-10,sunscreen,cellular senescence,1,58,0.017241,False,False
2024-10,sunscreen,chelating agents,1,58,0.017241,False,False
2024-10,sunscreen,chemexfoliation,1,58,0.017241,False,False
2024-10,sunscreen,"child, preschool",1,58,0.017241,False,False
2024-10,sunscreen,chlorine,1,58,0.017241,False,False
2024-10,sunscreen,chlorophyll a,1,58,0.017241,False,False
2024-10,sunscreen,"chromatography, high pressure liquid",1,58,0.017241,False,False
2024-10,sunscreen,"chromosomal proteins, non-histone",1,58,0.017241,False,False
2024-10,sunscreen,cornus,1,58,0.017241,False,False
2024-10,sunscreen,cosmetics,1,58,0.017241,False,False
2024-10,sunscreen,coumaric acids,1,58,0.017241,False,False
2024-10,sunscreen,covid-19,1,58,0.017241,False,False
2024-10,sunscreen,"crops, agricultural",1,58,0.017241,False,False
2024-10,sunscreen,cutaneous malignant melanoma,1,58,0.017241,False,False
2024-10,sunscreen,daphnia magna,1,58,0.017241,False,False
2024-10,sunscreen,deep eutectic solvents,1,58,0.017241,False,False
2024-10,sunscreen,delphi technique,1,58,0.017241,False,False
2024-10,sunscreen,dermatologic agents,1,58,0.017241,False,False
2024-10,sunscreen,dermoscopy,1,58,0.017241,False,False
2024-10,sunscreen,dimerization,1,58,0.017241,False,False
2024-10,sunscreen,dipeptides,1,58,0.017241,False,False
2024-10,sunscreen,disinfectants,1,58,0.017241,False,False
2024-10,sunscreen,disinfection,1,58,0.017241,False,False
2024-10,sunscreen,dna damage,1,58,0.017241,False,False
2024-10,sunscreen,dna repair,1,58,0.017241,False,False
2024-10,sunscreen,"dose-response relationship, drug",1,58,0.017241,False,False
2024-10,sunscreen,drug carriers,1,58,0.017241,False,False
2024-10,sunscreen,drug delivery systems,1,58,0.017241,False,False
2024-10,sunscreen,drug stability,1,58,0.017241,False,False
2024-10,sunscreen,drug storage,1,58,0.017241,False,False
2024-10,sunscreen,ecotoxicology,1,58,0.017241,False,False
2024-10,sunscreen,england,1,58,0.017241,False,False
2024-10,sunscreen,feeding behavior,1,58,0.017241,False,False
2024-10,sunscreen,fibroblasts,1,58,0.017241,False,False
2024-10,sunscreen,flavonoids,1,58,0.017241,False,False
2024-10,sunscreen,fluorescence,1,58,0.017241,False,False
2024-10,sunscreen,free radical scavengers,1,58,0.017241,False,False
2024-10,sunscreen,free radicals,1,58,0.017241,False,False
2024-10,sunscreen,fresh water,1,58,0.017241,False,False
2024-10,sunscreen,gas chromatography-mass spectrometry,1,58,0.017241,False,False
2024-10,sunscreen,"gene expression regulation, developmental",1,58,0.017241,False,False
2024-10,sunscreen,"gene expression regulation, plant",1,58,0.017241,False,False
2024-10,sunscreen,glutathione,1,58,0.017241,False,False
2024-10,sunscreen,glutathione transferase,1,58,0.017241,False,False
2024-10,sunscreen,growth hormone,1,58,0.017241,False,False
2024-10,sunscreen,halogenation,1,58,0.017241,False,False
2024-10,sunscreen,health behavior,1,58,0.017241,False,False
2024-10,sunscreen,"health knowledge, attitudes, practice",1,58,0.017241,False,False
2024-10,sunscreen,heart rate,1,58,0.017241,False,False
2024-10,sunscreen,hydroquinones,1,58,0.017241,False,False
2024-10,sunscreen,hyperpigmentation,1,58,0.017241,False,False
2024-10,sunscreen,indoles,1,58,0.017241,False,False
2024-10,sunscreen,insulin-like growth factor i,1,58,0.017241,False,False
2024-10,sunscreen,iron,1,58,0.017241,False,False
2024-10,sunscreen,iron-sulfur proteins,1,58,0.017241,False,False
2024-10,sunscreen,keratinocytes,1,58,0.017241,False,False
2024-10,sunscreen,kinetics,1,58,0.017241,False,False
2024-10,sunscreen,larva,1,58,0.017241,False,False
2024-10,sunscreen,laser therapy,1,58,0.017241,False,False
2024-10,sunscreen,latin america,1,58,0.017241,False,False
2024-10,sunscreen,lipids,1,58,0.017241,False,False
2024-10,sunscreen,liver,1,58,0.017241,False,False
2024-10,sunscreen,malates,1,58,0.017241,False,False
2024-10,sunscreen,melanogenesis,1,58,0.017241,False,False
2024-10,sunscreen,melanoma,1,58,0.017241,False,False
2024-10,sunscreen,melanosis,1,58,0.017241,False,False
2024-10,sunscreen,metals,1,58,0.017241,False,False
2024-10,sunscreen,microalgae,1,58,0.017241,False,False
2024-10,sunscreen,microplastics,1,58,0.017241,False,False
2024-10,sunscreen,micrornas,1,58,0.017241,False,False
2024-10,sunscreen,microwaves,1,58,0.017241,False,False
2024-10,sunscreen,mitochondria,1,58,0.017241,False,False
2024-10,sunscreen,mixed function oxygenases,1,58,0.017241,False,False
2024-10,sunscreen,molecular docking simulation,1,58,0.017241,False,False
2024-10,sunscreen,molecular structure,1,58,0.017241,False,False
2024-10,sunscreen,monophenol monooxygenase,1,58,0.017241,False,False
2024-10,sunscreen,monosaccharides,1,58,0.017241,False,False
2024-10,sunscreen,monte carlo method,1,58,0.017241,False,False
2024-10,sunscreen,nails,1,58,0.017241,False,False
2024-10,sunscreen,nanostructures,1,58,0.017241,False,False
2024-10,sunscreen,neoplasm staging,1,58,0.017241,False,False
2024-10,sunscreen,"nevus, pigmented",1,58,0.017241,False,False
2024-10,sunscreen,nicotiana,1,58,0.017241,False,False
2024-10,sunscreen,nutrition surveys,1,58,0.017241,False,False
2024-10,sunscreen,oxidation-reduction,1,58,0.017241,False,False
2024-10,sunscreen,pandemics,1,58,0.017241,False,False
2024-10,sunscreen,particle size,1,58,0.017241,False,False
2024-10,sunscreen,passiflora,1,58,0.017241,False,False
2024-10,sunscreen,phenylpropionates,1,58,0.017241,False,False
2024-10,sunscreen,"photoreceptors, plant",1,58,0.017241,False,False
2024-10,sunscreen,picrates,1,58,0.017241,False,False
2024-10,sunscreen,pilot projects,1,58,0.017241,False,False
2024-10,sunscreen,plant leaves,1,58,0.017241,False,False
2024-10,sunscreen,plants,1,58,0.017241,False,False
2024-10,sunscreen,plastids,1,58,0.017241,False,False
2024-10,sunscreen,polysaccharides,1,58,0.017241,False,False
2024-10,sunscreen,polystyrenes,1,58,0.017241,False,False
2024-10,sunscreen,pregnancy,1,58,0.017241,False,False
2024-10,sunscreen,prevalence,1,58,0.017241,False,False
2024-10,sunscreen,prognosis,1,58,0.017241,False,False
2024-10,sunscreen,public health,1,58,0.017241,False,False
2024-10,sunscreen,pyrones,1,58,0.017241,False,False
2024-10,sunscreen,quality of life,1,58,0.017241,False,False
2024-10,sunscreen,rats,1,58,0.017241,False,False
2024-10,sunscreen,"receptors, androgen",1,58,0.017241,False,False
2024-10,sunscreen,risk factors,1,58,0.017241,False,False
2024-10,sunscreen,salt-tolerant plants,1,58,0.017241,False,False
2024-10,sunscreen,sars-cov-2,1,58,0.017241,False,False
2024-10,sunscreen,seasons,1,58,0.017241,False,False
2024-10,sunscreen,severity of illness index,1,58,0.017241,False,False
2024-10,sunscreen,sex distribution,1,58,0.017241,False,False
2024-10,sunscreen,sex factors,1,58,0.017241,False,False
2024-10,sunscreen,skin lightening preparations,1,58,0.017241,False,False
2024-10,sunscreen,sociodemographic factors,1,58,0.017241,False,False
2024-10,sunscreen,socioeconomic factors,1,58,0.017241,False,False
2024-10,sunscreen,solar energy,1,58,0.017241,False,False
2024-10,sunscreen,sulfur,1,58,0.017241,False,False
2024-10,sunscreen,sunbathing,1,58,0.017241,False,False
2024-10,sunscreen,sunburn,1,58,0.017241,False,False
2024-10,sunscreen,swimming,1,58,0.017241,False,False
2024-10,sunscreen,tandem mass spectrometry,1,58,0.017241,False,False
2024-10,sunscreen,temperature,1,58,0.017241,False,False
2024-10,sunscreen,thylakoids,1,58,0.017241,False,False
2024-10,sunscreen,thyroid hormone receptors alpha,1,58,0.017241,False,False
2024-10,sunscreen,thyroid hormones,1,58,0.017241,False,False
2024-10,sunscreen,thyroxine,1,58,0.017241,False,False
2024-10,sunscreen,toxicity tests,1,58,0.017241,False,False
2024-10,sunscreen,triazines,1,58,0.017241,False,False
2024-10,sunscreen,triiodothyronine,1,58,0.017241,False,False
2024-10,sunscreen,turkey,1,58,0.017241,False,False
2024-10,sunscreen,united states,1,58,0.017241,False,False
2024-10,sunscreen,upper extremity,1,58,0.017241,False,False
2024-10,sunscreen,vitamin d,1,58,0.017241,False,False
2024-10,sunscreen,vitamin d deficiency,1,58,0.017241,False,False
2024-10,sunscreen,wastewater,1,58,0.017241,False,False
2024-10,sunscreen,xanthophylls,1,58,0.017241,False,False
2024-10,sunscreen,zeaxanthins,1,58,0.017241,False,False
2024-10,sunscreen,zebrafish proteins,1,58,0.017241,False,False
2024-10,sunscreen,zinc oxide,1,58,0.017241,False,False
2024-11,sunscreen,humans,28,62,0.451613,False,False
2024-11,sunscreen,sunscreening agents,26,62,0.419355,False,False
2024-11,sunscreen,ultraviolet rays,22,62,0.354839,False,False
2024-11,sunscreen,animals,13,62,0.209677,False,False
2024-11,sunscreen,antioxidants,12,62,0.193548,False,False
2024-11,sunscreen,female,12,62,0.193548,False,False
2024-11,sunscreen,male,10,62,0.16129,False,False
2024-11,sunscreen,adult,7,62,0.112903,False,False
2024-11,sunscreen,skin neoplasms,7,62,0.112903,False,False
2024-11,sunscreen,"water pollutants, chemical",7,62,0.112903,False,False
2024-11,sunscreen,light,6,62,0.096774,False,False
2024-11,sunscreen,skin,6,62,0.096774,False,False
2024-11,sunscreen,cell survival,5,62,0.080645,False,False
2024-11,sunscreen,middle aged,5,62,0.080645,False,False
2024-11,sunscreen,young adult,5,62,0.080645,False,False
2024-11,sunscreen,benzophenones,4,62,0.064516,False,False
2024-11,sunscreen,nanoparticles,4,62,0.064516,False,False
2024-11,sunscreen,photosynthesis,4,62,0.064516,False,False
2024-11,sunscreen,skin aging,4,62,0.064516,False,False
2024-11,sunscreen,sunburn,4,62,0.064516,False,False
2024-11,sunscreen,cinnamates,3,62,0.048387,False,False
2024-11,sunscreen,cross-sectional studies,3,62,0.048387,False,False
2024-11,sunscreen,fibroblasts,3,62,0.048387,False,False
2024-11,sunscreen,"health knowledge, attitudes, practice",3,62,0.048387,False,False
2024-11,sunscreen,hydrogen-ion concentration,3,62,0.048387,False,False
2024-11,sunscreen,lignin,3,62,0.048387,False,False
2024-11,sunscreen,mice,3,62,0.048387,False,False
2024-11,sunscreen,plant extracts,3,62,0.048387,False,False
2024-11,sunscreen,plant proteins,3,62,0.048387,False,False
2024-11,sunscreen,titanium,3,62,0.048387,False,False
2024-11,sunscreen,3t3 cells,2,62,0.032258,False,False
2024-11,sunscreen,acne vulgaris,2,62,0.032258,False,False
2024-11,sunscreen,"administration, cutaneous",2,62,0.032258,False,False
2024-11,sunscreen,adolescent,2,62,0.032258,False,False
2024-11,sunscreen,aged,2,62,0.032258,False,False
2024-11,sunscreen,amino acids,2,62,0.032258,False,False
2024-11,sunscreen,anti-bacterial agents,2,62,0.032258,False,False
2024-11,sunscreen,blue light,2,62,0.032258,False,False
2024-11,sunscreen,chlorophyll,2,62,0.032258,False,False
2024-11,sunscreen,cosmetics,2,62,0.032258,False,False
2024-11,sunscreen,electrochemical techniques,2,62,0.032258,False,False
2024-11,sunscreen,endocrine disruptors,2,62,0.032258,False,False
2024-11,sunscreen,environmental monitoring,2,62,0.032258,False,False
2024-11,sunscreen,"gene expression regulation, plant",2,62,0.032258,False,False
2024-11,sunscreen,hydrogen peroxide,2,62,0.032258,False,False
2024-11,sunscreen,molecular docking simulation,2,62,0.032258,False,False
2024-11,sunscreen,phenols,2,62,0.032258,False,False
2024-11,sunscreen,photosensitivity disorders,2,62,0.032258,False,False
2024-11,sunscreen,photosystem ii protein complex,2,62,0.032258,False,False
2024-11,sunscreen,phylogeny,2,62,0.032258,False,False
2024-11,sunscreen,pilot projects,2,62,0.032258,False,False
2024-11,sunscreen,plant diseases,2,62,0.032258,False,False
2024-11,sunscreen,reactive oxygen species,2,62,0.032258,False,False
2024-11,sunscreen,signal transduction,2,62,0.032258,False,False
2024-11,sunscreen,"spectrometry, mass, electrospray ionization",2,62,0.032258,False,False
2024-11,sunscreen,"spectroscopy, fourier transform infrared",2,62,0.032258,False,False
2024-11,sunscreen,"stress, physiological",2,62,0.032258,False,False
2024-11,sunscreen,sun protection factor,2,62,0.032258,False,False
2024-11,sunscreen,sunlight,2,62,0.032258,False,False
2024-11,sunscreen,surveys and questionnaires,2,62,0.032258,False,False
2024-11,sunscreen,treatment outcome,2,62,0.032258,False,False
2024-11,sunscreen,zebrafish,2,62,0.032258,False,False
2024-11,sunscreen,zinc oxide,2,62,0.032258,False,False
2024-11,sunscreen,4-aminobenzoic acid,1,62,0.016129,False,False
2024-11,sunscreen,acclimatization,1,62,0.016129,False,False
2024-11,sunscreen,acrylates,1,62,0.016129,False,False
2024-11,sunscreen,agaricales,1,62,0.016129,False,False
2024-11,sunscreen,alismatales,1,62,0.016129,False,False
2024-11,sunscreen,allergens,1,62,0.016129,False,False
2024-11,sunscreen,androgen antagonists,1,62,0.016129,False,False
2024-11,sunscreen,anthozoa,1,62,0.016129,False,False
2024-11,sunscreen,"antibodies, antinuclear",1,62,0.016129,False,False
2024-11,sunscreen,arabidopsis,1,62,0.016129,False,False
2024-11,sunscreen,arachis,1,62,0.016129,False,False
2024-11,sunscreen,attitude of health personnel,1,62,0.016129,False,False
2024-11,sunscreen,autophagy,1,62,0.016129,False,False
2024-11,sunscreen,benzhydryl compounds,1,62,0.016129,False,False
2024-11,sunscreen,benzoxazoles,1,62,0.016129,False,False
2024-11,sunscreen,biofilms,1,62,0.016129,False,False
2024-11,sunscreen,biological products,1,62,0.016129,False,False
2024-11,sunscreen,biomarkers,1,62,0.016129,False,False
2024-11,sunscreen,biphenyl compounds,1,62,0.016129,False,False
2024-11,sunscreen,bisphenol a compounds,1,62,0.016129,False,False
2024-11,sunscreen,caffeic acids,1,62,0.016129,False,False
2024-11,sunscreen,camphor,1,62,0.016129,False,False
2024-11,sunscreen,case-control studies,1,62,0.016129,False,False
2024-11,sunscreen,catalysis,1,62,0.016129,False,False
2024-11,sunscreen,cell cycle proteins,1,62,0.016129,False,False
2024-11,sunscreen,cell line,1,62,0.016129,False,False
2024-11,sunscreen,cell proliferation,1,62,0.016129,False,False
2024-11,sunscreen,cell respiration,1,62,0.016129,False,False
2024-11,sunscreen,chalcones,1,62,0.016129,False,False
2024-11,sunscreen,chemical precipitation,1,62,0.016129,False,False
2024-11,sunscreen,child,1,62,0.016129,False,False
2024-11,sunscreen,chitosan,1,62,0.016129,False,False
2024-11,sunscreen,chlamydomonas reinhardtii,1,62,0.016129,False,False
2024-11,sunscreen,chlorides,1,62,0.016129,False,False
2024-11,sunscreen,"chromatography, high pressure liquid",1,62,0.016129,False,False
2024-11,sunscreen,"chromatography, liquid",1,62,0.016129,False,False
2024-11,sunscreen,cicatrix,1,62,0.016129,False,False
2024-11,sunscreen,clay,1,62,0.016129,False,False
2024-11,sunscreen,cold temperature,1,62,0.016129,False,False
2024-11,sunscreen,cosmeceuticals,1,62,0.016129,False,False
2024-11,sunscreen,costs and cost analysis,1,62,0.016129,False,False
2024-11,sunscreen,coumaric acids,1,62,0.016129,False,False
2024-11,sunscreen,counseling,1,62,0.016129,False,False
2024-11,sunscreen,cucumis sativus,1,62,0.016129,False,False
2024-11,sunscreen,cyanobacteria,1,62,0.016129,False,False
2024-11,sunscreen,cyclohexanols,1,62,0.016129,False,False
2024-11,sunscreen,cyclohexanones,1,62,0.016129,False,False
2024-11,sunscreen,cyclohexylamines,1,62,0.016129,False,False
2024-11,sunscreen,dapsone,1,62,0.016129,False,False
2024-11,sunscreen,density functional theory,1,62,0.016129,False,False
2024-11,sunscreen,dermal fillers,1,62,0.016129,False,False
2024-11,sunscreen,dermatitis,1,62,0.016129,False,False
2024-11,sunscreen,"dermatitis, allergic contact",1,62,0.016129,False,False
2024-11,sunscreen,dermatologic agents,1,62,0.016129,False,False
2024-11,sunscreen,dermatologists,1,62,0.016129,False,False
2024-11,sunscreen,dermatology,1,62,0.016129,False,False
2024-11,sunscreen,dihydrotestosterone,1,62,0.016129,False,False
2024-11,sunscreen,dimethylformamide,1,62,0.016129,False,False
2024-11,sunscreen,drug carriers,1,62,0.016129,False,False
2024-11,sunscreen,drug design,1,62,0.016129,False,False
2024-11,sunscreen,drug liberation,1,62,0.016129,False,False
2024-11,sunscreen,drug stability,1,62,0.016129,False,False
2024-11,sunscreen,drug-related side effects and adverse reactions,1,62,0.016129,False,False
2024-11,sunscreen,ducks,1,62,0.016129,False,False
2024-11,sunscreen,dysbiosis,1,62,0.016129,False,False
2024-11,sunscreen,electrodes,1,62,0.016129,False,False
2024-11,sunscreen,electron transport,1,62,0.016129,False,False
2024-11,sunscreen,endangered species,1,62,0.016129,False,False
2024-11,sunscreen,environmental exposure,1,62,0.016129,False,False
2024-11,sunscreen,enzyme inhibitors,1,62,0.016129,False,False
2024-11,sunscreen,estrogens,1,62,0.016129,False,False
2024-11,sunscreen,ethylenediamines,1,62,0.016129,False,False
2024-11,sunscreen,european union,1,62,0.016129,False,False
2024-11,sunscreen,exposome,1,62,0.016129,False,False
2024-11,sunscreen,extracellular vesicles,1,62,0.016129,False,False
2024-11,sunscreen,face,1,62,0.016129,False,False
2024-11,sunscreen,feasibility studies,1,62,0.016129,False,False
2024-11,sunscreen,ferric compounds,1,62,0.016129,False,False
2024-11,sunscreen,fertilization,1,62,0.016129,False,False
2024-11,sunscreen,flavanones,1,62,0.016129,False,False
2024-11,sunscreen,flavonoids,1,62,0.016129,False,False
2024-11,sunscreen,flowers,1,62,0.016129,False,False
2024-11,sunscreen,fluorescence,1,62,0.016129,False,False
2024-11,sunscreen,focal adhesion kinase 1,1,62,0.016129,False,False
2024-11,sunscreen,free radical scavengers,1,62,0.016129,False,False
2024-11,sunscreen,gels,1,62,0.016129,False,False
2024-11,sunscreen,genetic predisposition to disease,1,62,0.016129,False,False
2024-11,sunscreen,genotype,1,62,0.016129,False,False
2024-11,sunscreen,glycine,1,62,0.016129,False,False
2024-11,sunscreen,glycoside hydrolase inhibitors,1,62,0.016129,False,False
2024-11,sunscreen,hacat cells,1,62,0.016129,False,False
2024-11,sunscreen,hair dyes,1,62,0.016129,False,False
2024-11,sunscreen,hair preparations,1,62,0.016129,False,False
2024-11,sunscreen,health behavior,1,62,0.016129,False,False
2024-11,sunscreen,health education,1,62,0.016129,False,False
2024-11,sunscreen,hek293 cells,1,62,0.016129,False,False
2024-11,sunscreen,hep g2 cells,1,62,0.016129,False,False
2024-11,sunscreen,holistic health,1,62,0.016129,False,False
2024-11,sunscreen,host-parasite interactions,1,62,0.016129,False,False
2024-11,sunscreen,host-pathogen interactions,1,62,0.016129,False,False
2024-11,sunscreen,hyaluronic acid,1,62,0.016129,False,False
2024-11,sunscreen,hydroxysteroid dehydrogenases,1,62,0.016129,False,False
2024-11,sunscreen,hydroxyurea,1,62,0.016129,False,False
2024-11,sunscreen,hypericum,1,62,0.016129,False,False
2024-11,sunscreen,hypoglycemic agents,1,62,0.016129,False,False
2024-11,sunscreen,infant,1,62,0.016129,False,False
2024-11,sunscreen,"infant, newborn",1,62,0.016129,False,False
2024-11,sunscreen,kinetics,1,62,0.016129,False,False
2024-11,sunscreen,larva,1,62,0.016129,False,False
2024-11,sunscreen,light-harvesting protein complexes,1,62,0.016129,False,False
2024-11,sunscreen,lipid peroxidation,1,62,0.016129,False,False
2024-11,sunscreen,lipids,1,62,0.016129,False,False
2024-11,sunscreen,liposomes,1,62,0.016129,False,False
2024-11,sunscreen,macaca fascicularis,1,62,0.016129,False,False
2024-11,sunscreen,magnetic resonance spectroscopy,1,62,0.016129,False,False
2024-11,sunscreen,magnolia,1,62,0.016129,False,False
2024-11,sunscreen,malondialdehyde,1,62,0.016129,False,False
2024-11,sunscreen,mediterranean sea,1,62,0.016129,False,False
2024-11,sunscreen,melanocytes,1,62,0.016129,False,False
2024-11,sunscreen,melanosomes,1,62,0.016129,False,False
2024-11,sunscreen,melatonin,1,62,0.016129,False,False
2024-11,sunscreen,membrane proteins,1,62,0.016129,False,False
2024-11,sunscreen,membrane transport proteins,1,62,0.016129,False,False
2024-11,sunscreen,mesenchymal stem cells,1,62,0.016129,False,False
2024-11,sunscreen,metal nanoparticles,1,62,0.016129,False,False
2024-11,sunscreen,microbiota,1,62,0.016129,False,False
2024-11,sunscreen,molecular structure,1,62,0.016129,False,False
2024-11,sunscreen,molecular weight,1,62,0.016129,False,False
2024-11,sunscreen,monkey diseases,1,62,0.016129,False,False
2024-11,sunscreen,monophenol monooxygenase,1,62,0.016129,False,False
2024-11,sunscreen,mothers,1,62,0.016129,False,False
2024-11,sunscreen,mutation,1,62,0.016129,False,False
2024-11,sunscreen,mytilus,1,62,0.016129,False,False
2024-11,sunscreen,nicotiana,1,62,0.016129,False,False
2024-11,sunscreen,nicotinic acids,1,62,0.016129,False,False
2024-11,sunscreen,nutrition surveys,1,62,0.016129,False,False
2024-11,sunscreen,odds ratio,1,62,0.016129,False,False
2024-11,sunscreen,orobanchaceae,1,62,0.016129,False,False
2024-11,sunscreen,oxidation-reduction,1,62,0.016129,False,False
2024-11,sunscreen,oxidoreductases,1,62,0.016129,False,False
2024-11,sunscreen,parabens,1,62,0.016129,False,False
2024-11,sunscreen,particle size,1,62,0.016129,False,False
2024-11,sunscreen,patient satisfaction,1,62,0.016129,False,False
2024-11,sunscreen,"pemphigus, benign familial",1,62,0.016129,False,False
2024-11,sunscreen,peroxides,1,62,0.016129,False,False
2024-11,sunscreen,pesticides,1,62,0.016129,False,False
2024-11,sunscreen,phosphorylation,1,62,0.016129,False,False
2024-11,sunscreen,photosynthetic reaction center complex proteins,1,62,0.016129,False,False
2024-11,sunscreen,photosystem i protein complex,1,62,0.016129,False,False
2024-11,sunscreen,phthalic acids,1,62,0.016129,False,False
2024-11,sunscreen,phthalimides,1,62,0.016129,False,False
2024-11,sunscreen,picrates,1,62,0.016129,False,False
2024-11,sunscreen,plant bark,1,62,0.016129,False,False
2024-11,sunscreen,plant leaves,1,62,0.016129,False,False
2024-11,sunscreen,plants,1,62,0.016129,False,False
2024-11,sunscreen,"plants, genetically modified",1,62,0.016129,False,False
2024-11,sunscreen,"polymorphism, single nucleotide",1,62,0.016129,False,False
2024-11,sunscreen,polysaccharides,1,62,0.016129,False,False
2024-11,sunscreen,"practice patterns, physicians'",1,62,0.016129,False,False
2024-11,sunscreen,pregnancy,1,62,0.016129,False,False
2024-11,sunscreen,pregnancy proteins,1,62,0.016129,False,False
2024-11,sunscreen,pregnant people,1,62,0.016129,False,False
2024-11,sunscreen,prevalence,1,62,0.016129,False,False
2024-11,sunscreen,propiophenones,1,62,0.016129,False,False
2024-11,sunscreen,prospective studies,1,62,0.016129,False,False
2024-11,sunscreen,protective clothing,1,62,0.016129,False,False
2024-11,sunscreen,proton-motive force,1,62,0.016129,False,False
2024-11,sunscreen,protons,1,62,0.016129,False,False
2024-11,sunscreen,radiation-protective agents,1,62,0.016129,False,False
2024-11,sunscreen,"receptors, androgen",1,62,0.016129,False,False
2024-11,sunscreen,recurrence,1,62,0.016129,False,False
2024-11,sunscreen,retinoids,1,62,0.016129,False,False
2024-11,sunscreen,risk factors,1,62,0.016129,False,False
2024-11,sunscreen,rosacea,1,62,0.016129,False,False
2024-11,sunscreen,salicylates,1,62,0.016129,False,False
2024-11,sunscreen,school health services,1,62,0.016129,False,False
2024-11,sunscreen,schools,1,62,0.016129,False,False
2024-11,sunscreen,seasons,1,62,0.016129,False,False
2024-11,sunscreen,seedlings,1,62,0.016129,False,False
2024-11,sunscreen,self efficacy,1,62,0.016129,False,False
2024-11,sunscreen,skin absorption,1,62,0.016129,False,False
2024-11,sunscreen,skin care,1,62,0.016129,False,False
2024-11,sunscreen,skin pigmentation,1,62,0.016129,False,False
2024-11,sunscreen,skin temperature,1,62,0.016129,False,False
2024-11,sunscreen,solanum lycopersicum,1,62,0.016129,False,False
2024-11,sunscreen,"spectrometry, fluorescence",1,62,0.016129,False,False
2024-11,sunscreen,spermatozoa,1,62,0.016129,False,False
2024-11,sunscreen,staphylococcus aureus,1,62,0.016129,False,False
2024-11,sunscreen,structure-activity relationship,1,62,0.016129,False,False
2024-11,sunscreen,tandem mass spectrometry,1,62,0.016129,False,False
2024-11,sunscreen,thiosemicarbazones,1,62,0.016129,False,False
2024-11,sunscreen,thylakoids,1,62,0.016129,False,False
2024-11,sunscreen,toll-like receptor 4,1,62,0.016129,False,False
2024-11,sunscreen,turkey,1,62,0.016129,False,False
2024-11,sunscreen,ubiquitin-protein ligases,1,62,0.016129,False,False
2024-11,sunscreen,ubiquitination,1,62,0.016129,False,False
2024-11,sunscreen,united states,1,62,0.016129,False,False
2024-11,sunscreen,urea,1,62,0.016129,False,False
2024-11,sunscreen,wales,1,62,0.016129,False,False
2024-11,sunscreen,"waste disposal, fluid",1,62,0.016129,False,False
2024-11,sunscreen,wastewater,1,62,0.016129,False,False
2024-11,sunscreen,water,1,62,0.016129,False,False
2024-11,sunscreen,x-ray diffraction,1,62,0.016129,False,False
2024-11,sunscreen,xanthophylls,1,62,0.016129,False,False
2024-11,sunscreen,xenobiotics,1,62,0.016129,False,False
2024-11,sunscreen,zeaxanthins,1,62,0.016129,False,False
2024-12,sunscreen,sunscreening agents,15,55,0.272727,False,False
2024-12,sunscreen,humans,13,55,0.236364,False,False
2024-12,sunscreen,adult,9,55,0.163636,False,False
2024-12,sunscreen,female,9,55,0.163636,False,False
2024-12,sunscreen,male,9,55,0.163636,False,False
2024-12,sunscreen,ultraviolet rays,9,55,0.163636,False,False
2024-12,sunscreen,photosynthesis,7,55,0.127273,False,False
2024-12,sunscreen,young adult,7,55,0.127273,False,False
2024-12,sunscreen,animals,6,55,0.109091,False,False
2024-12,sunscreen,light,6,55,0.109091,False,False
2024-12,sunscreen,middle aged,5,55,0.090909,False,False
2024-12,sunscreen,"water pollutants, chemical",5,55,0.090909,False,False
2024-12,sunscreen,skin,4,55,0.072727,False,False
2024-12,sunscreen,skin neoplasms,4,55,0.072727,False,False
2024-12,sunscreen,adolescent,3,55,0.054545,False,False
2024-12,sunscreen,benzophenones,3,55,0.054545,False,False
2024-12,sunscreen,chlorophyll,3,55,0.054545,False,False
2024-12,sunscreen,"health knowledge, attitudes, practice",3,55,0.054545,False,False
2024-12,sunscreen,nanoparticles,3,55,0.054545,False,False
2024-12,sunscreen,photosystem ii protein complex,3,55,0.054545,False,False
2024-12,sunscreen,plant leaves,3,55,0.054545,False,False
2024-12,sunscreen,plant proteins,3,55,0.054545,False,False
2024-12,sunscreen,surveys and questionnaires,3,55,0.054545,False,False
2024-12,sunscreen,titanium,3,55,0.054545,False,False
2024-12,sunscreen,acne vulgaris,2,55,0.036364,False,False
2024-12,sunscreen,"administration, cutaneous",2,55,0.036364,False,False
2024-12,sunscreen,anthozoa,2,55,0.036364,False,False
2024-12,sunscreen,antioxidants,2,55,0.036364,False,False
2024-12,sunscreen,aquatic organisms,2,55,0.036364,False,False
2024-12,sunscreen,bacterial proteins,2,55,0.036364,False,False
2024-12,sunscreen,cell survival,2,55,0.036364,False,False
2024-12,sunscreen,cinnamates,2,55,0.036364,False,False
2024-12,sunscreen,cosmetics,2,55,0.036364,False,False
2024-12,sunscreen,environmental monitoring,2,55,0.036364,False,False
2024-12,sunscreen,erythema,2,55,0.036364,False,False
2024-12,sunscreen,"gene expression regulation, plant",2,55,0.036364,False,False
2024-12,sunscreen,hyperpigmentation,2,55,0.036364,False,False
2024-12,sunscreen,lignin,2,55,0.036364,False,False
2024-12,sunscreen,oxidative stress,2,55,0.036364,False,False
2024-12,sunscreen,phenols,2,55,0.036364,False,False
2024-12,sunscreen,plant stomata,2,55,0.036364,False,False
2024-12,sunscreen,reactive oxygen species,2,55,0.036364,False,False
2024-12,sunscreen,risk assessment,2,55,0.036364,False,False
2024-12,sunscreen,solvents,2,55,0.036364,False,False
2024-12,sunscreen,"stress, physiological",2,55,0.036364,False,False
2024-12,sunscreen,sunlight,2,55,0.036364,False,False
2024-12,sunscreen,synechocystis,2,55,0.036364,False,False
2024-12,sunscreen,transcriptome,2,55,0.036364,False,False
2024-12,sunscreen,treatment outcome,2,55,0.036364,False,False
2024-12,sunscreen,"2,4-dichlorophenoxyacetic acid",1,55,0.018182,False,False
2024-12,sunscreen,2-propanol,1,55,0.018182,False,False
2024-12,sunscreen,acclimatization,1,55,0.018182,False,False
2024-12,sunscreen,aged,1,55,0.018182,False,False
2024-12,sunscreen,alleles,1,55,0.018182,False,False
2024-12,sunscreen,amino acid sequence,1,55,0.018182,False,False
2024-12,sunscreen,araceae,1,55,0.018182,False,False
2024-12,sunscreen,benzhydryl compounds,1,55,0.018182,False,False
2024-12,sunscreen,beta carotene,1,55,0.018182,False,False
2024-12,sunscreen,biosynthetic pathways,1,55,0.018182,False,False
2024-12,sunscreen,birth weight,1,55,0.018182,False,False
2024-12,sunscreen,bisphenol a compounds,1,55,0.018182,False,False
2024-12,sunscreen,cadmium,1,55,0.018182,False,False
2024-12,sunscreen,calcium,1,55,0.018182,False,False
2024-12,sunscreen,calcium signaling,1,55,0.018182,False,False
2024-12,sunscreen,camphor,1,55,0.018182,False,False
2024-12,sunscreen,canada,1,55,0.018182,False,False
2024-12,sunscreen,carotenoids,1,55,0.018182,False,False
2024-12,sunscreen,case-control studies,1,55,0.018182,False,False
2024-12,sunscreen,cell line,1,55,0.018182,False,False
2024-12,sunscreen,cell proliferation,1,55,0.018182,False,False
2024-12,sunscreen,china,1,55,0.018182,False,False
2024-12,sunscreen,chlamydomonas reinhardtii,1,55,0.018182,False,False
2024-12,sunscreen,chloroplasts,1,55,0.018182,False,False
2024-12,sunscreen,cholecalciferol,1,55,0.018182,False,False
2024-12,sunscreen,"chromatography, high pressure liquid",1,55,0.018182,False,False
2024-12,sunscreen,cold temperature,1,55,0.018182,False,False
2024-12,sunscreen,collagen,1,55,0.018182,False,False
2024-12,sunscreen,color,1,55,0.018182,False,False
2024-12,sunscreen,coral reefs,1,55,0.018182,False,False
2024-12,sunscreen,cross-sectional studies,1,55,0.018182,False,False
2024-12,sunscreen,cyanobacteria,1,55,0.018182,False,False
2024-12,sunscreen,cytosol,1,55,0.018182,False,False
2024-12,sunscreen,darkness,1,55,0.018182,False,False
2024-12,sunscreen,deep eutectic solvents,1,55,0.018182,False,False
2024-12,sunscreen,dehydration,1,55,0.018182,False,False
2024-12,sunscreen,dehydrocholesterols,1,55,0.018182,False,False
2024-12,sunscreen,dermatologic agents,1,55,0.018182,False,False
2024-12,sunscreen,dialysis,1,55,0.018182,False,False
2024-12,sunscreen,diatoms,1,55,0.018182,False,False
2024-12,sunscreen,dietary supplements,1,55,0.018182,False,False
2024-12,sunscreen,dna damage,1,55,0.018182,False,False
2024-12,sunscreen,doping in sports,1,55,0.018182,False,False
2024-12,sunscreen,droughts,1,55,0.018182,False,False
2024-12,sunscreen,ecosystem,1,55,0.018182,False,False
2024-12,sunscreen,edible seaweeds,1,55,0.018182,False,False
2024-12,sunscreen,educational status,1,55,0.018182,False,False
2024-12,sunscreen,emulsions,1,55,0.018182,False,False
2024-12,sunscreen,endocrine disruptors,1,55,0.018182,False,False
2024-12,sunscreen,endometriosis,1,55,0.018182,False,False
2024-12,sunscreen,energy transfer,1,55,0.018182,False,False
2024-12,sunscreen,environmental exposure,1,55,0.018182,False,False
2024-12,sunscreen,environmental pollutants,1,55,0.018182,False,False
2024-12,sunscreen,eucalyptus,1,55,0.018182,False,False
2024-12,sunscreen,fish proteins,1,55,0.018182,False,False
2024-12,sunscreen,flavonoids,1,55,0.018182,False,False
2024-12,sunscreen,gels,1,55,0.018182,False,False
2024-12,sunscreen,gene expression profiling,1,55,0.018182,False,False
2024-12,sunscreen,gene knockout techniques,1,55,0.018182,False,False
2024-12,sunscreen,genetic variation,1,55,0.018182,False,False
2024-12,sunscreen,genome-wide association study,1,55,0.018182,False,False
2024-12,sunscreen,germany,1,55,0.018182,False,False
2024-12,sunscreen,glutathione transferase,1,55,0.018182,False,False
2024-12,sunscreen,glycerophospholipids,1,55,0.018182,False,False
2024-12,sunscreen,glycine,1,55,0.018182,False,False
2024-12,sunscreen,habits,1,55,0.018182,False,False
2024-12,sunscreen,hacat cells,1,55,0.018182,False,False
2024-12,sunscreen,hair,1,55,0.018182,False,False
2024-12,sunscreen,herbicides,1,55,0.018182,False,False
2024-12,sunscreen,hydrogen peroxide,1,55,0.018182,False,False
2024-12,sunscreen,hydrophobic and hydrophilic interactions,1,55,0.018182,False,False
2024-12,sunscreen,hydroxyl radical,1,55,0.018182,False,False
2024-12,sunscreen,"infant, newborn",1,55,0.018182,False,False
2024-12,sunscreen,italy,1,55,0.018182,False,False
2024-12,sunscreen,keratinocytes,1,55,0.018182,False,False
2024-12,sunscreen,light-harvesting protein complexes,1,55,0.018182,False,False
2024-12,sunscreen,limit of detection,1,55,0.018182,False,False
2024-12,sunscreen,linear models,1,55,0.018182,False,False
2024-12,sunscreen,linoleic acid,1,55,0.018182,False,False
2024-12,sunscreen,map kinase signaling system,1,55,0.018182,False,False
2024-12,sunscreen,matrix metalloproteinase 1,1,55,0.018182,False,False
2024-12,sunscreen,matrix metalloproteinase inhibitors,1,55,0.018182,False,False
2024-12,sunscreen,melanins,1,55,0.018182,False,False
2024-12,sunscreen,melanoma,1,55,0.018182,False,False
2024-12,sunscreen,metal nanoparticles,1,55,0.018182,False,False
2024-12,sunscreen,mice,1,55,0.018182,False,False
2024-12,sunscreen,molecular docking simulation,1,55,0.018182,False,False
2024-12,sunscreen,molecular structure,1,55,0.018182,False,False
2024-12,sunscreen,molecular weight,1,55,0.018182,False,False
2024-12,sunscreen,mothers,1,55,0.018182,False,False
2024-12,sunscreen,musa,1,55,0.018182,False,False
2024-12,sunscreen,mutation,1,55,0.018182,False,False
2024-12,sunscreen,nonprescription drugs,1,55,0.018182,False,False
2024-12,sunscreen,nutritional status,1,55,0.018182,False,False
2024-12,sunscreen,oryza,1,55,0.018182,False,False
2024-12,sunscreen,particle size,1,55,0.018182,False,False
2024-12,sunscreen,patient satisfaction,1,55,0.018182,False,False
2024-12,sunscreen,peptides,1,55,0.018182,False,False
2024-12,sunscreen,phaeophyceae,1,55,0.018182,False,False
2024-12,sunscreen,phenotype,1,55,0.018182,False,False
2024-12,sunscreen,phosphate transport proteins,1,55,0.018182,False,False
2024-12,sunscreen,phosphates,1,55,0.018182,False,False
2024-12,sunscreen,photons,1,55,0.018182,False,False
2024-12,sunscreen,photosystem i protein complex,1,55,0.018182,False,False
2024-12,sunscreen,phthalic acids,1,55,0.018182,False,False
2024-12,sunscreen,poaceae,1,55,0.018182,False,False
2024-12,sunscreen,polymers,1,55,0.018182,False,False
2024-12,sunscreen,potassium,1,55,0.018182,False,False
2024-12,sunscreen,pregnancy,1,55,0.018182,False,False
2024-12,sunscreen,"preservatives, pharmaceutical",1,55,0.018182,False,False
2024-12,sunscreen,prevalence,1,55,0.018182,False,False
2024-12,sunscreen,"promoter regions, genetic",1,55,0.018182,False,False
2024-12,sunscreen,protein hydrolysates,1,55,0.018182,False,False
2024-12,sunscreen,reproducibility of results,1,55,0.018182,False,False
2024-12,sunscreen,republic of korea,1,55,0.018182,False,False
2024-12,sunscreen,rheology,1,55,0.018182,False,False
2024-12,sunscreen,ribulose-bisphosphate carboxylase,1,55,0.018182,False,False
2024-12,sunscreen,risk factors,1,55,0.018182,False,False
2024-12,sunscreen,romani people,1,55,0.018182,False,False
2024-12,sunscreen,romania,1,55,0.018182,False,False
2024-12,sunscreen,schizosaccharomyces,1,55,0.018182,False,False
2024-12,sunscreen,seawater,1,55,0.018182,False,False
2024-12,sunscreen,seaweed,1,55,0.018182,False,False
2024-12,sunscreen,severity of illness index,1,55,0.018182,False,False
2024-12,sunscreen,sexual and gender minorities,1,55,0.018182,False,False
2024-12,sunscreen,signal transduction,1,55,0.018182,False,False
2024-12,sunscreen,single-blind method,1,55,0.018182,False,False
2024-12,sunscreen,skin aging,1,55,0.018182,False,False
2024-12,sunscreen,skin diseases,1,55,0.018182,False,False
2024-12,sunscreen,skin lightening preparations,1,55,0.018182,False,False
2024-12,sunscreen,skin pigmentation,1,55,0.018182,False,False
2024-12,sunscreen,socioeconomic factors,1,55,0.018182,False,False
2024-12,sunscreen,sodium,1,55,0.018182,False,False
2024-12,sunscreen,solanum lycopersicum,1,55,0.018182,False,False
2024-12,sunscreen,spain,1,55,0.018182,False,False
2024-12,sunscreen,sports,1,55,0.018182,False,False
2024-12,sunscreen,streptomyces,1,55,0.018182,False,False
2024-12,sunscreen,"students, medical",1,55,0.018182,False,False
2024-12,sunscreen,substance abuse detection,1,55,0.018182,False,False
2024-12,sunscreen,sun protection factor,1,55,0.018182,False,False
2024-12,sunscreen,sunburn,1,55,0.018182,False,False
2024-12,sunscreen,superoxides,1,55,0.018182,False,False
2024-12,sunscreen,synechococcus,1,55,0.018182,False,False
2024-12,sunscreen,tablets,1,55,0.018182,False,False
2024-12,sunscreen,takifugu,1,55,0.018182,False,False
2024-12,sunscreen,tandem mass spectrometry,1,55,0.018182,False,False
2024-12,sunscreen,transcription factor ap-1,1,55,0.018182,False,False
2024-12,sunscreen,transcription factors,1,55,0.018182,False,False
2024-12,sunscreen,turkey,1,55,0.018182,False,False
2024-12,sunscreen,ulva,1,55,0.018182,False,False
2024-12,sunscreen,vitamin d,1,55,0.018182,False,False
2024-12,sunscreen,vitamin d deficiency,1,55,0.018182,False,False
2024-12,sunscreen,water,1,55,0.018182,False,False
2024-12,sunscreen,xanthophylls,1,55,0.018182,False,False
2024-12,sunscreen,zea mays,1,55,0.018182,False,False
2024-12,sunscreen,zeaxanthins,1,55,0.018182,False,False
2024-12,sunscreen,zinc oxide,1,55,0.018182,False,False
2025-01,sunscreen,humans,38,121,0.31405,False,False
2025-01,sunscreen,sunscreening agents,26,121,0.214876,False,False
2025-01,sunscreen,ultraviolet rays,22,121,0.181818,False,False
2025-01,sunscreen,animals,17,121,0.140496,False,False
2025-01,sunscreen,male,15,121,0.123967,False,False
2025-01,sunscreen,female,13,121,0.107438,False,False
2025-01,sunscreen,adult,12,121,0.099174,False,False
2025-01,sunscreen,antioxidants,10,121,0.082645,False,False
2025-01,sunscreen,middle aged,10,121,0.082645,False,False
2025-01,sunscreen,skin neoplasms,10,121,0.082645,False,False
2025-01,sunscreen,skin,9,121,0.07438,False,False
2025-01,sunscreen,carotenoids,8,121,0.066116,False,False
2025-01,sunscreen,cross-sectional studies,7,121,0.057851,False,False
2025-01,sunscreen,plant extracts,7,121,0.057851,False,False
2025-01,sunscreen,cosmetics,6,121,0.049587,False,False
2025-01,sunscreen,risk assessment,6,121,0.049587,False,False
2025-01,sunscreen,sunlight,6,121,0.049587,False,False
2025-01,sunscreen,adolescent,5,121,0.041322,False,False
2025-01,sunscreen,cell survival,5,121,0.041322,False,False
2025-01,sunscreen,photosynthesis,5,121,0.041322,False,False
2025-01,sunscreen,skin aging,5,121,0.041322,False,False
2025-01,sunscreen,surveys and questionnaires,5,121,0.041322,False,False
2025-01,sunscreen,young adult,5,121,0.041322,False,False
2025-01,sunscreen,health behavior,4,121,0.033058,False,False
2025-01,sunscreen,"health knowledge, attitudes, practice",4,121,0.033058,False,False
2025-01,sunscreen,light,4,121,0.033058,False,False
2025-01,sunscreen,nanoparticles,4,121,0.033058,False,False
2025-01,sunscreen,oxidative stress,4,121,0.033058,False,False
2025-01,sunscreen,protective clothing,4,121,0.033058,False,False
2025-01,sunscreen,reactive oxygen species,4,121,0.033058,False,False
2025-01,sunscreen,risk factors,4,121,0.033058,False,False
2025-01,sunscreen,skin absorption,4,121,0.033058,False,False
2025-01,sunscreen,bacterial proteins,3,121,0.024793,False,False
2025-01,sunscreen,benzophenones,3,121,0.024793,False,False
2025-01,sunscreen,child,3,121,0.024793,False,False
2025-01,sunscreen,fibroblasts,3,121,0.024793,False,False
2025-01,sunscreen,"gene expression regulation, plant",3,121,0.024793,False,False
2025-01,sunscreen,mice,3,121,0.024793,False,False
2025-01,sunscreen,plant proteins,3,121,0.024793,False,False
2025-01,sunscreen,sunburn,3,121,0.024793,False,False
2025-01,sunscreen,toxicity tests,3,121,0.024793,False,False
2025-01,sunscreen,united states,3,121,0.024793,False,False
2025-01,sunscreen,vitamin d,3,121,0.024793,False,False
2025-01,sunscreen,vitamin d deficiency,3,121,0.024793,False,False
2025-01,sunscreen,"water pollutants, chemical",3,121,0.024793,False,False
2025-01,sunscreen,"administration, cutaneous",2,121,0.016529,False,False
2025-01,sunscreen,aged,2,121,0.016529,False,False
2025-01,sunscreen,anti-bacterial agents,2,121,0.016529,False,False
2025-01,sunscreen,"antineoplastic agents, phytogenic",2,121,0.016529,False,False
2025-01,sunscreen,apoptosis,2,121,0.016529,False,False
2025-01,sunscreen,ascorbic acid,2,121,0.016529,False,False
2025-01,sunscreen,brazil,2,121,0.016529,False,False
2025-01,sunscreen,cell line,2,121,0.016529,False,False
2025-01,sunscreen,curcumin,2,121,0.016529,False,False
2025-01,sunscreen,dna damage,2,121,0.016529,False,False
2025-01,sunscreen,emulsions,2,121,0.016529,False,False
2025-01,sunscreen,environmental monitoring,2,121,0.016529,False,False
2025-01,sunscreen,fruit,2,121,0.016529,False,False
2025-01,sunscreen,gene expression profiling,2,121,0.016529,False,False
2025-01,sunscreen,histidine,2,121,0.016529,False,False
2025-01,sunscreen,lipids,2,121,0.016529,False,False
2025-01,sunscreen,melanoma,2,121,0.016529,False,False
2025-01,sunscreen,mexico,2,121,0.016529,False,False
2025-01,sunscreen,microbial sensitivity tests,2,121,0.016529,False,False
2025-01,sunscreen,mitochondria,2,121,0.016529,False,False
2025-01,sunscreen,nanostructures,2,121,0.016529,False,False
2025-01,sunscreen,patient compliance,2,121,0.016529,False,False
2025-01,sunscreen,phenotype,2,121,0.016529,False,False
2025-01,sunscreen,phytochemicals,2,121,0.016529,False,False
2025-01,sunscreen,pigmentation,2,121,0.016529,False,False
2025-01,sunscreen,plant leaves,2,121,0.016529,False,False
2025-01,sunscreen,polyphenols,2,121,0.016529,False,False
2025-01,sunscreen,propiophenones,2,121,0.016529,False,False
2025-01,sunscreen,radiation-protective agents,2,121,0.016529,False,False
2025-01,sunscreen,rats,2,121,0.016529,False,False
2025-01,sunscreen,rural population,2,121,0.016529,False,False
2025-01,sunscreen,seasons,2,121,0.016529,False,False
2025-01,sunscreen,skin cream,2,121,0.016529,False,False
2025-01,sunscreen,skin diseases,2,121,0.016529,False,False
2025-01,sunscreen,skin pigmentation,2,121,0.016529,False,False
2025-01,sunscreen,swine,2,121,0.016529,False,False
2025-01,sunscreen,synechocystis,2,121,0.016529,False,False
2025-01,sunscreen,transcriptome,2,121,0.016529,False,False
2025-01,sunscreen,treatment outcome,2,121,0.016529,False,False
2025-01,sunscreen,vitamins,2,121,0.016529,False,False
2025-01,sunscreen,xanthophylls,2,121,0.016529,False,False
2025-01,sunscreen,abscisic acid,1,121,0.008264,False,False
2025-01,sunscreen,academies and institutes,1,121,0.008264,False,False
2025-01,sunscreen,acetone,1,121,0.008264,False,False
2025-01,sunscreen,acne vulgaris,1,121,0.008264,False,False
2025-01,sunscreen,acrylates,1,121,0.008264,False,False
2025-01,sunscreen,"adaptation, physiological",1,121,0.008264,False,False
2025-01,sunscreen,adsorption,1,121,0.008264,False,False
2025-01,sunscreen,agriculture,1,121,0.008264,False,False
2025-01,sunscreen,alopecia,1,121,0.008264,False,False
2025-01,sunscreen,alpha-amylases,1,121,0.008264,False,False
2025-01,sunscreen,alpha-tocopherol,1,121,0.008264,False,False
2025-01,sunscreen,altitude,1,121,0.008264,False,False
2025-01,sunscreen,ambulatory care facilities,1,121,0.008264,False,False
2025-01,sunscreen,animal feed,1,121,0.008264,False,False
2025-01,sunscreen,animal testing alternatives,1,121,0.008264,False,False
2025-01,sunscreen,anthozoa,1,121,0.008264,False,False
2025-01,sunscreen,anti-infective agents,1,121,0.008264,False,False
2025-01,sunscreen,"antibodies, monoclonal",1,121,0.008264,False,False
2025-01,sunscreen,"antibodies, monoclonal, humanized",1,121,0.008264,False,False
2025-01,sunscreen,antineoplastic agents,1,121,0.008264,False,False
2025-01,sunscreen,autophagy,1,121,0.008264,False,False
2025-01,sunscreen,bathing beaches,1,121,0.008264,False,False
2025-01,sunscreen,beauty,1,121,0.008264,False,False
2025-01,sunscreen,benzimidazoles,1,121,0.008264,False,False
2025-01,sunscreen,benzothiazoles,1,121,0.008264,False,False
2025-01,sunscreen,benzoxazoles,1,121,0.008264,False,False
2025-01,sunscreen,beta-cyclodextrins,1,121,0.008264,False,False
2025-01,sunscreen,biomedical research,1,121,0.008264,False,False
2025-01,sunscreen,biotechnology,1,121,0.008264,False,False
2025-01,sunscreen,biphenyl compounds,1,121,0.008264,False,False
2025-01,sunscreen,blue light,1,121,0.008264,False,False
2025-01,sunscreen,camellia,1,121,0.008264,False,False
2025-01,sunscreen,canada,1,121,0.008264,False,False
2025-01,sunscreen,"cell line, tumor",1,121,0.008264,False,False
2025-01,sunscreen,cellulose,1,121,0.008264,False,False
2025-01,sunscreen,cheilitis,1,121,0.008264,False,False
2025-01,sunscreen,"chemistry, pharmaceutical",1,121,0.008264,False,False
2025-01,sunscreen,"child, preschool",1,121,0.008264,False,False
2025-01,sunscreen,china,1,121,0.008264,False,False
2025-01,sunscreen,chlorophyll,1,121,0.008264,False,False
2025-01,sunscreen,cholecalciferol,1,121,0.008264,False,False
2025-01,sunscreen,"chromatography, liquid",1,121,0.008264,False,False
2025-01,sunscreen,cinnamates,1,121,0.008264,False,False
2025-01,sunscreen,comet assay,1,121,0.008264,False,False
2025-01,sunscreen,computer simulation,1,121,0.008264,False,False
2025-01,sunscreen,copepoda,1,121,0.008264,False,False
2025-01,sunscreen,crassostrea,1,121,0.008264,False,False
2025-01,sunscreen,croatia,1,121,0.008264,False,False
2025-01,sunscreen,curcuma,1,121,0.008264,False,False
2025-01,sunscreen,cyanobacteria,1,121,0.008264,False,False
2025-01,sunscreen,cymenes,1,121,0.008264,False,False
2025-01,sunscreen,delphi technique,1,121,0.008264,False,False
2025-01,sunscreen,depression,1,121,0.008264,False,False
2025-01,sunscreen,dermatologic agents,1,121,0.008264,False,False
2025-01,sunscreen,dermatologists,1,121,0.008264,False,False
2025-01,sunscreen,diatoms,1,121,0.008264,False,False
2025-01,sunscreen,dielectric spectroscopy,1,121,0.008264,False,False
2025-01,sunscreen,dietary supplements,1,121,0.008264,False,False
2025-01,sunscreen,dinoflagellida,1,121,0.008264,False,False
2025-01,sunscreen,disease progression,1,121,0.008264,False,False
2025-01,sunscreen,droughts,1,121,0.008264,False,False
2025-01,sunscreen,drug carriers,1,121,0.008264,False,False
2025-01,sunscreen,drug compounding,1,121,0.008264,False,False
2025-01,sunscreen,drug delivery systems,1,121,0.008264,False,False
2025-01,sunscreen,drug liberation,1,121,0.008264,False,False
2025-01,sunscreen,drug stability,1,121,0.008264,False,False
2025-01,sunscreen,echinacea,1,121,0.008264,False,False
2025-01,sunscreen,ecosystem,1,121,0.008264,False,False
2025-01,sunscreen,electron transport,1,121,0.008264,False,False
2025-01,sunscreen,environmental exposure,1,121,0.008264,False,False
2025-01,sunscreen,environmental pollutants,1,121,0.008264,False,False
2025-01,sunscreen,epithelial-mesenchymal transition,1,121,0.008264,False,False
2025-01,sunscreen,esters,1,121,0.008264,False,False
2025-01,sunscreen,ethnicity,1,121,0.008264,False,False
2025-01,sunscreen,fatty acids,1,121,0.008264,False,False
2025-01,sunscreen,fibrosis,1,121,0.008264,False,False
2025-01,sunscreen,fisheries,1,121,0.008264,False,False
2025-01,sunscreen,flame retardants,1,121,0.008264,False,False
2025-01,sunscreen,flavonoids,1,121,0.008264,False,False
2025-01,sunscreen,flowers,1,121,0.008264,False,False
2025-01,sunscreen,forehead,1,121,0.008264,False,False
2025-01,sunscreen,gallic acid,1,121,0.008264,False,False
2025-01,sunscreen,gene expression regulation,1,121,0.008264,False,False
2025-01,sunscreen,"genetic diseases, x-linked",1,121,0.008264,False,False
2025-01,sunscreen,geologic sediments,1,121,0.008264,False,False
2025-01,sunscreen,germany,1,121,0.008264,False,False
2025-01,sunscreen,glutathione,1,121,0.008264,False,False
2025-01,sunscreen,glycoside hydrolase inhibitors,1,121,0.008264,False,False
2025-01,sunscreen,gossypium,1,121,0.008264,False,False
2025-01,sunscreen,green chemistry technology,1,121,0.008264,False,False
2025-01,sunscreen,hacat cells,1,121,0.008264,False,False
2025-01,sunscreen,halogenation,1,121,0.008264,False,False
2025-01,sunscreen,haplotypes,1,121,0.008264,False,False
2025-01,sunscreen,health literacy,1,121,0.008264,False,False
2025-01,sunscreen,health promotion,1,121,0.008264,False,False
2025-01,sunscreen,hexanes,1,121,0.008264,False,False
2025-01,sunscreen,hospitalization,1,121,0.008264,False,False
2025-01,sunscreen,hydrogels,1,121,0.008264,False,False
2025-01,sunscreen,hydrogen bonding,1,121,0.008264,False,False
2025-01,sunscreen,incidence,1,121,0.008264,False,False
2025-01,sunscreen,indoleacetic acids,1,121,0.008264,False,False
2025-01,sunscreen,infant,1,121,0.008264,False,False
2025-01,sunscreen,"infant, extremely premature",1,121,0.008264,False,False
2025-01,sunscreen,"infant, newborn",1,121,0.008264,False,False
2025-01,sunscreen,"infant, premature",1,121,0.008264,False,False
2025-01,sunscreen,internal-external control,1,121,0.008264,False,False
2025-01,sunscreen,isomerism,1,121,0.008264,False,False
2025-01,sunscreen,lactuca,1,121,0.008264,False,False
2025-01,sunscreen,lakes,1,121,0.008264,False,False
2025-01,sunscreen,lepidium,1,121,0.008264,False,False
2025-01,sunscreen,lipid peroxidation,1,121,0.008264,False,False
2025-01,sunscreen,liposomes,1,121,0.008264,False,False
2025-01,sunscreen,"lupus erythematosus, cutaneous",1,121,0.008264,False,False
2025-01,sunscreen,macaca mulatta,1,121,0.008264,False,False
2025-01,sunscreen,machine learning,1,121,0.008264,False,False
2025-01,sunscreen,mass spectrometry,1,121,0.008264,False,False
2025-01,sunscreen,melanins,1,121,0.008264,False,False
2025-01,sunscreen,"membrane potential, mitochondrial",1,121,0.008264,False,False
2025-01,sunscreen,metabolome,1,121,0.008264,False,False
2025-01,sunscreen,metabolomics,1,121,0.008264,False,False
2025-01,sunscreen,metal nanoparticles,1,121,0.008264,False,False
2025-01,sunscreen,micronucleus tests,1,121,0.008264,False,False
2025-01,sunscreen,minerals,1,121,0.008264,False,False
2025-01,sunscreen,minnesota,1,121,0.008264,False,False
2025-01,sunscreen,molecular structure,1,121,0.008264,False,False
2025-01,sunscreen,mutagenicity tests,1,121,0.008264,False,False
2025-01,sunscreen,myrtaceae,1,121,0.008264,False,False
2025-01,sunscreen,no-observed-adverse-effect level,1,121,0.008264,False,False
2025-01,sunscreen,nutrition surveys,1,121,0.008264,False,False
2025-01,sunscreen,nutritive value,1,121,0.008264,False,False
2025-01,sunscreen,occupational exposure,1,121,0.008264,False,False
2025-01,sunscreen,"oils, volatile",1,121,0.008264,False,False
2025-01,sunscreen,ortho-aminobenzoates,1,121,0.008264,False,False
2025-01,sunscreen,oxidation-reduction,1,121,0.008264,False,False
2025-01,sunscreen,parenteral nutrition,1,121,0.008264,False,False
2025-01,sunscreen,parenteral nutrition solutions,1,121,0.008264,False,False
2025-01,sunscreen,particle size,1,121,0.008264,False,False
2025-01,sunscreen,patient satisfaction,1,121,0.008264,False,False
2025-01,sunscreen,pediatric obesity,1,121,0.008264,False,False
2025-01,sunscreen,peroxides,1,121,0.008264,False,False
2025-01,sunscreen,peroxiredoxins,1,121,0.008264,False,False
2025-01,sunscreen,pesticides,1,121,0.008264,False,False
2025-01,sunscreen,phenols,1,121,0.008264,False,False
2025-01,sunscreen,photochemical processes,1,121,0.008264,False,False
2025-01,sunscreen,photochemistry,1,121,0.008264,False,False
2025-01,sunscreen,photons,1,121,0.008264,False,False
2025-01,sunscreen,photosystem ii protein complex,1,121,0.008264,False,False
2025-01,sunscreen,phylogeny,1,121,0.008264,False,False
2025-01,sunscreen,picrates,1,121,0.008264,False,False
2025-01,sunscreen,pilot projects,1,121,0.008264,False,False
2025-01,sunscreen,plant growth regulators,1,121,0.008264,False,False
2025-01,sunscreen,plant roots,1,121,0.008264,False,False
2025-01,sunscreen,polycyclic aromatic hydrocarbons,1,121,0.008264,False,False
2025-01,sunscreen,polypodium,1,121,0.008264,False,False
2025-01,sunscreen,populus,1,121,0.008264,False,False
2025-01,sunscreen,precision medicine,1,121,0.008264,False,False
2025-01,sunscreen,prevalence,1,121,0.008264,False,False
2025-01,sunscreen,product labeling,1,121,0.008264,False,False
2025-01,sunscreen,propolis,1,121,0.008264,False,False
2025-01,sunscreen,prospective studies,1,121,0.008264,False,False
2025-01,sunscreen,protein conformation,1,121,0.008264,False,False
2025-01,sunscreen,protein engineering,1,121,0.008264,False,False
2025-01,sunscreen,"protoporphyria, erythropoietic",1,121,0.008264,False,False
2025-01,sunscreen,psidium,1,121,0.008264,False,False
2025-01,sunscreen,qualitative research,1,121,0.008264,False,False
2025-01,sunscreen,"quantitative trait, heritable",1,121,0.008264,False,False
2025-01,sunscreen,racial groups,1,121,0.008264,False,False
2025-01,sunscreen,religion and psychology,1,121,0.008264,False,False
2025-01,sunscreen,resveratrol,1,121,0.008264,False,False
2025-01,sunscreen,retrospective studies,1,121,0.008264,False,False
2025-01,sunscreen,rhizome,1,121,0.008264,False,False
2025-01,sunscreen,rhus,1,121,0.008264,False,False
2025-01,sunscreen,risk-taking,1,121,0.008264,False,False
2025-01,sunscreen,rivers,1,121,0.008264,False,False
2025-01,sunscreen,salmonella typhimurium,1,121,0.008264,False,False
2025-01,sunscreen,scalp,1,121,0.008264,False,False
2025-01,sunscreen,schools,1,121,0.008264,False,False
2025-01,sunscreen,seaweed,1,121,0.008264,False,False
2025-01,sunscreen,selenium,1,121,0.008264,False,False
2025-01,sunscreen,severity of illness index,1,121,0.008264,False,False
2025-01,sunscreen,sex factors,1,121,0.008264,False,False
2025-01,sunscreen,silver,1,121,0.008264,False,False
2025-01,sunscreen,skin care,1,121,0.008264,False,False
2025-01,sunscreen,social media,1,121,0.008264,False,False
2025-01,sunscreen,solubility,1,121,0.008264,False,False
2025-01,sunscreen,"spectrometry, mass, electrospray ionization",1,121,0.008264,False,False
2025-01,sunscreen,"spectrometry, mass, matrix-assisted laser desorption-ionization",1,121,0.008264,False,False
2025-01,sunscreen,"spectroscopy, fourier transform infrared",1,121,0.008264,False,False
2025-01,sunscreen,sports,1,121,0.008264,False,False
2025-01,sunscreen,"stress, physiological",1,121,0.008264,False,False
2025-01,sunscreen,sun protection factor,1,121,0.008264,False,False
2025-01,sunscreen,sunbathing,1,121,0.008264,False,False
2025-01,sunscreen,tandem mass spectrometry,1,121,0.008264,False,False
2025-01,sunscreen,tea,1,121,0.008264,False,False
2025-01,sunscreen,temperature,1,121,0.008264,False,False
2025-01,sunscreen,texas,1,121,0.008264,False,False
2025-01,sunscreen,thiamine,1,121,0.008264,False,False
2025-01,sunscreen,thioredoxins,1,121,0.008264,False,False
2025-01,sunscreen,thymol,1,121,0.008264,False,False
2025-01,sunscreen,titanium,1,121,0.008264,False,False
2025-01,sunscreen,transcription factors,1,121,0.008264,False,False
2025-01,sunscreen,"transcription, genetic",1,121,0.008264,False,False
2025-01,sunscreen,tretinoin,1,121,0.008264,False,False
2025-01,sunscreen,trypsin,1,121,0.008264,False,False
2025-01,sunscreen,tyrosine,1,121,0.008264,False,False
2025-01,sunscreen,ubiquinone,1,121,0.008264,False,False
2025-01,sunscreen,ukraine,1,121,0.008264,False,False
2025-01,sunscreen,vitamin a,1,121,0.008264,False,False
2025-01,sunscreen,vitamin e,1,121,0.008264,False,False
2025-01,sunscreen,vitamin k 1,1,121,0.008264,False,False
2025-01,sunscreen,volatile organic compounds,1,121,0.008264,False,False
2025-01,sunscreen,water,1,121,0.008264,False,False
2025-01,sunscreen,yap-signaling proteins,1,121,0.008264,False,False
2025-01,sunscreen,zinc,1,121,0.008264,False,False
2025-01,sunscreen,zinc oxide,1,121,0.008264,False,False
2025-01,sunscreen,zooplankton,1,121,0.008264,False,False
2025-02,sunscreen,humans,23,60,0.383333,False,False
2025-02,sunscreen,sunscreening agents,21,60,0.35,False,False
2025-02,sunscreen,ultraviolet rays,13,60,0.216667,False,False
2025-02,sunscreen,animals,11,60,0.183333,False,False
2025-02,sunscreen,skin,10,60,0.166667,False,False
2025-02,sunscreen,skin neoplasms,8,60,0.133333,False,False
2025-02,sunscreen,female,7,60,0.116667,False,False
2025-02,sunscreen,male,7,60,0.116667,False,False
2025-02,sunscreen,photosynthesis,7,60,0.116667,False,False
2025-02,sunscreen,adult,6,60,0.1,False,False
2025-02,sunscreen,antioxidants,6,60,0.1,False,False
2025-02,sunscreen,light,6,60,0.1,False,False
2025-02,sunscreen,middle aged,6,60,0.1,False,False
2025-02,sunscreen,sunlight,6,60,0.1,False,False
2025-02,sunscreen,young adult,6,60,0.1,False,False
2025-02,sunscreen,adolescent,5,60,0.083333,False,False
2025-02,sunscreen,plant leaves,5,60,0.083333,False,False
2025-02,sunscreen,mice,4,60,0.066667,False,False
2025-02,sunscreen,skin aging,4,60,0.066667,False,False
2025-02,sunscreen,skin pigmentation,4,60,0.066667,False,False
2025-02,sunscreen,sunburn,4,60,0.066667,False,False
2025-02,sunscreen,surveys and questionnaires,4,60,0.066667,False,False
2025-02,sunscreen,chlorophyll,3,60,0.05,False,False
2025-02,sunscreen,cross-sectional studies,3,60,0.05,False,False
2025-02,sunscreen,"health knowledge, attitudes, practice",3,60,0.05,False,False
2025-02,sunscreen,light-harvesting protein complexes,3,60,0.05,False,False
2025-02,sunscreen,photosystem ii protein complex,3,60,0.05,False,False
2025-02,sunscreen,plant extracts,3,60,0.05,False,False
2025-02,sunscreen,plant proteins,3,60,0.05,False,False
2025-02,sunscreen,protective clothing,3,60,0.05,False,False
2025-02,sunscreen,rats,3,60,0.05,False,False
2025-02,sunscreen,bacterial proteins,2,60,0.033333,False,False
2025-02,sunscreen,benzophenones,2,60,0.033333,False,False
2025-02,sunscreen,"carcinoma, squamous cell",2,60,0.033333,False,False
2025-02,sunscreen,cell survival,2,60,0.033333,False,False
2025-02,sunscreen,child,2,60,0.033333,False,False
2025-02,sunscreen,"chromatography, high pressure liquid",2,60,0.033333,False,False
2025-02,sunscreen,dna damage,2,60,0.033333,False,False
2025-02,sunscreen,electron transport,2,60,0.033333,False,False
2025-02,sunscreen,flowers,2,60,0.033333,False,False
2025-02,sunscreen,"gene expression regulation, plant",2,60,0.033333,False,False
2025-02,sunscreen,"keratosis, actinic",2,60,0.033333,False,False
2025-02,sunscreen,photosystem i protein complex,2,60,0.033333,False,False
2025-02,sunscreen,pigmentation disorders,2,60,0.033333,False,False
2025-02,sunscreen,reactive oxygen species,2,60,0.033333,False,False
2025-02,sunscreen,skin diseases,2,60,0.033333,False,False
2025-02,sunscreen,solanum lycopersicum,2,60,0.033333,False,False
2025-02,sunscreen,tandem mass spectrometry,2,60,0.033333,False,False
2025-02,sunscreen,acrylates,1,60,0.016667,False,False
2025-02,sunscreen,"administration, cutaneous",1,60,0.016667,False,False
2025-02,sunscreen,adrenal cortex hormones,1,60,0.016667,False,False
2025-02,sunscreen,age factors,1,60,0.016667,False,False
2025-02,sunscreen,aged,1,60,0.016667,False,False
2025-02,sunscreen,agriculture,1,60,0.016667,False,False
2025-02,sunscreen,air pollutants,1,60,0.016667,False,False
2025-02,sunscreen,air pollution,1,60,0.016667,False,False
2025-02,sunscreen,amino acids,1,60,0.016667,False,False
2025-02,sunscreen,anti-inflammatory agents,1,60,0.016667,False,False
2025-02,sunscreen,aquatic organisms,1,60,0.016667,False,False
2025-02,sunscreen,arbutin,1,60,0.016667,False,False
2025-02,sunscreen,aspirin,1,60,0.016667,False,False
2025-02,sunscreen,australia,1,60,0.016667,False,False
2025-02,sunscreen,bacteriochlorophyll a,1,60,0.016667,False,False
2025-02,sunscreen,beauty culture,1,60,0.016667,False,False
2025-02,sunscreen,benzimidazoles,1,60,0.016667,False,False
2025-02,sunscreen,betalains,1,60,0.016667,False,False
2025-02,sunscreen,bicycling,1,60,0.016667,False,False
2025-02,sunscreen,"biodegradation, environmental",1,60,0.016667,False,False
2025-02,sunscreen,biological products,1,60,0.016667,False,False
2025-02,sunscreen,biomass,1,60,0.016667,False,False
2025-02,sunscreen,biosynthetic pathways,1,60,0.016667,False,False
2025-02,sunscreen,biotransformation,1,60,0.016667,False,False
2025-02,sunscreen,brassica,1,60,0.016667,False,False
2025-02,sunscreen,brazil,1,60,0.016667,False,False
2025-02,sunscreen,bryopsida,1,60,0.016667,False,False
2025-02,sunscreen,bufanolides,1,60,0.016667,False,False
2025-02,sunscreen,calcifediol,1,60,0.016667,False,False
2025-02,sunscreen,camphor,1,60,0.016667,False,False
2025-02,sunscreen,carbon,1,60,0.016667,False,False
2025-02,sunscreen,carbon dioxide,1,60,0.016667,False,False
2025-02,sunscreen,carcinogenicity tests,1,60,0.016667,False,False
2025-02,sunscreen,carcinogens,1,60,0.016667,False,False
2025-02,sunscreen,caregivers,1,60,0.016667,False,False
2025-02,sunscreen,carotenoids,1,60,0.016667,False,False
2025-02,sunscreen,cell differentiation,1,60,0.016667,False,False
2025-02,sunscreen,"cells, cultured",1,60,0.016667,False,False
2025-02,sunscreen,chalcone,1,60,0.016667,False,False
2025-02,sunscreen,chalcones,1,60,0.016667,False,False
2025-02,sunscreen,chenopodium quinoa,1,60,0.016667,False,False
2025-02,sunscreen,"child, preschool",1,60,0.016667,False,False
2025-02,sunscreen,chlamydomonas reinhardtii,1,60,0.016667,False,False
2025-02,sunscreen,chlorophyll binding proteins,1,60,0.016667,False,False
2025-02,sunscreen,chloroplasts,1,60,0.016667,False,False
2025-02,sunscreen,cholecalciferol,1,60,0.016667,False,False
2025-02,sunscreen,"chromatography, liquid",1,60,0.016667,False,False
2025-02,sunscreen,cinnamates,1,60,0.016667,False,False
2025-02,sunscreen,climate change,1,60,0.016667,False,False
2025-02,sunscreen,cold-shock response,1,60,0.016667,False,False
2025-02,sunscreen,collagen,1,60,0.016667,False,False
2025-02,sunscreen,cosmeceuticals,1,60,0.016667,False,False
2025-02,sunscreen,cyanobacteria,1,60,0.016667,False,False
2025-02,sunscreen,cytochrome p-450 enzyme system,1,60,0.016667,False,False
2025-02,sunscreen,decompression sickness,1,60,0.016667,False,False
2025-02,sunscreen,"dermatitis, phototoxic",1,60,0.016667,False,False
2025-02,sunscreen,dermatologic agents,1,60,0.016667,False,False
2025-02,sunscreen,dietary supplements,1,60,0.016667,False,False
2025-02,sunscreen,diving,1,60,0.016667,False,False
2025-02,sunscreen,dna repair,1,60,0.016667,False,False
2025-02,sunscreen,"dose-response relationship, drug",1,60,0.016667,False,False
2025-02,sunscreen,drug combinations,1,60,0.016667,False,False
2025-02,sunscreen,ecotoxicology,1,60,0.016667,False,False
2025-02,sunscreen,edema,1,60,0.016667,False,False
2025-02,sunscreen,emulsions,1,60,0.016667,False,False
2025-02,sunscreen,endangered species,1,60,0.016667,False,False
2025-02,sunscreen,energy transfer,1,60,0.016667,False,False
2025-02,sunscreen,environmental exposure,1,60,0.016667,False,False
2025-02,sunscreen,environmental pollutants,1,60,0.016667,False,False
2025-02,sunscreen,enzyme inhibitors,1,60,0.016667,False,False
2025-02,sunscreen,escherichia coli,1,60,0.016667,False,False
2025-02,sunscreen,exposome,1,60,0.016667,False,False
2025-02,sunscreen,face,1,60,0.016667,False,False
2025-02,sunscreen,facial dermatoses,1,60,0.016667,False,False
2025-02,sunscreen,farmers,1,60,0.016667,False,False
2025-02,sunscreen,fibroblasts,1,60,0.016667,False,False
2025-02,sunscreen,ficus,1,60,0.016667,False,False
2025-02,sunscreen,finland,1,60,0.016667,False,False
2025-02,sunscreen,flavonoids,1,60,0.016667,False,False
2025-02,sunscreen,fruit and vegetable juices,1,60,0.016667,False,False
2025-02,sunscreen,furocoumarins,1,60,0.016667,False,False
2025-02,sunscreen,glucosides,1,60,0.016667,False,False
2025-02,sunscreen,health behavior,1,60,0.016667,False,False
2025-02,sunscreen,health promotion,1,60,0.016667,False,False
2025-02,sunscreen,hep g2 cells,1,60,0.016667,False,False
2025-02,sunscreen,hot temperature,1,60,0.016667,False,False
2025-02,sunscreen,humidity,1,60,0.016667,False,False
2025-02,sunscreen,hydroxybenzoates,1,60,0.016667,False,False
2025-02,sunscreen,hyperbaric oxygenation,1,60,0.016667,False,False
2025-02,sunscreen,hyperpigmentation,1,60,0.016667,False,False
2025-02,sunscreen,india,1,60,0.016667,False,False
2025-02,sunscreen,infant,1,60,0.016667,False,False
2025-02,sunscreen,ireland,1,60,0.016667,False,False
2025-02,sunscreen,kalanchoe,1,60,0.016667,False,False
2025-02,sunscreen,logistic models,1,60,0.016667,False,False
2025-02,sunscreen,malondialdehyde,1,60,0.016667,False,False
2025-02,sunscreen,"mammary glands, animal",1,60,0.016667,False,False
2025-02,sunscreen,melanins,1,60,0.016667,False,False
2025-02,sunscreen,melanoma,1,60,0.016667,False,False
2025-02,sunscreen,melanosis,1,60,0.016667,False,False
2025-02,sunscreen,melatonin,1,60,0.016667,False,False
2025-02,sunscreen,microbiota,1,60,0.016667,False,False
2025-02,sunscreen,molecular docking simulation,1,60,0.016667,False,False
2025-02,sunscreen,molecular structure,1,60,0.016667,False,False
2025-02,sunscreen,multigene family,1,60,0.016667,False,False
2025-02,sunscreen,nails,1,60,0.016667,False,False
2025-02,sunscreen,"neoplasms, radiation-induced",1,60,0.016667,False,False
2025-02,sunscreen,nutrition surveys,1,60,0.016667,False,False
2025-02,sunscreen,occupational exposure,1,60,0.016667,False,False
2025-02,sunscreen,oceans and seas,1,60,0.016667,False,False
2025-02,sunscreen,particle size,1,60,0.016667,False,False
2025-02,sunscreen,pennsylvania,1,60,0.016667,False,False
2025-02,sunscreen,phylogeny,1,60,0.016667,False,False
2025-02,sunscreen,picrates,1,60,0.016667,False,False
2025-02,sunscreen,plant roots,1,60,0.016667,False,False
2025-02,sunscreen,polyphenols,1,60,0.016667,False,False
2025-02,sunscreen,ppar gamma,1,60,0.016667,False,False
2025-02,sunscreen,propiophenones,1,60,0.016667,False,False
2025-02,sunscreen,prospective studies,1,60,0.016667,False,False
2025-02,sunscreen,psoriasis,1,60,0.016667,False,False
2025-02,sunscreen,radiation exposure,1,60,0.016667,False,False
2025-02,sunscreen,"rats, wistar",1,60,0.016667,False,False
2025-02,sunscreen,"receptors, melatonin",1,60,0.016667,False,False
2025-02,sunscreen,recreation,1,60,0.016667,False,False
2025-02,sunscreen,rhodobacter sphaeroides,1,60,0.016667,False,False
2025-02,sunscreen,salicylates,1,60,0.016667,False,False
2025-02,sunscreen,salicylic acid,1,60,0.016667,False,False
2025-02,sunscreen,saudi arabia,1,60,0.016667,False,False
2025-02,sunscreen,seawater,1,60,0.016667,False,False
2025-02,sunscreen,seedlings,1,60,0.016667,False,False
2025-02,sunscreen,severity of illness index,1,60,0.016667,False,False
2025-02,sunscreen,sexual maturation,1,60,0.016667,False,False
2025-02,sunscreen,skin absorption,1,60,0.016667,False,False
2025-02,sunscreen,skin cream,1,60,0.016667,False,False
2025-02,sunscreen,south asian people,1,60,0.016667,False,False
2025-02,sunscreen,"spectrometry, mass, electrospray ionization",1,60,0.016667,False,False
2025-02,sunscreen,stem cells,1,60,0.016667,False,False
2025-02,sunscreen,"stress, physiological",1,60,0.016667,False,False
2025-02,sunscreen,sulfonic acids,1,60,0.016667,False,False
2025-02,sunscreen,sun protection factor,1,60,0.016667,False,False
2025-02,sunscreen,temperature,1,60,0.016667,False,False
2025-02,sunscreen,titanium,1,60,0.016667,False,False
2025-02,sunscreen,treatment outcome,1,60,0.016667,False,False
2025-02,sunscreen,united states,1,60,0.016667,False,False
2025-02,sunscreen,urease,1,60,0.016667,False,False
2025-02,sunscreen,vitamin d,1,60,0.016667,False,False
2025-02,sunscreen,vitamin d deficiency,1,60,0.016667,False,False
2025-02,sunscreen,vitamins,1,60,0.016667,False,False
2025-02,sunscreen,"water pollutants, chemical",1,60,0.016667,False,False
2025-02,sunscreen,wound healing,1,60,0.016667,False,False
2025-02,sunscreen,zebrafish,1,60,0.016667,False,False
2025-03,sunscreen,humans,22,55,0.4,False,False
2025-03,sunscreen,sunscreening agents,17,55,0.309091,False,False
2025-03,sunscreen,ultraviolet rays,13,55,0.236364,False,False
2025-03,sunscreen,female,12,55,0.218182,False,False
2025-03,sunscreen,male,12,55,0.218182,False,False
2025-03,sunscreen,skin neoplasms,9,55,0.163636,False,False
2025-03,sunscreen,adult,8,55,0.145455,False,False
2025-03,sunscreen,animals,7,55,0.127273,False,False
2025-03,sunscreen,middle aged,7,55,0.127273,False,False
2025-03,sunscreen,antioxidants,6,55,0.109091,False,False
2025-03,sunscreen,skin,6,55,0.109091,False,False
2025-03,sunscreen,photosynthesis,5,55,0.090909,False,False
2025-03,sunscreen,plant extracts,5,55,0.090909,False,False
2025-03,sunscreen,"water pollutants, chemical",5,55,0.090909,False,False
2025-03,sunscreen,aged,4,55,0.072727,False,False
2025-03,sunscreen,light,4,55,0.072727,False,False
2025-03,sunscreen,melanoma,4,55,0.072727,False,False
2025-03,sunscreen,sunlight,4,55,0.072727,False,False
2025-03,sunscreen,young adult,4,55,0.072727,False,False
2025-03,sunscreen,adolescent,3,55,0.054545,False,False
2025-03,sunscreen,basal cell carcinoma,3,55,0.054545,False,False
2025-03,sunscreen,"carcinoma, squamous cell",3,55,0.054545,False,False
2025-03,sunscreen,environmental monitoring,3,55,0.054545,False,False
2025-03,sunscreen,sunburn,3,55,0.054545,False,False
2025-03,sunscreen,surveys and questionnaires,3,55,0.054545,False,False
2025-03,sunscreen,"administration, oral",2,55,0.036364,False,False
2025-03,sunscreen,arabidopsis,2,55,0.036364,False,False
2025-03,sunscreen,arabidopsis proteins,2,55,0.036364,False,False
2025-03,sunscreen,benzophenones,2,55,0.036364,False,False
2025-03,sunscreen,cell line,2,55,0.036364,False,False
2025-03,sunscreen,cell survival,2,55,0.036364,False,False
2025-03,sunscreen,child,2,55,0.036364,False,False
2025-03,sunscreen,dna damage,2,55,0.036364,False,False
2025-03,sunscreen,dna repair,2,55,0.036364,False,False
2025-03,sunscreen,fibroblasts,2,55,0.036364,False,False
2025-03,sunscreen,free radical scavengers,2,55,0.036364,False,False
2025-03,sunscreen,"gene expression regulation, plant",2,55,0.036364,False,False
2025-03,sunscreen,germany,2,55,0.036364,False,False
2025-03,sunscreen,hacat cells,2,55,0.036364,False,False
2025-03,sunscreen,health behavior,2,55,0.036364,False,False
2025-03,sunscreen,"health knowledge, attitudes, practice",2,55,0.036364,False,False
2025-03,sunscreen,lakes,2,55,0.036364,False,False
2025-03,sunscreen,molecular structure,2,55,0.036364,False,False
2025-03,sunscreen,occupational exposure,2,55,0.036364,False,False
2025-03,sunscreen,oxidation-reduction,2,55,0.036364,False,False
2025-03,sunscreen,phenols,2,55,0.036364,False,False
2025-03,sunscreen,photolysis,2,55,0.036364,False,False
2025-03,sunscreen,photosystem i protein complex,2,55,0.036364,False,False
2025-03,sunscreen,pigmentation,2,55,0.036364,False,False
2025-03,sunscreen,plant proteins,2,55,0.036364,False,False
2025-03,sunscreen,reactive oxygen species,2,55,0.036364,False,False
2025-03,sunscreen,resveratrol,2,55,0.036364,False,False
2025-03,sunscreen,risk factors,2,55,0.036364,False,False
2025-03,sunscreen,seasons,2,55,0.036364,False,False
2025-03,sunscreen,signal transduction,2,55,0.036364,False,False
2025-03,sunscreen,singlet oxygen,2,55,0.036364,False,False
2025-03,sunscreen,skin aging,2,55,0.036364,False,False
2025-03,sunscreen,stilbenes,2,55,0.036364,False,False
2025-03,sunscreen,titanium,2,55,0.036364,False,False
2025-03,sunscreen,zebrafish,2,55,0.036364,False,False
2025-03,sunscreen,acrylates,1,55,0.018182,False,False
2025-03,sunscreen,acyltransferases,1,55,0.018182,False,False
2025-03,sunscreen,adherence interventions,1,55,0.018182,False,False
2025-03,sunscreen,africa,1,55,0.018182,False,False
2025-03,sunscreen,albinism,1,55,0.018182,False,False
2025-03,sunscreen,alismatales,1,55,0.018182,False,False
2025-03,sunscreen,alpha-msh,1,55,0.018182,False,False
2025-03,sunscreen,amino acid sequence,1,55,0.018182,False,False
2025-03,sunscreen,anthocyanins,1,55,0.018182,False,False
2025-03,sunscreen,anti-infective agents,1,55,0.018182,False,False
2025-03,sunscreen,antineoplastic agents,1,55,0.018182,False,False
2025-03,sunscreen,apoptosis,1,55,0.018182,False,False
2025-03,sunscreen,arachis,1,55,0.018182,False,False
2025-03,sunscreen,artemia,1,55,0.018182,False,False
2025-03,sunscreen,aspalathus,1,55,0.018182,False,False
2025-03,sunscreen,australia,1,55,0.018182,False,False
2025-03,sunscreen,bacteria,1,55,0.018182,False,False
2025-03,sunscreen,bacterial proteins,1,55,0.018182,False,False
2025-03,sunscreen,bathing beaches,1,55,0.018182,False,False
2025-03,sunscreen,benzhydryl compounds,1,55,0.018182,False,False
2025-03,sunscreen,benzoates,1,55,0.018182,False,False
2025-03,sunscreen,biological monitoring,1,55,0.018182,False,False
2025-03,sunscreen,brachyura,1,55,0.018182,False,False
2025-03,sunscreen,brain,1,55,0.018182,False,False
2025-03,sunscreen,bulk drugs,1,55,0.018182,False,False
2025-03,sunscreen,calcium,1,55,0.018182,False,False
2025-03,sunscreen,canada,1,55,0.018182,False,False
2025-03,sunscreen,carbon,1,55,0.018182,False,False
2025-03,sunscreen,case-control studies,1,55,0.018182,False,False
2025-03,sunscreen,"child, preschool",1,55,0.018182,False,False
2025-03,sunscreen,chlorogenic acid,1,55,0.018182,False,False
2025-03,sunscreen,chloroplasts,1,55,0.018182,False,False
2025-03,sunscreen,cinnamates,1,55,0.018182,False,False
2025-03,sunscreen,circadian rhythm,1,55,0.018182,False,False
2025-03,sunscreen,"cloning, molecular",1,55,0.018182,False,False
2025-03,sunscreen,cold temperature,1,55,0.018182,False,False
2025-03,sunscreen,color,1,55,0.018182,False,False
2025-03,sunscreen,conjunctiva,1,55,0.018182,False,False
2025-03,sunscreen,contact lenses,1,55,0.018182,False,False
2025-03,sunscreen,cornea,1,55,0.018182,False,False
2025-03,sunscreen,"crystallography, x-ray",1,55,0.018182,False,False
2025-03,sunscreen,cyclohexanones,1,55,0.018182,False,False
2025-03,sunscreen,cyclopentanes,1,55,0.018182,False,False
2025-03,sunscreen,cyclophilins,1,55,0.018182,False,False
2025-03,sunscreen,cytoplasm,1,55,0.018182,False,False
2025-03,sunscreen,dermatology,1,55,0.018182,False,False
2025-03,sunscreen,dietary supplements,1,55,0.018182,False,False
2025-03,sunscreen,dna transposable elements,1,55,0.018182,False,False
2025-03,sunscreen,dna-binding proteins,1,55,0.018182,False,False
2025-03,sunscreen,drug design,1,55,0.018182,False,False
2025-03,sunscreen,electron transport,1,55,0.018182,False,False
2025-03,sunscreen,environmental exposure,1,55,0.018182,False,False
2025-03,sunscreen,environmental pollutants,1,55,0.018182,False,False
2025-03,sunscreen,enzyme inhibitors,1,55,0.018182,False,False
2025-03,sunscreen,erythema,1,55,0.018182,False,False
2025-03,sunscreen,escherichia coli,1,55,0.018182,False,False
2025-03,sunscreen,excipients,1,55,0.018182,False,False
2025-03,sunscreen,exposome,1,55,0.018182,False,False
2025-03,sunscreen,eye injuries,1,55,0.018182,False,False
2025-03,sunscreen,face,1,55,0.018182,False,False
2025-03,sunscreen,"fatty acids, unsaturated",1,55,0.018182,False,False
2025-03,sunscreen,ferric compounds,1,55,0.018182,False,False
2025-03,sunscreen,flowers,1,55,0.018182,False,False
2025-03,sunscreen,fresh water,1,55,0.018182,False,False
2025-03,sunscreen,gene expression,1,55,0.018182,False,False
2025-03,sunscreen,gene expression profiling,1,55,0.018182,False,False
2025-03,sunscreen,gluconeogenesis,1,55,0.018182,False,False
2025-03,sunscreen,glucosides,1,55,0.018182,False,False
2025-03,sunscreen,glutathione,1,55,0.018182,False,False
2025-03,sunscreen,glycolysis,1,55,0.018182,False,False
2025-03,sunscreen,health education,1,55,0.018182,False,False
2025-03,sunscreen,health policy,1,55,0.018182,False,False
2025-03,sunscreen,heart,1,55,0.018182,False,False
2025-03,sunscreen,high-throughput screening assays,1,55,0.018182,False,False
2025-03,sunscreen,hyaluronoglucosaminidase,1,55,0.018182,False,False
2025-03,sunscreen,hydrogen peroxide,1,55,0.018182,False,False
2025-03,sunscreen,hyperpigmentation,1,55,0.018182,False,False
2025-03,sunscreen,"immunity, innate",1,55,0.018182,False,False
2025-03,sunscreen,in vitro techniques,1,55,0.018182,False,False
2025-03,sunscreen,insect repellents,1,55,0.018182,False,False
2025-03,sunscreen,juglans,1,55,0.018182,False,False
2025-03,sunscreen,kaempferols,1,55,0.018182,False,False
2025-03,sunscreen,keratinocytes,1,55,0.018182,False,False
2025-03,sunscreen,lamiaceae,1,55,0.018182,False,False
2025-03,sunscreen,mass spectrometry,1,55,0.018182,False,False
2025-03,sunscreen,"mating preference, animal",1,55,0.018182,False,False
2025-03,sunscreen,melanins,1,55,0.018182,False,False
2025-03,sunscreen,melanocytes,1,55,0.018182,False,False
2025-03,sunscreen,mice,1,55,0.018182,False,False
2025-03,sunscreen,microbial sensitivity tests,1,55,0.018182,False,False
2025-03,sunscreen,microbiota,1,55,0.018182,False,False
2025-03,sunscreen,microplastics,1,55,0.018182,False,False
2025-03,sunscreen,"models, molecular",1,55,0.018182,False,False
2025-03,sunscreen,monophenol monooxygenase,1,55,0.018182,False,False
2025-03,sunscreen,naphthols,1,55,0.018182,False,False
2025-03,sunscreen,"neoplasms, radiation-induced",1,55,0.018182,False,False
2025-03,sunscreen,occupational diseases,1,55,0.018182,False,False
2025-03,sunscreen,oxidative stress,1,55,0.018182,False,False
2025-03,sunscreen,oxylipins,1,55,0.018182,False,False
2025-03,sunscreen,pancreatic elastase,1,55,0.018182,False,False
2025-03,sunscreen,parabens,1,55,0.018182,False,False
2025-03,sunscreen,patient compliance,1,55,0.018182,False,False
2025-03,sunscreen,patient education as topic,1,55,0.018182,False,False
2025-03,sunscreen,pharmaceutical preparations,1,55,0.018182,False,False
2025-03,sunscreen,phosphoglycerate kinase,1,55,0.018182,False,False
2025-03,sunscreen,photochemical processes,1,55,0.018182,False,False
2025-03,sunscreen,photosensitizing agents,1,55,0.018182,False,False
2025-03,sunscreen,photosystem ii protein complex,1,55,0.018182,False,False
2025-03,sunscreen,phthalic acids,1,55,0.018182,False,False
2025-03,sunscreen,phycobilisomes,1,55,0.018182,False,False
2025-03,sunscreen,phytochemicals,1,55,0.018182,False,False
2025-03,sunscreen,"plant components, aerial",1,55,0.018182,False,False
2025-03,sunscreen,plant leaves,1,55,0.018182,False,False
2025-03,sunscreen,plants,1,55,0.018182,False,False
2025-03,sunscreen,"plants, genetically modified",1,55,0.018182,False,False
2025-03,sunscreen,poland,1,55,0.018182,False,False
2025-03,sunscreen,pollination,1,55,0.018182,False,False
2025-03,sunscreen,polycyclic aromatic hydrocarbons,1,55,0.018182,False,False
2025-03,sunscreen,polypodium,1,55,0.018182,False,False
2025-03,sunscreen,polysaccharides,1,55,0.018182,False,False
2025-03,sunscreen,prevalence,1,55,0.018182,False,False
2025-03,sunscreen,program evaluation,1,55,0.018182,False,False
2025-03,sunscreen,prospective studies,1,55,0.018182,False,False
2025-03,sunscreen,protective clothing,1,55,0.018182,False,False
2025-03,sunscreen,protein subunits,1,55,0.018182,False,False
2025-03,sunscreen,"protoporphyria, erythropoietic",1,55,0.018182,False,False
2025-03,sunscreen,pyrimidine dimers,1,55,0.018182,False,False
2025-03,sunscreen,quality of life,1,55,0.018182,False,False
2025-03,sunscreen,quality-adjusted life years,1,55,0.018182,False,False
2025-03,sunscreen,queensland,1,55,0.018182,False,False
2025-03,sunscreen,radiation dosage,1,55,0.018182,False,False
2025-03,sunscreen,radiation-protective agents,1,55,0.018182,False,False
2025-03,sunscreen,randomized controlled trials as topic,1,55,0.018182,False,False
2025-03,sunscreen,recombinant proteins,1,55,0.018182,False,False
2025-03,sunscreen,recreation,1,55,0.018182,False,False
2025-03,sunscreen,registries,1,55,0.018182,False,False
2025-03,sunscreen,reunion,1,55,0.018182,False,False
2025-03,sunscreen,rose bengal,1,55,0.018182,False,False
2025-03,sunscreen,schools,1,55,0.018182,False,False
2025-03,sunscreen,"sexual behavior, animal",1,55,0.018182,False,False
2025-03,sunscreen,sirtuins,1,55,0.018182,False,False
2025-03,sunscreen,skin diseases,1,55,0.018182,False,False
2025-03,sunscreen,spain,1,55,0.018182,False,False
2025-03,sunscreen,"stress, physiological",1,55,0.018182,False,False
2025-03,sunscreen,sun protection factor,1,55,0.018182,False,False
2025-03,sunscreen,swine,1,55,0.018182,False,False
2025-03,sunscreen,synechocystis,1,55,0.018182,False,False
2025-03,sunscreen,tablets,1,55,0.018182,False,False
2025-03,sunscreen,thylakoids,1,55,0.018182,False,False
2025-03,sunscreen,transcriptome,1,55,0.018182,False,False
2025-03,sunscreen,treatment outcome,1,55,0.018182,False,False
2025-03,sunscreen,ubiquitin-protein ligases,1,55,0.018182,False,False
2025-03,sunscreen,ulva,1,55,0.018182,False,False
2025-03,sunscreen,united states,1,55,0.018182,False,False
2025-03,sunscreen,vitis,1,55,0.018182,False,False
2025-03,sunscreen,xeroderma pigmentosum,1,55,0.018182,False,False
2025-03,sunscreen,zebrafish proteins,1,55,0.018182,False,False
2025-04,sunscreen,humans,18,49,0.367347,True,False
2025-04,sunscreen,male,9,49,0.183673,True,False
2025-04,sunscreen,female,8,49,0.163265,True,False
2025-04,sunscreen,ultraviolet rays,8,49,0.163265,True,False
2025-04,sunscreen,photosynthesis,7,49,0.142857,True,False
2025-04,sunscreen,adult,6,49,0.122449,True,False
2025-04,sunscreen,light,6,49,0.122449,True,False
2025-04,sunscreen,middle aged,6,49,0.122449,True,False
2025-04,sunscreen,sunscreening agents,6,49,0.122449,True,False
2025-04,sunscreen,skin,5,49,0.102041,True,False
2025-04,sunscreen,skin aging,5,49,0.102041,True,False
2025-04,sunscreen,aged,4,49,0.081633,True,False
2025-04,sunscreen,animals,4,49,0.081633,True,False
2025-04,sunscreen,carotenoids,4,49,0.081633,True,False
2025-04,sunscreen,reactive oxygen species,4,49,0.081633,True,False
2025-04,sunscreen,antioxidants,3,49,0.061224,True,False
2025-04,sunscreen,cell line,3,49,0.061224,True,False
2025-04,sunscreen,chlorophyll,3,49,0.061224,True,False
2025-04,sunscreen,"health knowledge, attitudes, practice",3,49,0.061224,True,False
2025-04,sunscreen,patient satisfaction,3,49,0.061224,True,False
2025-04,sunscreen,plant extracts,3,49,0.061224,True,False
2025-04,sunscreen,plant leaves,3,49,0.061224,True,False
2025-04,sunscreen,skin care,3,49,0.061224,True,False
2025-04,sunscreen,surveys and questionnaires,3,49,0.061224,True,False
2025-04,sunscreen,treatment outcome,3,49,0.061224,True,False
2025-04,sunscreen,young adult,3,49,0.061224,True,False
2025-04,sunscreen,anti-bacterial agents,2,49,0.040816,True,False
2025-04,sunscreen,apoptosis,2,49,0.040816,True,False
2025-04,sunscreen,benzophenones,2,49,0.040816,True,False
2025-04,sunscreen,bryopsida,2,49,0.040816,True,False
2025-04,sunscreen,diatoms,2,49,0.040816,True,False
2025-04,sunscreen,ecosystem,2,49,0.040816,True,False
2025-04,sunscreen,electron transport,2,49,0.040816,True,False
2025-04,sunscreen,endocrine disruptors,2,49,0.040816,True,False
2025-04,sunscreen,erythema,2,49,0.040816,True,False
2025-04,sunscreen,hacat cells,2,49,0.040816,True,False
2025-04,sunscreen,hypoglycemic agents,2,49,0.040816,True,False
2025-04,sunscreen,keratinocytes,2,49,0.040816,True,False
2025-04,sunscreen,melanins,2,49,0.040816,True,False
2025-04,sunscreen,micrococcaceae,2,49,0.040816,True,False
2025-04,sunscreen,sunlight,2,49,0.040816,True,False
2025-04,sunscreen,"water pollutants, chemical",2,49,0.040816,True,False
2025-04,sunscreen,xanthophylls,2,49,0.040816,True,False
2025-04,sunscreen,acclimatization,1,49,0.020408,True,False
2025-04,sunscreen,acne vulgaris,1,49,0.020408,True,False
2025-04,sunscreen,"adaptation, physiological",1,49,0.020408,True,False
2025-04,sunscreen,alpha-amylases,1,49,0.020408,True,False
2025-04,sunscreen,anthocyanins,1,49,0.020408,True,False
2025-04,sunscreen,anti-infective agents,1,49,0.020408,True,False
2025-04,sunscreen,antifungal agents,1,49,0.020408,True,False
2025-04,sunscreen,arabidopsis,1,49,0.020408,True,False
2025-04,sunscreen,arctic regions,1,49,0.020408,True,False
2025-04,sunscreen,ascorbic acid,1,49,0.020408,True,False
2025-04,sunscreen,aspergillus niger,1,49,0.020408,True,False
2025-04,sunscreen,awareness,1,49,0.020408,True,False
2025-04,sunscreen,begoniaceae,1,49,0.020408,True,False
2025-04,sunscreen,benzimidazoles,1,49,0.020408,True,False
2025-04,sunscreen,benzoyl peroxide,1,49,0.020408,True,False
2025-04,sunscreen,biodiversity,1,49,0.020408,True,False
2025-04,sunscreen,blue light,1,49,0.020408,True,False
2025-04,sunscreen,carbamates,1,49,0.020408,True,False
2025-04,sunscreen,catalysis,1,49,0.020408,True,False
2025-04,sunscreen,cattle,1,49,0.020408,True,False
2025-04,sunscreen,cell proliferation,1,49,0.020408,True,False
2025-04,sunscreen,child,1,49,0.020408,True,False
2025-04,sunscreen,chlorophyll a,1,49,0.020408,True,False
2025-04,sunscreen,citrus paradisi,1,49,0.020408,True,False
2025-04,sunscreen,citrus sinensis,1,49,0.020408,True,False
2025-04,sunscreen,color,1,49,0.020408,True,False
2025-04,sunscreen,cosmetics,1,49,0.020408,True,False
2025-04,sunscreen,cross-over studies,1,49,0.020408,True,False
2025-04,sunscreen,cross-sectional studies,1,49,0.020408,True,False
2025-04,sunscreen,cytokinins,1,49,0.020408,True,False
2025-04,sunscreen,delphi technique,1,49,0.020408,True,False
2025-04,sunscreen,dermatologic agents,1,49,0.020408,True,False
2025-04,sunscreen,dermatologists,1,49,0.020408,True,False
2025-04,sunscreen,dermatology,1,49,0.020408,True,False
2025-04,sunscreen,diabetes mellitus,1,49,0.020408,True,False
2025-04,sunscreen,dicarboxylic acids,1,49,0.020408,True,False
2025-04,sunscreen,dietary supplements,1,49,0.020408,True,False
2025-04,sunscreen,diffusion,1,49,0.020408,True,False
2025-04,sunscreen,dna damage,1,49,0.020408,True,False
2025-04,sunscreen,dna-binding proteins,1,49,0.020408,True,False
2025-04,sunscreen,"dose-response relationship, drug",1,49,0.020408,True,False
2025-04,sunscreen,"dose-response relationship, radiation",1,49,0.020408,True,False
2025-04,sunscreen,double-blind method,1,49,0.020408,True,False
2025-04,sunscreen,"ear, external",1,49,0.020408,True,False
2025-04,sunscreen,elastin,1,49,0.020408,True,False
2025-04,sunscreen,electron spin resonance spectroscopy,1,49,0.020408,True,False
2025-04,sunscreen,energy transfer,1,49,0.020408,True,False
2025-04,sunscreen,environment,1,49,0.020408,True,False
2025-04,sunscreen,face,1,49,0.020408,True,False
2025-04,sunscreen,farmers,1,49,0.020408,True,False
2025-04,sunscreen,fibroblasts,1,49,0.020408,True,False
2025-04,sunscreen,ficus,1,49,0.020408,True,False
2025-04,sunscreen,"fungicides, industrial",1,49,0.020408,True,False
2025-04,sunscreen,gas chromatography-mass spectrometry,1,49,0.020408,True,False
2025-04,sunscreen,genotype,1,49,0.020408,True,False
2025-04,sunscreen,geologic sediments,1,49,0.020408,True,False
2025-04,sunscreen,glycolates,1,49,0.020408,True,False
2025-04,sunscreen,gram-negative bacteria,1,49,0.020408,True,False
2025-04,sunscreen,gram-positive bacteria,1,49,0.020408,True,False
2025-04,sunscreen,hair,1,49,0.020408,True,False
2025-04,sunscreen,health promotion,1,49,0.020408,True,False
2025-04,sunscreen,heat-shock response,1,49,0.020408,True,False
2025-04,sunscreen,histamine antagonists,1,49,0.020408,True,False
2025-04,sunscreen,hot temperature,1,49,0.020408,True,False
2025-04,sunscreen,hyaluronic acid,1,49,0.020408,True,False
2025-04,sunscreen,hydrogen peroxide,1,49,0.020408,True,False
2025-04,sunscreen,immunosuppression therapy,1,49,0.020408,True,False
2025-04,sunscreen,induced pluripotent stem cells,1,49,0.020408,True,False
2025-04,sunscreen,jordan,1,49,0.020408,True,False
2025-04,sunscreen,kidney transplantation,1,49,0.020408,True,False
2025-04,sunscreen,kinetics,1,49,0.020408,True,False
2025-04,sunscreen,kruppel-like factor 4,1,49,0.020408,True,False
2025-04,sunscreen,larva,1,49,0.020408,True,False
2025-04,sunscreen,"lasers, solid-state",1,49,0.020408,True,False
2025-04,sunscreen,life style,1,49,0.020408,True,False
2025-04,sunscreen,light-harvesting protein complexes,1,49,0.020408,True,False
2025-04,sunscreen,liposomes,1,49,0.020408,True,False
2025-04,sunscreen,magnetic resonance imaging,1,49,0.020408,True,False
2025-04,sunscreen,matrix metalloproteinase 1,1,49,0.020408,True,False
2025-04,sunscreen,matrix metalloproteinase 3,1,49,0.020408,True,False
2025-04,sunscreen,melanocytes,1,49,0.020408,True,False
2025-04,sunscreen,mice,1,49,0.020408,True,False
2025-04,sunscreen,microbial sensitivity tests,1,49,0.020408,True,False
2025-04,sunscreen,molecular structure,1,49,0.020408,True,False
2025-04,sunscreen,monte carlo method,1,49,0.020408,True,False
2025-04,sunscreen,mutation,1,49,0.020408,True,False
2025-04,sunscreen,neuroimaging,1,49,0.020408,True,False
2025-04,sunscreen,niacinamide,1,49,0.020408,True,False
2025-04,sunscreen,oceans and seas,1,49,0.020408,True,False
2025-04,sunscreen,"oils, volatile",1,49,0.020408,True,False
2025-04,sunscreen,oligopeptides,1,49,0.020408,True,False
2025-04,sunscreen,ovarian neoplasms,1,49,0.020408,True,False
2025-04,sunscreen,oxidation-reduction,1,49,0.020408,True,False
2025-04,sunscreen,oxidative stress,1,49,0.020408,True,False
2025-04,sunscreen,patient compliance,1,49,0.020408,True,False
2025-04,sunscreen,phenotype,1,49,0.020408,True,False
2025-04,sunscreen,photochemical processes,1,49,0.020408,True,False
2025-04,sunscreen,photolysis,1,49,0.020408,True,False
2025-04,sunscreen,photosystem ii protein complex,1,49,0.020408,True,False
2025-04,sunscreen,phthalic acids,1,49,0.020408,True,False
2025-04,sunscreen,phylogeny,1,49,0.020408,True,False
2025-04,sunscreen,phytoplankton,1,49,0.020408,True,False
2025-04,sunscreen,"pigments, biological",1,49,0.020408,True,False
2025-04,sunscreen,plant oils,1,49,0.020408,True,False
2025-04,sunscreen,plant proteins,1,49,0.020408,True,False
2025-04,sunscreen,plants,1,49,0.020408,True,False
2025-04,sunscreen,polypodium,1,49,0.020408,True,False
2025-04,sunscreen,pregnancy,1,49,0.020408,True,False
2025-04,sunscreen,pregnancy complications,1,49,0.020408,True,False
2025-04,sunscreen,prospective studies,1,49,0.020408,True,False
2025-04,sunscreen,qualitative research,1,49,0.020408,True,False
2025-04,sunscreen,radiation-protective agents,1,49,0.020408,True,False
2025-04,sunscreen,rejuvenation,1,49,0.020408,True,False
2025-04,sunscreen,retinal pigment epithelium,1,49,0.020408,True,False
2025-04,sunscreen,retinoids,1,49,0.020408,True,False
2025-04,sunscreen,retrospective studies,1,49,0.020408,True,False
2025-04,sunscreen,"rna, ribosomal, 16s",1,49,0.020408,True,False
2025-04,sunscreen,rosmarinus,1,49,0.020408,True,False
2025-04,sunscreen,salicylic acid,1,49,0.020408,True,False
2025-04,sunscreen,skin diseases,1,49,0.020408,True,False
2025-04,sunscreen,skin neoplasms,1,49,0.020408,True,False
2025-04,sunscreen,skin pigmentation,1,49,0.020408,True,False
2025-04,sunscreen,southeast asian people,1,49,0.020408,True,False
2025-04,sunscreen,spinacia oleracea,1,49,0.020408,True,False
2025-04,sunscreen,sri lanka,1,49,0.020408,True,False
2025-04,sunscreen,staphylococcus aureus,1,49,0.020408,True,False
2025-04,sunscreen,"stress, physiological",1,49,0.020408,True,False
2025-04,sunscreen,structure-activity relationship,1,49,0.020408,True,False
2025-04,sunscreen,testis,1,49,0.020408,True,False
2025-04,sunscreen,thermotolerance,1,49,0.020408,True,False
2025-04,sunscreen,thylakoids,1,49,0.020408,True,False
2025-04,sunscreen,"transcription, genetic",1,49,0.020408,True,False
2025-04,sunscreen,transplant recipients,1,49,0.020408,True,False
2025-04,sunscreen,trigonella,1,49,0.020408,True,False
2025-04,sunscreen,triticum,1,49,0.020408,True,False
2025-04,sunscreen,vietnam,1,49,0.020408,True,False
2025-04,sunscreen,vitamin d,1,49,0.020408,True,False
2025-04,sunscreen,vitamin d deficiency,1,49,0.020408,True,False
2025-04,sunscreen,vitamins,1,49,0.020408,True,False
2025-04,sunscreen,water,1,49,0.020408,True,False
2025-04,sunscreen,wetlands,1,49,0.020408,True,False
2025-04,sunscreen,x-ray diffraction,1,49,0.020408,True,False
2025-04,sunscreen,xenopus laevis,1,49,0.020408,True,False
2025-04,sunscreen,xeroderma pigmentosum,1,49,0.020408,True,False
2025-05,sunscreen,humans,35,75,0.466667,False,False
2025-05,sunscreen,sunscreening agents,23,75,0.306667,False,False
2025-05,sunscreen,ultraviolet rays,23,75,0.306667,False,False
2025-05,sunscreen,animals,14,75,0.186667,False,False
2025-05,sunscreen,female,13,75,0.173333,False,False
2025-05,sunscreen,antioxidants,11,75,0.146667,False,False
2025-05,sunscreen,adult,9,75,0.12,False,False
2025-05,sunscreen,male,9,75,0.12,False,False
2025-05,sunscreen,nanoparticles,9,75,0.12,False,False
2025-05,sunscreen,middle aged,7,75,0.093333,False,False
2025-05,sunscreen,aged,6,75,0.08,False,False
2025-05,sunscreen,photosynthesis,6,75,0.08,False,False
2025-05,sunscreen,plant extracts,6,75,0.08,False,False
2025-05,sunscreen,skin,6,75,0.08,False,False
2025-05,sunscreen,"water pollutants, chemical",6,75,0.08,False,False
2025-05,sunscreen,benzophenones,5,75,0.066667,False,False
2025-05,sunscreen,carotenoids,5,75,0.066667,False,False
2025-05,sunscreen,cosmetics,5,75,0.066667,False,False
2025-05,sunscreen,cross-sectional studies,5,75,0.066667,False,False
2025-05,sunscreen,phenols,5,75,0.066667,False,False
2025-05,sunscreen,skin neoplasms,5,75,0.066667,False,False
2025-05,sunscreen,titanium,5,75,0.066667,False,False
2025-05,sunscreen,young adult,5,75,0.066667,False,False
2025-05,sunscreen,adolescent,4,75,0.053333,False,False
2025-05,sunscreen,environmental exposure,4,75,0.053333,False,False
2025-05,sunscreen,environmental monitoring,4,75,0.053333,False,False
2025-05,sunscreen,fibroblasts,4,75,0.053333,False,False
2025-05,sunscreen,mice,4,75,0.053333,False,False
2025-05,sunscreen,sun protection factor,4,75,0.053333,False,False
2025-05,sunscreen,acrylates,3,75,0.04,False,False
2025-05,sunscreen,chlorophyll,3,75,0.04,False,False
2025-05,sunscreen,metal nanoparticles,3,75,0.04,False,False
2025-05,sunscreen,particle size,3,75,0.04,False,False
2025-05,sunscreen,plant leaves,3,75,0.04,False,False
2025-05,sunscreen,risk factors,3,75,0.04,False,False
2025-05,sunscreen,skin aging,3,75,0.04,False,False
2025-05,sunscreen,spain,3,75,0.04,False,False
2025-05,sunscreen,united states,3,75,0.04,False,False
2025-05,sunscreen,zinc oxide,3,75,0.04,False,False
2025-05,sunscreen,"administration, oral",2,75,0.026667,False,False
2025-05,sunscreen,"aged, 80 and over",2,75,0.026667,False,False
2025-05,sunscreen,bacterial proteins,2,75,0.026667,False,False
2025-05,sunscreen,benzhydryl compounds,2,75,0.026667,False,False
2025-05,sunscreen,biomarkers,2,75,0.026667,False,False
2025-05,sunscreen,bisphenol a compounds,2,75,0.026667,False,False
2025-05,sunscreen,chemical fractionation,2,75,0.026667,False,False
2025-05,sunscreen,china,2,75,0.026667,False,False
2025-05,sunscreen,"chromatography, high pressure liquid",2,75,0.026667,False,False
2025-05,sunscreen,cinnamates,2,75,0.026667,False,False
2025-05,sunscreen,endocrine disruptors,2,75,0.026667,False,False
2025-05,sunscreen,environmental pollutants,2,75,0.026667,False,False
2025-05,sunscreen,face,2,75,0.026667,False,False
2025-05,sunscreen,"health knowledge, attitudes, practice",2,75,0.026667,False,False
2025-05,sunscreen,light,2,75,0.026667,False,False
2025-05,sunscreen,lignin,2,75,0.026667,False,False
2025-05,sunscreen,photosystem ii protein complex,2,75,0.026667,False,False
2025-05,sunscreen,"pigments, biological",2,75,0.026667,False,False
2025-05,sunscreen,prevalence,2,75,0.026667,False,False
2025-05,sunscreen,reproducibility of results,2,75,0.026667,False,False
2025-05,sunscreen,risk assessment,2,75,0.026667,False,False
2025-05,sunscreen,seasons,2,75,0.026667,False,False
2025-05,sunscreen,skin care,2,75,0.026667,False,False
2025-05,sunscreen,sunburn,2,75,0.026667,False,False
2025-05,sunscreen,sunlight,2,75,0.026667,False,False
2025-05,sunscreen,surveys and questionnaires,2,75,0.026667,False,False
2025-05,sunscreen,tandem mass spectrometry,2,75,0.026667,False,False
2025-05,sunscreen,water,2,75,0.026667,False,False
2025-05,sunscreen,acne vulgaris,1,75,0.013333,False,False
2025-05,sunscreen,"administration, cutaneous",1,75,0.013333,False,False
2025-05,sunscreen,"administration, topical",1,75,0.013333,False,False
2025-05,sunscreen,amino acids,1,75,0.013333,False,False
2025-05,sunscreen,anabaena,1,75,0.013333,False,False
2025-05,sunscreen,anthocyanins,1,75,0.013333,False,False
2025-05,sunscreen,anti-infective agents,1,75,0.013333,False,False
2025-05,sunscreen,antimicrobial peptides,1,75,0.013333,False,False
2025-05,sunscreen,apoproteins,1,75,0.013333,False,False
2025-05,sunscreen,aquatic organisms,1,75,0.013333,False,False
2025-05,sunscreen,arabidopsis,1,75,0.013333,False,False
2025-05,sunscreen,arabidopsis proteins,1,75,0.013333,False,False
2025-05,sunscreen,arachis,1,75,0.013333,False,False
2025-05,sunscreen,ascomycota,1,75,0.013333,False,False
2025-05,sunscreen,asthma,1,75,0.013333,False,False
2025-05,sunscreen,austria,1,75,0.013333,False,False
2025-05,sunscreen,behavioral risk factor surveillance system,1,75,0.013333,False,False
2025-05,sunscreen,beta carotene,1,75,0.013333,False,False
2025-05,sunscreen,biocompatible materials,1,75,0.013333,False,False
2025-05,sunscreen,biofilms,1,75,0.013333,False,False
2025-05,sunscreen,biological evolution,1,75,0.013333,False,False
2025-05,sunscreen,biological monitoring,1,75,0.013333,False,False
2025-05,sunscreen,biological transport,1,75,0.013333,False,False
2025-05,sunscreen,biomass,1,75,0.013333,False,False
2025-05,sunscreen,bisphenol f compounds,1,75,0.013333,False,False
2025-05,sunscreen,bisphenol s compounds,1,75,0.013333,False,False
2025-05,sunscreen,bisphenols,1,75,0.013333,False,False
2025-05,sunscreen,brazil,1,75,0.013333,False,False
2025-05,sunscreen,breast,1,75,0.013333,False,False
2025-05,sunscreen,breast neoplasms,1,75,0.013333,False,False
2025-05,sunscreen,calcium,1,75,0.013333,False,False
2025-05,sunscreen,carbamates,1,75,0.013333,False,False
2025-05,sunscreen,carbon,1,75,0.013333,False,False
2025-05,sunscreen,carcinogens,1,75,0.013333,False,False
2025-05,sunscreen,caribbean region,1,75,0.013333,False,False
2025-05,sunscreen,catalysis,1,75,0.013333,False,False
2025-05,sunscreen,cataract,1,75,0.013333,False,False
2025-05,sunscreen,cell line,1,75,0.013333,False,False
2025-05,sunscreen,cell survival,1,75,0.013333,False,False
2025-05,sunscreen,"cells, cultured",1,75,0.013333,False,False
2025-05,sunscreen,cellulose,1,75,0.013333,False,False
2025-05,sunscreen,choice behavior,1,75,0.013333,False,False
2025-05,sunscreen,"chromatography, liquid",1,75,0.013333,False,False
2025-05,sunscreen,"chromosomal proteins, non-histone",1,75,0.013333,False,False
2025-05,sunscreen,cicatrix,1,75,0.013333,False,False
2025-05,sunscreen,cinnamomum zeylanicum,1,75,0.013333,False,False
2025-05,sunscreen,cnidaria,1,75,0.013333,False,False
2025-05,sunscreen,cosmeceuticals,1,75,0.013333,False,False
2025-05,sunscreen,cryptochromes,1,75,0.013333,False,False
2025-05,sunscreen,crystallization,1,75,0.013333,False,False
2025-05,sunscreen,"crystallography, x-ray",1,75,0.013333,False,False
2025-05,sunscreen,cyclooxygenase 2,1,75,0.013333,False,False
2025-05,sunscreen,deet,1,75,0.013333,False,False
2025-05,sunscreen,dermatologic agents,1,75,0.013333,False,False
2025-05,sunscreen,dipeptides,1,75,0.013333,False,False
2025-05,sunscreen,doping in sports,1,75,0.013333,False,False
2025-05,sunscreen,drug compounding,1,75,0.013333,False,False
2025-05,sunscreen,drug stability,1,75,0.013333,False,False
2025-05,sunscreen,electron transport,1,75,0.013333,False,False
2025-05,sunscreen,"embryo, nonmammalian",1,75,0.013333,False,False
2025-05,sunscreen,endocytosis,1,75,0.013333,False,False
2025-05,sunscreen,energy transfer,1,75,0.013333,False,False
2025-05,sunscreen,enzyme inhibitors,1,75,0.013333,False,False
2025-05,sunscreen,europe,1,75,0.013333,False,False
2025-05,sunscreen,euterpe,1,75,0.013333,False,False
2025-05,sunscreen,eye,1,75,0.013333,False,False
2025-05,sunscreen,eye diseases,1,75,0.013333,False,False
2025-05,sunscreen,eye protective devices,1,75,0.013333,False,False
2025-05,sunscreen,eyeglasses,1,75,0.013333,False,False
2025-05,sunscreen,ficusin,1,75,0.013333,False,False
2025-05,sunscreen,flavonoids,1,75,0.013333,False,False
2025-05,sunscreen,flavonols,1,75,0.013333,False,False
2025-05,sunscreen,food packaging,1,75,0.013333,False,False
2025-05,sunscreen,fruit,1,75,0.013333,False,False
2025-05,sunscreen,gas chromatography-mass spectrometry,1,75,0.013333,False,False
2025-05,sunscreen,gels,1,75,0.013333,False,False
2025-05,sunscreen,gene deletion,1,75,0.013333,False,False
2025-05,sunscreen,"gene expression regulation, plant",1,75,0.013333,False,False
2025-05,sunscreen,genome-wide association study,1,75,0.013333,False,False
2025-05,sunscreen,genotype,1,75,0.013333,False,False
2025-05,sunscreen,glucosides,1,75,0.013333,False,False
2025-05,sunscreen,green chemistry technology,1,75,0.013333,False,False
2025-05,sunscreen,hair removal,1,75,0.013333,False,False
2025-05,sunscreen,health policy,1,75,0.013333,False,False
2025-05,sunscreen,hirsutism,1,75,0.013333,False,False
2025-05,sunscreen,hot temperature,1,75,0.013333,False,False
2025-05,sunscreen,hyaluronic acid,1,75,0.013333,False,False
2025-05,sunscreen,hydrocarbons,1,75,0.013333,False,False
2025-05,sunscreen,hydrolysis,1,75,0.013333,False,False
2025-05,sunscreen,hypersensitivity,1,75,0.013333,False,False
2025-05,sunscreen,hypertrichosis,1,75,0.013333,False,False
2025-05,sunscreen,immune system,1,75,0.013333,False,False
2025-05,sunscreen,"indians, north american",1,75,0.013333,False,False
2025-05,sunscreen,indoles,1,75,0.013333,False,False
2025-05,sunscreen,infrared rays,1,75,0.013333,False,False
2025-05,sunscreen,inhalation exposure,1,75,0.013333,False,False
2025-05,sunscreen,insect repellents,1,75,0.013333,False,False
2025-05,sunscreen,intramolecular lyases,1,75,0.013333,False,False
2025-05,sunscreen,ions,1,75,0.013333,False,False
2025-05,sunscreen,jordan,1,75,0.013333,False,False
2025-05,sunscreen,lactose,1,75,0.013333,False,False
2025-05,sunscreen,lanthanum,1,75,0.013333,False,False
2025-05,sunscreen,larva,1,75,0.013333,False,False
2025-05,sunscreen,"lasers, solid-state",1,75,0.013333,False,False
2025-05,sunscreen,lichens,1,75,0.013333,False,False
2025-05,sunscreen,light-harvesting protein complexes,1,75,0.013333,False,False
2025-05,sunscreen,limit of detection,1,75,0.013333,False,False
2025-05,sunscreen,lipid peroxidation,1,75,0.013333,False,False
2025-05,sunscreen,liposomes,1,75,0.013333,False,False
2025-05,sunscreen,mass spectrometry,1,75,0.013333,False,False
2025-05,sunscreen,maternal behavior,1,75,0.013333,False,False
2025-05,sunscreen,maternal exposure,1,75,0.013333,False,False
2025-05,sunscreen,matrix metalloproteinase 9,1,75,0.013333,False,False
2025-05,sunscreen,melanins,1,75,0.013333,False,False
2025-05,sunscreen,melanoma,1,75,0.013333,False,False
2025-05,sunscreen,melanosis,1,75,0.013333,False,False
2025-05,sunscreen,mendelian randomization analysis,1,75,0.013333,False,False
2025-05,sunscreen,metabolic engineering,1,75,0.013333,False,False
2025-05,sunscreen,metabolome,1,75,0.013333,False,False
2025-05,sunscreen,metabolomics,1,75,0.013333,False,False
2025-05,sunscreen,"mice, hairless",1,75,0.013333,False,False
2025-05,sunscreen,microalgae,1,75,0.013333,False,False
2025-05,sunscreen,microwaves,1,75,0.013333,False,False
2025-05,sunscreen,military personnel,1,75,0.013333,False,False
2025-05,sunscreen,"milk, human",1,75,0.013333,False,False
2025-05,sunscreen,mixed function oxygenases,1,75,0.013333,False,False
2025-05,sunscreen,"models, molecular",1,75,0.013333,False,False
2025-05,sunscreen,"models, theoretical",1,75,0.013333,False,False
2025-05,sunscreen,molecular docking simulation,1,75,0.013333,False,False
2025-05,sunscreen,molecular dynamics simulation,1,75,0.013333,False,False
2025-05,sunscreen,monophenol monooxygenase,1,75,0.013333,False,False
2025-05,sunscreen,mutation,1,75,0.013333,False,False
2025-05,sunscreen,nad,1,75,0.013333,False,False
2025-05,sunscreen,nanostructures,1,75,0.013333,False,False
2025-05,sunscreen,netherlands,1,75,0.013333,False,False
2025-05,sunscreen,neurotoxicity syndromes,1,75,0.013333,False,False
2025-05,sunscreen,nicotinamide mononucleotide,1,75,0.013333,False,False
2025-05,sunscreen,nostoc,1,75,0.013333,False,False
2025-05,sunscreen,obesity,1,75,0.013333,False,False
2025-05,sunscreen,occupational exposure,1,75,0.013333,False,False
2025-05,sunscreen,organic chemicals,1,75,0.013333,False,False
2025-05,sunscreen,oxidative stress,1,75,0.013333,False,False
2025-05,sunscreen,palaemonidae,1,75,0.013333,False,False
2025-05,sunscreen,parabens,1,75,0.013333,False,False
2025-05,sunscreen,patents as topic,1,75,0.013333,False,False
2025-05,sunscreen,phaeophyceae,1,75,0.013333,False,False
2025-05,sunscreen,phosphorus,1,75,0.013333,False,False
2025-05,sunscreen,photochemical processes,1,75,0.013333,False,False
2025-05,sunscreen,photolysis,1,75,0.013333,False,False
2025-05,sunscreen,photosensitizing agents,1,75,0.013333,False,False
2025-05,sunscreen,phytochemicals,1,75,0.013333,False,False
2025-05,sunscreen,plant proteins,1,75,0.013333,False,False
2025-05,sunscreen,polyethylene glycols,1,75,0.013333,False,False
2025-05,sunscreen,polymers,1,75,0.013333,False,False
2025-05,sunscreen,polyphenols,1,75,0.013333,False,False
2025-05,sunscreen,polypodium,1,75,0.013333,False,False
2025-05,sunscreen,polysaccharides,1,75,0.013333,False,False
2025-05,sunscreen,polyvinyl alcohol,1,75,0.013333,False,False
2025-05,sunscreen,precision medicine,1,75,0.013333,False,False
2025-05,sunscreen,primates,1,75,0.013333,False,False
2025-05,sunscreen,proanthocyanidins,1,75,0.013333,False,False
2025-05,sunscreen,propionibacteriaceae,1,75,0.013333,False,False
2025-05,sunscreen,prospective studies,1,75,0.013333,False,False
2025-05,sunscreen,protective clothing,1,75,0.013333,False,False
2025-05,sunscreen,protein binding,1,75,0.013333,False,False
2025-05,sunscreen,protein conformation,1,75,0.013333,False,False
2025-05,sunscreen,psidium,1,75,0.013333,False,False
2025-05,sunscreen,public opinion,1,75,0.013333,False,False
2025-05,sunscreen,puva therapy,1,75,0.013333,False,False
2025-05,sunscreen,quantum dots,1,75,0.013333,False,False
2025-05,sunscreen,reactive oxygen species,1,75,0.013333,False,False
2025-05,sunscreen,republic of korea,1,75,0.013333,False,False
2025-05,sunscreen,resveratrol,1,75,0.013333,False,False
2025-05,sunscreen,saccharum,1,75,0.013333,False,False
2025-05,sunscreen,sand,1,75,0.013333,False,False
2025-05,sunscreen,seawater,1,75,0.013333,False,False
2025-05,sunscreen,signal transduction,1,75,0.013333,False,False
2025-05,sunscreen,skin cream,1,75,0.013333,False,False
2025-05,sunscreen,solanum lycopersicum,1,75,0.013333,False,False
2025-05,sunscreen,solid phase extraction,1,75,0.013333,False,False
2025-05,sunscreen,south dakota,1,75,0.013333,False,False
2025-05,sunscreen,spinacia oleracea,1,75,0.013333,False,False
2025-05,sunscreen,stilbenes,1,75,0.013333,False,False
2025-05,sunscreen,"stress, physiological",1,75,0.013333,False,False
2025-05,sunscreen,substance abuse detection,1,75,0.013333,False,False
2025-05,sunscreen,sulfones,1,75,0.013333,False,False
2025-05,sunscreen,surface properties,1,75,0.013333,False,False
2025-05,sunscreen,symbiosis,1,75,0.013333,False,False
2025-05,sunscreen,taiga,1,75,0.013333,False,False
2025-05,sunscreen,tannins,1,75,0.013333,False,False
2025-05,sunscreen,tattooing,1,75,0.013333,False,False
2025-05,sunscreen,tea,1,75,0.013333,False,False
2025-05,sunscreen,thailand,1,75,0.013333,False,False
2025-05,sunscreen,thylakoids,1,75,0.013333,False,False
2025-05,sunscreen,thyroid gland,1,75,0.013333,False,False
2025-05,sunscreen,thyroid hormones,1,75,0.013333,False,False
2025-05,sunscreen,transforming growth factor beta1,1,75,0.013333,False,False
2025-05,sunscreen,treatment outcome,1,75,0.013333,False,False
2025-05,sunscreen,triazines,1,75,0.013333,False,False
2025-05,sunscreen,triticum,1,75,0.013333,False,False
2025-05,sunscreen,vitis,1,75,0.013333,False,False
2025-05,sunscreen,"waste disposal, fluid",1,75,0.013333,False,False
2025-05,sunscreen,whey proteins,1,75,0.013333,False,False
2025-05,sunscreen,wound healing,1,75,0.013333,False,False
2025-05,sunscreen,zebrafish,1,75,0.013333,False,False
2025-06,sunscreen,sunscreening agents,17,47,0.361702,True,False
2025-06,sunscreen,humans,16,47,0.340426,True,False
2025-06,sunscreen,ultraviolet rays,10,47,0.212766,True,False
2025-06,sunscreen,animals,8,47,0.170213,True,False
2025-06,sunscreen,photosynthesis,7,47,0.148936,True,False
2025-06,sunscreen,adult,5,47,0.106383,True,False
2025-06,sunscreen,antioxidants,5,47,0.106383,True,False
2025-06,sunscreen,female,5,47,0.106383,True,False
2025-06,sunscreen,skin,5,47,0.106383,True,False
2025-06,sunscreen,"water pollutants, chemical",5,47,0.106383,True,False
2025-06,sunscreen,male,4,47,0.085106,True,False
2025-06,sunscreen,middle aged,4,47,0.085106,True,False
2025-06,sunscreen,bacterial proteins,3,47,0.06383,True,False
2025-06,sunscreen,benzophenones,3,47,0.06383,True,False
2025-06,sunscreen,carotenoids,3,47,0.06383,True,False
2025-06,sunscreen,light,3,47,0.06383,True,False
2025-06,sunscreen,mutation,3,47,0.06383,True,False
2025-06,sunscreen,skin neoplasms,3,47,0.06383,True,False
2025-06,sunscreen,acclimatization,2,47,0.042553,True,False
2025-06,sunscreen,acrylates,2,47,0.042553,True,False
2025-06,sunscreen,anthozoa,2,47,0.042553,True,False
2025-06,sunscreen,child,2,47,0.042553,True,False
2025-06,sunscreen,chlorophyll,2,47,0.042553,True,False
2025-06,sunscreen,chlorophyta,2,47,0.042553,True,False
2025-06,sunscreen,cinnamates,2,47,0.042553,True,False
2025-06,sunscreen,cosmetics,2,47,0.042553,True,False
2025-06,sunscreen,electron transport,2,47,0.042553,True,False
2025-06,sunscreen,health promotion,2,47,0.042553,True,False
2025-06,sunscreen,keratinocytes,2,47,0.042553,True,False
2025-06,sunscreen,light-harvesting protein complexes,2,47,0.042553,True,False
2025-06,sunscreen,lignin,2,47,0.042553,True,False
2025-06,sunscreen,melanoma,2,47,0.042553,True,False
2025-06,sunscreen,photosystem i protein complex,2,47,0.042553,True,False
2025-06,sunscreen,photosystem ii protein complex,2,47,0.042553,True,False
2025-06,sunscreen,plant leaves,2,47,0.042553,True,False
2025-06,sunscreen,plant oils,2,47,0.042553,True,False
2025-06,sunscreen,polyethylene,2,47,0.042553,True,False
2025-06,sunscreen,thylakoids,2,47,0.042553,True,False
2025-06,sunscreen,young adult,2,47,0.042553,True,False
2025-06,sunscreen,zinc oxide,2,47,0.042553,True,False
2025-06,sunscreen,"active transport, cell nucleus",1,47,0.021277,True,False
2025-06,sunscreen,acute disease,1,47,0.021277,True,False
2025-06,sunscreen,aged,1,47,0.021277,True,False
2025-06,sunscreen,"alveolitis, extrinsic allergic",1,47,0.021277,True,False
2025-06,sunscreen,"amino acids, diamino",1,47,0.021277,True,False
2025-06,sunscreen,anti-infective agents,1,47,0.021277,True,False
2025-06,sunscreen,antifungal agents,1,47,0.021277,True,False
2025-06,sunscreen,arabidopsis,1,47,0.021277,True,False
2025-06,sunscreen,arabidopsis proteins,1,47,0.021277,True,False
2025-06,sunscreen,arntl transcription factors,1,47,0.021277,True,False
2025-06,sunscreen,autophagy,1,47,0.021277,True,False
2025-06,sunscreen,bacteria,1,47,0.021277,True,False
2025-06,sunscreen,bacteriochlorophylls,1,47,0.021277,True,False
2025-06,sunscreen,biofilms,1,47,0.021277,True,False
2025-06,sunscreen,biological monitoring,1,47,0.021277,True,False
2025-06,sunscreen,biomarkers,1,47,0.021277,True,False
2025-06,sunscreen,blue light,1,47,0.021277,True,False
2025-06,sunscreen,body dissatisfaction,1,47,0.021277,True,False
2025-06,sunscreen,brain,1,47,0.021277,True,False
2025-06,sunscreen,brain-derived neurotrophic factor,1,47,0.021277,True,False
2025-06,sunscreen,bryopsida,1,47,0.021277,True,False
2025-06,sunscreen,canada,1,47,0.021277,True,False
2025-06,sunscreen,caspase 1,1,47,0.021277,True,False
2025-06,sunscreen,catalysis,1,47,0.021277,True,False
2025-06,sunscreen,cell line,1,47,0.021277,True,False
2025-06,sunscreen,cell nucleus,1,47,0.021277,True,False
2025-06,sunscreen,"child, preschool",1,47,0.021277,True,False
2025-06,sunscreen,chlamydomonas,1,47,0.021277,True,False
2025-06,sunscreen,chlamydomonas reinhardtii,1,47,0.021277,True,False
2025-06,sunscreen,chloroplasts,1,47,0.021277,True,False
2025-06,sunscreen,"chromatography, high pressure liquid",1,47,0.021277,True,False
2025-06,sunscreen,"chromatography, liquid",1,47,0.021277,True,False
2025-06,sunscreen,"chromosomal proteins, non-histone",1,47,0.021277,True,False
2025-06,sunscreen,cladocera,1,47,0.021277,True,False
2025-06,sunscreen,climate change,1,47,0.021277,True,False
2025-06,sunscreen,cognition,1,47,0.021277,True,False
2025-06,sunscreen,cold temperature,1,47,0.021277,True,False
2025-06,sunscreen,collagen,1,47,0.021277,True,False
2025-06,sunscreen,coral reefs,1,47,0.021277,True,False
2025-06,sunscreen,counterfeit drugs,1,47,0.021277,True,False
2025-06,sunscreen,cyclohexanols,1,47,0.021277,True,False
2025-06,sunscreen,cyclohexanones,1,47,0.021277,True,False
2025-06,sunscreen,cyclohexylamines,1,47,0.021277,True,False
2025-06,sunscreen,daphnia,1,47,0.021277,True,False
2025-06,sunscreen,daphnia magna,1,47,0.021277,True,False
2025-06,sunscreen,daphnia pulex,1,47,0.021277,True,False
2025-06,sunscreen,denmark,1,47,0.021277,True,False
2025-06,sunscreen,dinoflagellida,1,47,0.021277,True,False
2025-06,sunscreen,dna damage,1,47,0.021277,True,False
2025-06,sunscreen,drug compounding,1,47,0.021277,True,False
2025-06,sunscreen,endocrine disruptors,1,47,0.021277,True,False
2025-06,sunscreen,energy metabolism,1,47,0.021277,True,False
2025-06,sunscreen,energy transfer,1,47,0.021277,True,False
2025-06,sunscreen,environmental exposure,1,47,0.021277,True,False
2025-06,sunscreen,environmental monitoring,1,47,0.021277,True,False
2025-06,sunscreen,environmental pollutants,1,47,0.021277,True,False
2025-06,sunscreen,epidermis,1,47,0.021277,True,False
2025-06,sunscreen,erythema,1,47,0.021277,True,False
2025-06,sunscreen,focus groups,1,47,0.021277,True,False
2025-06,sunscreen,fungal proteins,1,47,0.021277,True,False
2025-06,sunscreen,galactolipids,1,47,0.021277,True,False
2025-06,sunscreen,gas chromatography-mass spectrometry,1,47,0.021277,True,False
2025-06,sunscreen,gastropoda,1,47,0.021277,True,False
2025-06,sunscreen,generative artificial intelligence,1,47,0.021277,True,False
2025-06,sunscreen,glycine,1,47,0.021277,True,False
2025-06,sunscreen,health behavior,1,47,0.021277,True,False
2025-06,sunscreen,"health knowledge, attitudes, practice",1,47,0.021277,True,False
2025-06,sunscreen,heme oxygenase-1,1,47,0.021277,True,False
2025-06,sunscreen,herbicides,1,47,0.021277,True,False
2025-06,sunscreen,hot temperature,1,47,0.021277,True,False
2025-06,sunscreen,hydrogen-ion concentration,1,47,0.021277,True,False
2025-06,sunscreen,hypothalamo-hypophyseal system,1,47,0.021277,True,False
2025-06,sunscreen,indian ocean islands,1,47,0.021277,True,False
2025-06,sunscreen,infant,1,47,0.021277,True,False
2025-06,sunscreen,isoenzymes,1,47,0.021277,True,False
2025-06,sunscreen,kinetics,1,47,0.021277,True,False
2025-06,sunscreen,lamiaceae,1,47,0.021277,True,False
2025-06,sunscreen,language,1,47,0.021277,True,False
2025-06,sunscreen,large language models,1,47,0.021277,True,False
2025-06,sunscreen,"lasers, gas",1,47,0.021277,True,False
2025-06,sunscreen,lipid bilayers,1,47,0.021277,True,False
2025-06,sunscreen,lipid metabolism,1,47,0.021277,True,False
2025-06,sunscreen,lipidomics,1,47,0.021277,True,False
2025-06,sunscreen,lipids,1,47,0.021277,True,False
2025-06,sunscreen,maldives,1,47,0.021277,True,False
2025-06,sunscreen,melanins,1,47,0.021277,True,False
2025-06,sunscreen,melanosomes,1,47,0.021277,True,False
2025-06,sunscreen,metabolic engineering,1,47,0.021277,True,False
2025-06,sunscreen,metabolome,1,47,0.021277,True,False
2025-06,sunscreen,microbial sensitivity tests,1,47,0.021277,True,False
2025-06,sunscreen,microbiota,1,47,0.021277,True,False
2025-06,sunscreen,microplastics,1,47,0.021277,True,False
2025-06,sunscreen,"microscopy, fluorescence",1,47,0.021277,True,False
2025-06,sunscreen,"models, biological",1,47,0.021277,True,False
2025-06,sunscreen,molecular docking simulation,1,47,0.021277,True,False
2025-06,sunscreen,molecular dynamics simulation,1,47,0.021277,True,False
2025-06,sunscreen,molecular weight,1,47,0.021277,True,False
2025-06,sunscreen,monophenol monooxygenase,1,47,0.021277,True,False
2025-06,sunscreen,motivation,1,47,0.021277,True,False
2025-06,sunscreen,multiomics,1,47,0.021277,True,False
2025-06,sunscreen,nanocomposites,1,47,0.021277,True,False
2025-06,sunscreen,narration,1,47,0.021277,True,False
2025-06,sunscreen,neurotransmitter agents,1,47,0.021277,True,False
2025-06,sunscreen,nutrition surveys,1,47,0.021277,True,False
2025-06,sunscreen,"oils, volatile",1,47,0.021277,True,False
2025-06,sunscreen,oxidative stress,1,47,0.021277,True,False
2025-06,sunscreen,peptide fragments,1,47,0.021277,True,False
2025-06,sunscreen,peptide synthases,1,47,0.021277,True,False
2025-06,sunscreen,persuasive communication,1,47,0.021277,True,False
2025-06,sunscreen,photochemical processes,1,47,0.021277,True,False
2025-06,sunscreen,phthalic acids,1,47,0.021277,True,False
2025-06,sunscreen,phytochemicals,1,47,0.021277,True,False
2025-06,sunscreen,piperidones,1,47,0.021277,True,False
2025-06,sunscreen,pituitary-adrenal system,1,47,0.021277,True,False
2025-06,sunscreen,plant extracts,1,47,0.021277,True,False
2025-06,sunscreen,plant physiological phenomena,1,47,0.021277,True,False
2025-06,sunscreen,plant proteins,1,47,0.021277,True,False
2025-06,sunscreen,plastics,1,47,0.021277,True,False
2025-06,sunscreen,pregnancy,1,47,0.021277,True,False
2025-06,sunscreen,propiophenones,1,47,0.021277,True,False
2025-06,sunscreen,protein binding,1,47,0.021277,True,False
2025-06,sunscreen,proteolysis,1,47,0.021277,True,False
2025-06,sunscreen,public health,1,47,0.021277,True,False
2025-06,sunscreen,qualitative research,1,47,0.021277,True,False
2025-06,sunscreen,racial groups,1,47,0.021277,True,False
2025-06,sunscreen,reactive oxygen species,1,47,0.021277,True,False
2025-06,sunscreen,"receptors, androgen",1,47,0.021277,True,False
2025-06,sunscreen,reproduction,1,47,0.021277,True,False
2025-06,sunscreen,seasons,1,47,0.021277,True,False
2025-06,sunscreen,seaweed,1,47,0.021277,True,False
2025-06,sunscreen,signal transduction,1,47,0.021277,True,False
2025-06,sunscreen,skin aging,1,47,0.021277,True,False
2025-06,sunscreen,species specificity,1,47,0.021277,True,False
2025-06,sunscreen,"spectrometry, mass, matrix-assisted laser desorption-ionization",1,47,0.021277,True,False
2025-06,sunscreen,"spectrum analysis, raman",1,47,0.021277,True,False
2025-06,sunscreen,"stress, physiological",1,47,0.021277,True,False
2025-06,sunscreen,sun protection factor,1,47,0.021277,True,False
2025-06,sunscreen,sunlight,1,47,0.021277,True,False
2025-06,sunscreen,tandem mass spectrometry,1,47,0.021277,True,False
2025-06,sunscreen,temperature,1,47,0.021277,True,False
2025-06,sunscreen,thermodynamics,1,47,0.021277,True,False
2025-06,sunscreen,thermotolerance,1,47,0.021277,True,False
2025-06,sunscreen,thymus plant,1,47,0.021277,True,False
2025-06,sunscreen,titanium,1,47,0.021277,True,False
2025-06,sunscreen,"transcription, genetic",1,47,0.021277,True,False
2025-06,sunscreen,water,1,47,0.021277,True,False
2025-06,sunscreen,"water loss, insensible",1,47,0.021277,True,False
2025-06,sunscreen,yarrowia,1,47,0.021277,True,False
2025-07,sunscreen,sunscreening agents,27,61,0.442623,False,False
2025-07,sunscreen,humans,25,61,0.409836,False,False
2025-07,sunscreen,ultraviolet rays,16,61,0.262295,False,False
2025-07,sunscreen,animals,8,61,0.131148,False,False
2025-07,sunscreen,female,8,61,0.131148,False,False
2025-07,sunscreen,light,7,61,0.114754,False,False
2025-07,sunscreen,photosynthesis,7,61,0.114754,False,False
2025-07,sunscreen,skin,7,61,0.114754,False,False
2025-07,sunscreen,adult,6,61,0.098361,False,False
2025-07,sunscreen,benzophenones,6,61,0.098361,False,False
2025-07,sunscreen,male,6,61,0.098361,False,False
2025-07,sunscreen,middle aged,5,61,0.081967,False,False
2025-07,sunscreen,sunlight,5,61,0.081967,False,False
2025-07,sunscreen,"water pollutants, chemical",5,61,0.081967,False,False
2025-07,sunscreen,skin absorption,4,61,0.065574,False,False
2025-07,sunscreen,sun protection factor,4,61,0.065574,False,False
2025-07,sunscreen,aged,3,61,0.04918,False,False
2025-07,sunscreen,antioxidants,3,61,0.04918,False,False
2025-07,sunscreen,aquatic organisms,3,61,0.04918,False,False
2025-07,sunscreen,cell survival,3,61,0.04918,False,False
2025-07,sunscreen,kinetics,3,61,0.04918,False,False
2025-07,sunscreen,microalgae,3,61,0.04918,False,False
2025-07,sunscreen,plant extracts,3,61,0.04918,False,False
2025-07,sunscreen,reactive oxygen species,3,61,0.04918,False,False
2025-07,sunscreen,skin neoplasms,3,61,0.04918,False,False
2025-07,sunscreen,"stress, physiological",3,61,0.04918,False,False
2025-07,sunscreen,sunburn,3,61,0.04918,False,False
2025-07,sunscreen,surveys and questionnaires,3,61,0.04918,False,False
2025-07,sunscreen,young adult,3,61,0.04918,False,False
2025-07,sunscreen,acrylates,2,61,0.032787,False,False
2025-07,sunscreen,"adaptation, physiological",2,61,0.032787,False,False
2025-07,sunscreen,"administration, cutaneous",2,61,0.032787,False,False
2025-07,sunscreen,adolescent,2,61,0.032787,False,False
2025-07,sunscreen,bryopsida,2,61,0.032787,False,False
2025-07,sunscreen,"chemistry, pharmaceutical",2,61,0.032787,False,False
2025-07,sunscreen,child,2,61,0.032787,False,False
2025-07,sunscreen,chlorophyll,2,61,0.032787,False,False
2025-07,sunscreen,chloroplasts,2,61,0.032787,False,False
2025-07,sunscreen,color,2,61,0.032787,False,False
2025-07,sunscreen,cross-sectional studies,2,61,0.032787,False,False
2025-07,sunscreen,diatoms,2,61,0.032787,False,False
2025-07,sunscreen,drug compounding,2,61,0.032787,False,False
2025-07,sunscreen,drug liberation,2,61,0.032787,False,False
2025-07,sunscreen,drug stability,2,61,0.032787,False,False
2025-07,sunscreen,"gene expression regulation, plant",2,61,0.032787,False,False
2025-07,sunscreen,health behavior,2,61,0.032787,False,False
2025-07,sunscreen,"health knowledge, attitudes, practice",2,61,0.032787,False,False
2025-07,sunscreen,hyperpigmentation,2,61,0.032787,False,False
2025-07,sunscreen,keratinocytes,2,61,0.032787,False,False
2025-07,sunscreen,melanosis,2,61,0.032787,False,False
2025-07,sunscreen,"models, biological",2,61,0.032787,False,False
2025-07,sunscreen,nanoparticles,2,61,0.032787,False,False
2025-07,sunscreen,particle size,2,61,0.032787,False,False
2025-07,sunscreen,plant proteins,2,61,0.032787,False,False
2025-07,sunscreen,"plants, genetically modified",2,61,0.032787,False,False
2025-07,sunscreen,propiophenones,2,61,0.032787,False,False
2025-07,sunscreen,seasons,2,61,0.032787,False,False
2025-07,sunscreen,signal transduction,2,61,0.032787,False,False
2025-07,sunscreen,skin pigmentation,2,61,0.032787,False,False
2025-07,sunscreen,titanium,2,61,0.032787,False,False
2025-07,sunscreen,treatment outcome,2,61,0.032787,False,False
2025-07,sunscreen,abscisic acid,1,61,0.016393,False,False
2025-07,sunscreen,adsorption,1,61,0.016393,False,False
2025-07,sunscreen,"aged, 80 and over",1,61,0.016393,False,False
2025-07,sunscreen,aluminum silicates,1,61,0.016393,False,False
2025-07,sunscreen,animal testing alternatives,1,61,0.016393,False,False
2025-07,sunscreen,anthropogenic effects,1,61,0.016393,False,False
2025-07,sunscreen,anti-bacterial agents,1,61,0.016393,False,False
2025-07,sunscreen,anti-infective agents,1,61,0.016393,False,False
2025-07,sunscreen,anti-inflammatory agents,1,61,0.016393,False,False
2025-07,sunscreen,arabidopsis,1,61,0.016393,False,False
2025-07,sunscreen,atlantic ocean,1,61,0.016393,False,False
2025-07,sunscreen,awareness,1,61,0.016393,False,False
2025-07,sunscreen,bentonite,1,61,0.016393,False,False
2025-07,sunscreen,benzothiazoles,1,61,0.016393,False,False
2025-07,sunscreen,biphenyl compounds,1,61,0.016393,False,False
2025-07,sunscreen,brazil,1,61,0.016393,False,False
2025-07,sunscreen,british columbia,1,61,0.016393,False,False
2025-07,sunscreen,bryophyta,1,61,0.016393,False,False
2025-07,sunscreen,candida albicans,1,61,0.016393,False,False
2025-07,sunscreen,carbon,1,61,0.016393,False,False
2025-07,sunscreen,chalcones,1,61,0.016393,False,False
2025-07,sunscreen,"chromatography, high pressure liquid",1,61,0.016393,False,False
2025-07,sunscreen,clay,1,61,0.016393,False,False
2025-07,sunscreen,collagen,1,61,0.016393,False,False
2025-07,sunscreen,computer simulation,1,61,0.016393,False,False
2025-07,sunscreen,conservation of natural resources,1,61,0.016393,False,False
2025-07,sunscreen,copepoda,1,61,0.016393,False,False
2025-07,sunscreen,cosmeceuticals,1,61,0.016393,False,False
2025-07,sunscreen,cosmetics,1,61,0.016393,False,False
2025-07,sunscreen,"crops, agricultural",1,61,0.016393,False,False
2025-07,sunscreen,cytokines,1,61,0.016393,False,False
2025-07,sunscreen,denmark,1,61,0.016393,False,False
2025-07,sunscreen,"dermatitis, allergic contact",1,61,0.016393,False,False
2025-07,sunscreen,dioxanes,1,61,0.016393,False,False
2025-07,sunscreen,"dose-response relationship, drug",1,61,0.016393,False,False
2025-07,sunscreen,drought resistance,1,61,0.016393,False,False
2025-07,sunscreen,droughts,1,61,0.016393,False,False
2025-07,sunscreen,ecosystem,1,61,0.016393,False,False
2025-07,sunscreen,ecotoxicology,1,61,0.016393,False,False
2025-07,sunscreen,electron transport,1,61,0.016393,False,False
2025-07,sunscreen,"embryo, nonmammalian",1,61,0.016393,False,False
2025-07,sunscreen,emulsifying agents,1,61,0.016393,False,False
2025-07,sunscreen,emulsions,1,61,0.016393,False,False
2025-07,sunscreen,endocrine disruptors,1,61,0.016393,False,False
2025-07,sunscreen,energy transfer,1,61,0.016393,False,False
2025-07,sunscreen,environmental monitoring,1,61,0.016393,False,False
2025-07,sunscreen,escherichia coli,1,61,0.016393,False,False
2025-07,sunscreen,estuaries,1,61,0.016393,False,False
2025-07,sunscreen,eutrophication,1,61,0.016393,False,False
2025-07,sunscreen,"evolution, molecular",1,61,0.016393,False,False
2025-07,sunscreen,extracellular matrix,1,61,0.016393,False,False
2025-07,sunscreen,feeding behavior,1,61,0.016393,False,False
2025-07,sunscreen,ferric compounds,1,61,0.016393,False,False
2025-07,sunscreen,fibroblasts,1,61,0.016393,False,False
2025-07,sunscreen,france,1,61,0.016393,False,False
2025-07,sunscreen,fruit,1,61,0.016393,False,False
2025-07,sunscreen,gels,1,61,0.016393,False,False
2025-07,sunscreen,gene expression profiling,1,61,0.016393,False,False
2025-07,sunscreen,geologic sediments,1,61,0.016393,False,False
2025-07,sunscreen,glycerides,1,61,0.016393,False,False
2025-07,sunscreen,hacat cells,1,61,0.016393,False,False
2025-07,sunscreen,health care surveys,1,61,0.016393,False,False
2025-07,sunscreen,health promotion,1,61,0.016393,False,False
2025-07,sunscreen,helianthus,1,61,0.016393,False,False
2025-07,sunscreen,hesperidin,1,61,0.016393,False,False
2025-07,sunscreen,hot temperature,1,61,0.016393,False,False
2025-07,sunscreen,hydrocharitaceae,1,61,0.016393,False,False
2025-07,sunscreen,in vitro techniques,1,61,0.016393,False,False
2025-07,sunscreen,introduced species,1,61,0.016393,False,False
2025-07,sunscreen,iron,1,61,0.016393,False,False
2025-07,sunscreen,jordan,1,61,0.016393,False,False
2025-07,sunscreen,"keratosis, actinic",1,61,0.016393,False,False
2025-07,sunscreen,larva,1,61,0.016393,False,False
2025-07,sunscreen,lichens,1,61,0.016393,False,False
2025-07,sunscreen,light-harvesting protein complexes,1,61,0.016393,False,False
2025-07,sunscreen,lignin,1,61,0.016393,False,False
2025-07,sunscreen,lipid metabolism,1,61,0.016393,False,False
2025-07,sunscreen,lipids,1,61,0.016393,False,False
2025-07,sunscreen,liver,1,61,0.016393,False,False
2025-07,sunscreen,melanins,1,61,0.016393,False,False
2025-07,sunscreen,melanocytes,1,61,0.016393,False,False
2025-07,sunscreen,melanosomes,1,61,0.016393,False,False
2025-07,sunscreen,mesembryanthemum,1,61,0.016393,False,False
2025-07,sunscreen,mice,1,61,0.016393,False,False
2025-07,sunscreen,microbial sensitivity tests,1,61,0.016393,False,False
2025-07,sunscreen,microcystis,1,61,0.016393,False,False
2025-07,sunscreen,microplastics,1,61,0.016393,False,False
2025-07,sunscreen,mobile applications,1,61,0.016393,False,False
2025-07,sunscreen,molecular structure,1,61,0.016393,False,False
2025-07,sunscreen,nanocapsules,1,61,0.016393,False,False
2025-07,sunscreen,nicotiana,1,61,0.016393,False,False
2025-07,sunscreen,organosilicon compounds,1,61,0.016393,False,False
2025-07,sunscreen,oxidative stress,1,61,0.016393,False,False
2025-07,sunscreen,oxidoreductases,1,61,0.016393,False,False
2025-07,sunscreen,patient satisfaction,1,61,0.016393,False,False
2025-07,sunscreen,permeability,1,61,0.016393,False,False
2025-07,sunscreen,pesticides,1,61,0.016393,False,False
2025-07,sunscreen,photochemical processes,1,61,0.016393,False,False
2025-07,sunscreen,photochemistry,1,61,0.016393,False,False
2025-07,sunscreen,photosensitivity disorders,1,61,0.016393,False,False
2025-07,sunscreen,photosystem i protein complex,1,61,0.016393,False,False
2025-07,sunscreen,photosystem ii protein complex,1,61,0.016393,False,False
2025-07,sunscreen,phylogeny,1,61,0.016393,False,False
2025-07,sunscreen,phytic acid,1,61,0.016393,False,False
2025-07,sunscreen,phytochemicals,1,61,0.016393,False,False
2025-07,sunscreen,phytoplankton,1,61,0.016393,False,False
2025-07,sunscreen,picrates,1,61,0.016393,False,False
2025-07,sunscreen,pistacia,1,61,0.016393,False,False
2025-07,sunscreen,plant leaves,1,61,0.016393,False,False
2025-07,sunscreen,plant oils,1,61,0.016393,False,False
2025-07,sunscreen,plant roots,1,61,0.016393,False,False
2025-07,sunscreen,polyphenols,1,61,0.016393,False,False
2025-07,sunscreen,polysaccharides,1,61,0.016393,False,False
2025-07,sunscreen,"polysaccharides, bacterial",1,61,0.016393,False,False
2025-07,sunscreen,porphyrias,1,61,0.016393,False,False
2025-07,sunscreen,proton-motive force,1,61,0.016393,False,False
2025-07,sunscreen,protons,1,61,0.016393,False,False
2025-07,sunscreen,quality of life,1,61,0.016393,False,False
2025-07,sunscreen,reproduction,1,61,0.016393,False,False
2025-07,sunscreen,rheum,1,61,0.016393,False,False
2025-07,sunscreen,risk assessment,1,61,0.016393,False,False
2025-07,sunscreen,salicylates,1,61,0.016393,False,False
2025-07,sunscreen,seawater,1,61,0.016393,False,False
2025-07,sunscreen,sedum,1,61,0.016393,False,False
2025-07,sunscreen,seeds,1,61,0.016393,False,False
2025-07,sunscreen,self concept,1,61,0.016393,False,False
2025-07,sunscreen,skin aging,1,61,0.016393,False,False
2025-07,sunscreen,skin care,1,61,0.016393,False,False
2025-07,sunscreen,"skin diseases, genetic",1,61,0.016393,False,False
2025-07,sunscreen,"skin diseases, papulosquamous",1,61,0.016393,False,False
2025-07,sunscreen,sonication,1,61,0.016393,False,False
2025-07,sunscreen,south asian people,1,61,0.016393,False,False
2025-07,sunscreen,spain,1,61,0.016393,False,False
2025-07,sunscreen,"spectrometry, mass, electrospray ionization",1,61,0.016393,False,False
2025-07,sunscreen,"spectrophotometry, ultraviolet",1,61,0.016393,False,False
2025-07,sunscreen,"spectroscopy, near-infrared",1,61,0.016393,False,False
2025-07,sunscreen,spray drying,1,61,0.016393,False,False
2025-07,sunscreen,stramenopiles,1,61,0.016393,False,False
2025-07,sunscreen,structure-activity relationship,1,61,0.016393,False,False
2025-07,sunscreen,temperature,1,61,0.016393,False,False
2025-07,sunscreen,thylakoids,1,61,0.016393,False,False
2025-07,sunscreen,tidal waves,1,61,0.016393,False,False
2025-07,sunscreen,toxicity tests,1,61,0.016393,False,False
2025-07,sunscreen,transcriptome,1,61,0.016393,False,False
2025-07,sunscreen,triazines,1,61,0.016393,False,False
2025-07,sunscreen,video recording,1,61,0.016393,False,False
2025-07,sunscreen,viscosity,1,61,0.016393,False,False
2025-07,sunscreen,water purification,1,61,0.016393,False,False
2025-07,sunscreen,xanthophylls,1,61,0.016393,False,False
2025-07,sunscreen,zeaxanthins,1,61,0.016393,False,False
2025-07,sunscreen,zinc oxide,1,61,0.016393,False,False
2025-07,sunscreen,zosteraceae,1,61,0.016393,False,False
2025-08,sunscreen,humans,12,37,0.324324,True,False
2025-08,sunscreen,sunscreening agents,9,37,0.243243,True,False
2025-08,sunscreen,photosynthesis,5,37,0.135135,True,False
2025-08,sunscreen,skin neoplasms,5,37,0.135135,True,False
2025-08,sunscreen,antioxidants,4,37,0.108108,True,False
2025-08,sunscreen,female,4,37,0.108108,True,False
2025-08,sunscreen,light,4,37,0.108108,True,False
2025-08,sunscreen,male,4,37,0.108108,True,False
2025-08,sunscreen,plant leaves,4,37,0.108108,True,False
2025-08,sunscreen,sunlight,4,37,0.108108,True,False
2025-08,sunscreen,ultraviolet rays,4,37,0.108108,True,False
2025-08,sunscreen,chlorophyll,3,37,0.081081,True,False
2025-08,sunscreen,cross-sectional studies,3,37,0.081081,True,False
2025-08,sunscreen,"health knowledge, attitudes, practice",3,37,0.081081,True,False
2025-08,sunscreen,plant proteins,3,37,0.081081,True,False
2025-08,sunscreen,protective clothing,3,37,0.081081,True,False
2025-08,sunscreen,proteomics,3,37,0.081081,True,False
2025-08,sunscreen,sunburn,3,37,0.081081,True,False
2025-08,sunscreen,adult,2,37,0.054054,True,False
2025-08,sunscreen,child,2,37,0.054054,True,False
2025-08,sunscreen,chlamydomonas reinhardtii,2,37,0.054054,True,False
2025-08,sunscreen,health behavior,2,37,0.054054,True,False
2025-08,sunscreen,hiv infections,2,37,0.054054,True,False
2025-08,sunscreen,melanins,2,37,0.054054,True,False
2025-08,sunscreen,middle aged,2,37,0.054054,True,False
2025-08,sunscreen,seasons,2,37,0.054054,True,False
2025-08,sunscreen,skin pigmentation,2,37,0.054054,True,False
2025-08,sunscreen,sun protection factor,2,37,0.054054,True,False
2025-08,sunscreen,transcriptome,2,37,0.054054,True,False
2025-08,sunscreen,acanthaceae,1,37,0.027027,True,False
2025-08,sunscreen,"adaptation, physiological",1,37,0.027027,True,False
2025-08,sunscreen,adolescent,1,37,0.027027,True,False
2025-08,sunscreen,aged,1,37,0.027027,True,False
2025-08,sunscreen,altitude,1,37,0.027027,True,False
2025-08,sunscreen,animals,1,37,0.027027,True,False
2025-08,sunscreen,anti-infective agents,1,37,0.027027,True,False
2025-08,sunscreen,bacterial proteins,1,37,0.027027,True,False
2025-08,sunscreen,benzophenones,1,37,0.027027,True,False
2025-08,sunscreen,biocompatible materials,1,37,0.027027,True,False
2025-08,sunscreen,biotechnology,1,37,0.027027,True,False
2025-08,sunscreen,biotransformation,1,37,0.027027,True,False
2025-08,sunscreen,biphenyl compounds,1,37,0.027027,True,False
2025-08,sunscreen,body contouring,1,37,0.027027,True,False
2025-08,sunscreen,brazil,1,37,0.027027,True,False
2025-08,sunscreen,canada,1,37,0.027027,True,False
2025-08,sunscreen,chlamydomonas,1,37,0.027027,True,False
2025-08,sunscreen,cities,1,37,0.027027,True,False
2025-08,sunscreen,cohort studies,1,37,0.027027,True,False
2025-08,sunscreen,cosmetic techniques,1,37,0.027027,True,False
2025-08,sunscreen,coumaric acids,1,37,0.027027,True,False
2025-08,sunscreen,cupriavidus necator,1,37,0.027027,True,False
2025-08,sunscreen,cytochrome p-450 enzyme system,1,37,0.027027,True,False
2025-08,sunscreen,density functional theory,1,37,0.027027,True,False
2025-08,sunscreen,dna transposable elements,1,37,0.027027,True,False
2025-08,sunscreen,droughts,1,37,0.027027,True,False
2025-08,sunscreen,drug carriers,1,37,0.027027,True,False
2025-08,sunscreen,drug delivery systems,1,37,0.027027,True,False
2025-08,sunscreen,educational status,1,37,0.027027,True,False
2025-08,sunscreen,endocrine disruptors,1,37,0.027027,True,False
2025-08,sunscreen,ethnicity,1,37,0.027027,True,False
2025-08,sunscreen,flavonoids,1,37,0.027027,True,False
2025-08,sunscreen,gene expression profiling,1,37,0.027027,True,False
2025-08,sunscreen,"gene expression regulation, bacterial",1,37,0.027027,True,False
2025-08,sunscreen,"gene expression regulation, plant",1,37,0.027027,True,False
2025-08,sunscreen,glycerol,1,37,0.027027,True,False
2025-08,sunscreen,halogens,1,37,0.027027,True,False
2025-08,sunscreen,health policy,1,37,0.027027,True,False
2025-08,sunscreen,herbicides,1,37,0.027027,True,False
2025-08,sunscreen,hong kong,1,37,0.027027,True,False
2025-08,sunscreen,hordeum,1,37,0.027027,True,False
2025-08,sunscreen,hydrogen-ion concentration,1,37,0.027027,True,False
2025-08,sunscreen,hydrolysis,1,37,0.027027,True,False
2025-08,sunscreen,hyperpigmentation,1,37,0.027027,True,False
2025-08,sunscreen,industrial waste,1,37,0.027027,True,False
2025-08,sunscreen,israel,1,37,0.027027,True,False
2025-08,sunscreen,laser therapy,1,37,0.027027,True,False
2025-08,sunscreen,light-harvesting protein complexes,1,37,0.027027,True,False
2025-08,sunscreen,lignin,1,37,0.027027,True,False
2025-08,sunscreen,mediterranean sea,1,37,0.027027,True,False
2025-08,sunscreen,melanocytes,1,37,0.027027,True,False
2025-08,sunscreen,metabolic engineering,1,37,0.027027,True,False
2025-08,sunscreen,metabolome,1,37,0.027027,True,False
2025-08,sunscreen,metabolomics,1,37,0.027027,True,False
2025-08,sunscreen,microbial sensitivity tests,1,37,0.027027,True,False
2025-08,sunscreen,microplastics,1,37,0.027027,True,False
2025-08,sunscreen,molecular docking simulation,1,37,0.027027,True,False
2025-08,sunscreen,mutation,1,37,0.027027,True,False
2025-08,sunscreen,nanoparticles,1,37,0.027027,True,False
2025-08,sunscreen,occupational exposure,1,37,0.027027,True,False
2025-08,sunscreen,olea,1,37,0.027027,True,False
2025-08,sunscreen,olive oil,1,37,0.027027,True,False
2025-08,sunscreen,oxidation-reduction,1,37,0.027027,True,False
2025-08,sunscreen,oxidative stress,1,37,0.027027,True,False
2025-08,sunscreen,phaeophyceae,1,37,0.027027,True,False
2025-08,sunscreen,phenols,1,37,0.027027,True,False
2025-08,sunscreen,phenotype,1,37,0.027027,True,False
2025-08,sunscreen,photolysis,1,37,0.027027,True,False
2025-08,sunscreen,photosensitivity disorders,1,37,0.027027,True,False
2025-08,sunscreen,photosystem i protein complex,1,37,0.027027,True,False
2025-08,sunscreen,photosystem ii protein complex,1,37,0.027027,True,False
2025-08,sunscreen,picrates,1,37,0.027027,True,False
2025-08,sunscreen,plant extracts,1,37,0.027027,True,False
2025-08,sunscreen,plant roots,1,37,0.027027,True,False
2025-08,sunscreen,plant stems,1,37,0.027027,True,False
2025-08,sunscreen,plastics,1,37,0.027027,True,False
2025-08,sunscreen,polyesters,1,37,0.027027,True,False
2025-08,sunscreen,polygonum,1,37,0.027027,True,False
2025-08,sunscreen,polymers,1,37,0.027027,True,False
2025-08,sunscreen,pregnancy,1,37,0.027027,True,False
2025-08,sunscreen,prevalence,1,37,0.027027,True,False
2025-08,sunscreen,pyridazines,1,37,0.027027,True,False
2025-08,sunscreen,racial groups,1,37,0.027027,True,False
2025-08,sunscreen,reactive oxygen species,1,37,0.027027,True,False
2025-08,sunscreen,recreation,1,37,0.027027,True,False
2025-08,sunscreen,reproductive health,1,37,0.027027,True,False
2025-08,sunscreen,seawater,1,37,0.027027,True,False
2025-08,sunscreen,seaweed,1,37,0.027027,True,False
2025-08,sunscreen,self report,1,37,0.027027,True,False
2025-08,sunscreen,skin,1,37,0.027027,True,False
2025-08,sunscreen,skin aging,1,37,0.027027,True,False
2025-08,sunscreen,skin diseases,1,37,0.027027,True,False
2025-08,sunscreen,socioeconomic factors,1,37,0.027027,True,False
2025-08,sunscreen,south africa,1,37,0.027027,True,False
2025-08,sunscreen,spain,1,37,0.027027,True,False
2025-08,sunscreen,students,1,37,0.027027,True,False
2025-08,sunscreen,sunbathing,1,37,0.027027,True,False
2025-08,sunscreen,surveys and questionnaires,1,37,0.027027,True,False
2025-08,sunscreen,thailand,1,37,0.027027,True,False
2025-08,sunscreen,thylakoids,1,37,0.027027,True,False
2025-08,sunscreen,trees,1,37,0.027027,True,False
2025-08,sunscreen,triticum,1,37,0.027027,True,False
2025-08,sunscreen,wastewater,1,37,0.027027,True,False
2025-08,sunscreen,water,1,37,0.027027,True,False
2025-08,sunscreen,"water pollutants, chemical",1,37,0.027027,True,False
2025-08,sunscreen,weather,1,37,0.027027,True,False
2025-08,sunscreen,young adult,1,37,0.027027,True,False
2025-09,sunscreen,humans,44,85,0.517647,False,False
2025-09,sunscreen,sunscreening agents,32,85,0.376471,False,False
2025-09,sunscreen,ultraviolet rays,23,85,0.270588,False,False
2025-09,sunscreen,female,17,85,0.2,False,False
2025-09,sunscreen,adult,13,85,0.152941,False,False
2025-09,sunscreen,male,13,85,0.152941,False,False
2025-09,sunscreen,light,12,85,0.141176,False,False
2025-09,sunscreen,photosynthesis,11,85,0.129412,False,False
2025-09,sunscreen,animals,10,85,0.117647,False,False
2025-09,sunscreen,antioxidants,8,85,0.094118,False,False
2025-09,sunscreen,middle aged,8,85,0.094118,False,False
2025-09,sunscreen,skin,8,85,0.094118,False,False
2025-09,sunscreen,young adult,7,85,0.082353,False,False
2025-09,sunscreen,skin neoplasms,6,85,0.070588,False,False
2025-09,sunscreen,sun protection factor,6,85,0.070588,False,False
2025-09,sunscreen,aged,5,85,0.058824,False,False
2025-09,sunscreen,chlorophyll,5,85,0.058824,False,False
2025-09,sunscreen,photosystem ii protein complex,5,85,0.058824,False,False
2025-09,sunscreen,plant leaves,5,85,0.058824,False,False
2025-09,sunscreen,sunlight,5,85,0.058824,False,False
2025-09,sunscreen,"health knowledge, attitudes, practice",4,85,0.047059,False,False
2025-09,sunscreen,reproducibility of results,4,85,0.047059,False,False
2025-09,sunscreen,adolescent,3,85,0.035294,False,False
2025-09,sunscreen,benzophenones,3,85,0.035294,False,False
2025-09,sunscreen,biomass,3,85,0.035294,False,False
2025-09,sunscreen,carotenoids,3,85,0.035294,False,False
2025-09,sunscreen,delphi technique,3,85,0.035294,False,False
2025-09,sunscreen,dermatologic agents,3,85,0.035294,False,False
2025-09,sunscreen,"gene expression regulation, plant",3,85,0.035294,False,False
2025-09,sunscreen,melanoma,3,85,0.035294,False,False
2025-09,sunscreen,mice,3,85,0.035294,False,False
2025-09,sunscreen,photosystem i protein complex,3,85,0.035294,False,False
2025-09,sunscreen,plant proteins,3,85,0.035294,False,False
2025-09,sunscreen,"plants, genetically modified",3,85,0.035294,False,False
2025-09,sunscreen,reactive oxygen species,3,85,0.035294,False,False
2025-09,sunscreen,skin aging,3,85,0.035294,False,False
2025-09,sunscreen,skin cream,3,85,0.035294,False,False
2025-09,sunscreen,spectrum analysis,3,85,0.035294,False,False
2025-09,sunscreen,"stress, physiological",3,85,0.035294,False,False
2025-09,sunscreen,surveys and questionnaires,3,85,0.035294,False,False
2025-09,sunscreen,treatment outcome,3,85,0.035294,False,False
2025-09,sunscreen,"water pollutants, chemical",3,85,0.035294,False,False
2025-09,sunscreen,acclimatization,2,85,0.023529,False,False
2025-09,sunscreen,acne vulgaris,2,85,0.023529,False,False
2025-09,sunscreen,acrylates,2,85,0.023529,False,False
2025-09,sunscreen,"aged, 80 and over",2,85,0.023529,False,False
2025-09,sunscreen,biological evolution,2,85,0.023529,False,False
2025-09,sunscreen,child,2,85,0.023529,False,False
2025-09,sunscreen,cross-sectional studies,2,85,0.023529,False,False
2025-09,sunscreen,"dermatitis, photoallergic",2,85,0.023529,False,False
2025-09,sunscreen,double-blind method,2,85,0.023529,False,False
2025-09,sunscreen,environmental monitoring,2,85,0.023529,False,False
2025-09,sunscreen,fibroblasts,2,85,0.023529,False,False
2025-09,sunscreen,"genome, plant",2,85,0.023529,False,False
2025-09,sunscreen,hydroquinones,2,85,0.023529,False,False
2025-09,sunscreen,indoles,2,85,0.023529,False,False
2025-09,sunscreen,keratinocytes,2,85,0.023529,False,False
2025-09,sunscreen,melanosis,2,85,0.023529,False,False
2025-09,sunscreen,metabolomics,2,85,0.023529,False,False
2025-09,sunscreen,nanoparticles,2,85,0.023529,False,False
2025-09,sunscreen,nanostructures,2,85,0.023529,False,False
2025-09,sunscreen,nicotiana,2,85,0.023529,False,False
2025-09,sunscreen,oryza,2,85,0.023529,False,False
2025-09,sunscreen,oxygen,2,85,0.023529,False,False
2025-09,sunscreen,patch tests,2,85,0.023529,False,False
2025-09,sunscreen,phenols,2,85,0.023529,False,False
2025-09,sunscreen,photochemotherapy,2,85,0.023529,False,False
2025-09,sunscreen,phylogeny,2,85,0.023529,False,False
2025-09,sunscreen,"pigments, biological",2,85,0.023529,False,False
2025-09,sunscreen,propiophenones,2,85,0.023529,False,False
2025-09,sunscreen,proteome,2,85,0.023529,False,False
2025-09,sunscreen,retrospective studies,2,85,0.023529,False,False
2025-09,sunscreen,signal transduction,2,85,0.023529,False,False
2025-09,sunscreen,sunburn,2,85,0.023529,False,False
2025-09,sunscreen,titanium,2,85,0.023529,False,False
2025-09,sunscreen,xanthophylls,2,85,0.023529,False,False
2025-09,sunscreen,zea mays,2,85,0.023529,False,False
2025-09,sunscreen,zinc oxide,2,85,0.023529,False,False
2025-09,sunscreen,a549 cells,1,85,0.011765,False,False
2025-09,sunscreen,acyltransferases,1,85,0.011765,False,False
2025-09,sunscreen,adapalene,1,85,0.011765,False,False
2025-09,sunscreen,"adaptation, physiological",1,85,0.011765,False,False
2025-09,sunscreen,adhesives,1,85,0.011765,False,False
2025-09,sunscreen,"administration, cutaneous",1,85,0.011765,False,False
2025-09,sunscreen,"administration, topical",1,85,0.011765,False,False
2025-09,sunscreen,aerospace medicine,1,85,0.011765,False,False
2025-09,sunscreen,"africa, northern",1,85,0.011765,False,False
2025-09,sunscreen,aircraft,1,85,0.011765,False,False
2025-09,sunscreen,allergens,1,85,0.011765,False,False
2025-09,sunscreen,anabaena,1,85,0.011765,False,False
2025-09,sunscreen,"anti-inflammatory agents, non-steroidal",1,85,0.011765,False,False
2025-09,sunscreen,apoptosis,1,85,0.011765,False,False
2025-09,sunscreen,arabidopsis,1,85,0.011765,False,False
2025-09,sunscreen,arabidopsis proteins,1,85,0.011765,False,False
2025-09,sunscreen,artificial intelligence,1,85,0.011765,False,False
2025-09,sunscreen,ascomycota,1,85,0.011765,False,False
2025-09,sunscreen,autophagy,1,85,0.011765,False,False
2025-09,sunscreen,bacterial proteins,1,85,0.011765,False,False
2025-09,sunscreen,bayes theorem,1,85,0.011765,False,False
2025-09,sunscreen,"behavior, animal",1,85,0.011765,False,False
2025-09,sunscreen,biocompatible materials,1,85,0.011765,False,False
2025-09,sunscreen,calibration,1,85,0.011765,False,False
2025-09,sunscreen,"calorimetry, differential scanning",1,85,0.011765,False,False
2025-09,sunscreen,camphor,1,85,0.011765,False,False
2025-09,sunscreen,carbon,1,85,0.011765,False,False
2025-09,sunscreen,carbon dioxide,1,85,0.011765,False,False
2025-09,sunscreen,catechols,1,85,0.011765,False,False
2025-09,sunscreen,cattle,1,85,0.011765,False,False
2025-09,sunscreen,"cell line, tumor",1,85,0.011765,False,False
2025-09,sunscreen,cell movement,1,85,0.011765,False,False
2025-09,sunscreen,cell survival,1,85,0.011765,False,False
2025-09,sunscreen,chemexfoliation,1,85,0.011765,False,False
2025-09,sunscreen,chlorophyta,1,85,0.011765,False,False
2025-09,sunscreen,chloroplasts,1,85,0.011765,False,False
2025-09,sunscreen,"chromatography, high pressure liquid",1,85,0.011765,False,False
2025-09,sunscreen,chromium,1,85,0.011765,False,False
2025-09,sunscreen,clobetasol,1,85,0.011765,False,False
2025-09,sunscreen,computer simulation,1,85,0.011765,False,False
2025-09,sunscreen,consumer behavior,1,85,0.011765,False,False
2025-09,sunscreen,cosmetic techniques,1,85,0.011765,False,False
2025-09,sunscreen,coumaric acids,1,85,0.011765,False,False
2025-09,sunscreen,"crops, agricultural",1,85,0.011765,False,False
2025-09,sunscreen,cuscuta,1,85,0.011765,False,False
2025-09,sunscreen,cyanobacteria,1,85,0.011765,False,False
2025-09,sunscreen,cytochrome b group,1,85,0.011765,False,False
2025-09,sunscreen,cytochrome b6f complex,1,85,0.011765,False,False
2025-09,sunscreen,"dermatitis, phototoxic",1,85,0.011765,False,False
2025-09,sunscreen,dermatology,1,85,0.011765,False,False
2025-09,sunscreen,dermatomyositis,1,85,0.011765,False,False
2025-09,sunscreen,diacylglycerol o-acyltransferase,1,85,0.011765,False,False
2025-09,sunscreen,"diagnosis, differential",1,85,0.011765,False,False
2025-09,sunscreen,diatoms,1,85,0.011765,False,False
2025-09,sunscreen,diosmin,1,85,0.011765,False,False
2025-09,sunscreen,dna,1,85,0.011765,False,False
2025-09,sunscreen,dna damage,1,85,0.011765,False,False
2025-09,sunscreen,drug delivery systems,1,85,0.011765,False,False
2025-09,sunscreen,drug eruptions,1,85,0.011765,False,False
2025-09,sunscreen,drug hypersensitivity syndrome,1,85,0.011765,False,False
2025-09,sunscreen,dry needling,1,85,0.011765,False,False
2025-09,sunscreen,electron transport,1,85,0.011765,False,False
2025-09,sunscreen,"embryo, nonmammalian",1,85,0.011765,False,False
2025-09,sunscreen,emollients,1,85,0.011765,False,False
2025-09,sunscreen,energy transfer,1,85,0.011765,False,False
2025-09,sunscreen,epithelial cells,1,85,0.011765,False,False
2025-09,sunscreen,"evolution, molecular",1,85,0.011765,False,False
2025-09,sunscreen,face,1,85,0.011765,False,False
2025-09,sunscreen,ferroptosis,1,85,0.011765,False,False
2025-09,sunscreen,focus groups,1,85,0.011765,False,False
2025-09,sunscreen,fungi,1,85,0.011765,False,False
2025-09,sunscreen,gene expression profiling,1,85,0.011765,False,False
2025-09,sunscreen,gene knockout techniques,1,85,0.011765,False,False
2025-09,sunscreen,geologic sediments,1,85,0.011765,False,False
2025-09,sunscreen,"glycation end products, advanced",1,85,0.011765,False,False
2025-09,sunscreen,glycine max,1,85,0.011765,False,False
2025-09,sunscreen,glycolates,1,85,0.011765,False,False
2025-09,sunscreen,greenland,1,85,0.011765,False,False
2025-09,sunscreen,halogenation,1,85,0.011765,False,False
2025-09,sunscreen,health behavior,1,85,0.011765,False,False
2025-09,sunscreen,health education,1,85,0.011765,False,False
2025-09,sunscreen,heme oxygenase-1,1,85,0.011765,False,False
2025-09,sunscreen,herpes simplex,1,85,0.011765,False,False
2025-09,sunscreen,hesperidin,1,85,0.011765,False,False
2025-09,sunscreen,"history, 20th century",1,85,0.011765,False,False
2025-09,sunscreen,"history, 21st century",1,85,0.011765,False,False
2025-09,sunscreen,homeostasis,1,85,0.011765,False,False
2025-09,sunscreen,hydroxybenzoates,1,85,0.011765,False,False
2025-09,sunscreen,hyperpigmentation,1,85,0.011765,False,False
2025-09,sunscreen,ice,1,85,0.011765,False,False
2025-09,sunscreen,idiopathic pulmonary fibrosis,1,85,0.011765,False,False
2025-09,sunscreen,"immunoglobulins, intravenous",1,85,0.011765,False,False
2025-09,sunscreen,india,1,85,0.011765,False,False
2025-09,sunscreen,ireland,1,85,0.011765,False,False
2025-09,sunscreen,israel,1,85,0.011765,False,False
2025-09,sunscreen,janus kinase inhibitors,1,85,0.011765,False,False
2025-09,sunscreen,larva,1,85,0.011765,False,False
2025-09,sunscreen,"lasers, solid-state",1,85,0.011765,False,False
2025-09,sunscreen,lichens,1,85,0.011765,False,False
2025-09,sunscreen,light-harvesting protein complexes,1,85,0.011765,False,False
2025-09,sunscreen,lincomycin,1,85,0.011765,False,False
2025-09,sunscreen,lipid metabolism,1,85,0.011765,False,False
2025-09,sunscreen,lipid peroxidation,1,85,0.011765,False,False
2025-09,sunscreen,liquid chromatography-mass spectrometry,1,85,0.011765,False,False
2025-09,sunscreen,low-level light therapy,1,85,0.011765,False,False
2025-09,sunscreen,lung,1,85,0.011765,False,False
2025-09,sunscreen,lycium,1,85,0.011765,False,False
2025-09,sunscreen,mass spectrometry,1,85,0.011765,False,False
2025-09,sunscreen,matrix metalloproteinase 1,1,85,0.011765,False,False
2025-09,sunscreen,metabolome,1,85,0.011765,False,False
2025-09,sunscreen,metal nanoparticles,1,85,0.011765,False,False
2025-09,sunscreen,"mice, inbred balb c",1,85,0.011765,False,False
2025-09,sunscreen,"mice, inbred c57bl",1,85,0.011765,False,False
2025-09,sunscreen,"mice, nude",1,85,0.011765,False,False
2025-09,sunscreen,microbial consortia,1,85,0.011765,False,False
2025-09,sunscreen,middle east,1,85,0.011765,False,False
2025-09,sunscreen,molecular docking simulation,1,85,0.011765,False,False
2025-09,sunscreen,molecular structure,1,85,0.011765,False,False
2025-09,sunscreen,multigene family,1,85,0.011765,False,False
2025-09,sunscreen,nanogels,1,85,0.011765,False,False
2025-09,sunscreen,nanomedicine,1,85,0.011765,False,False
2025-09,sunscreen,narcissus,1,85,0.011765,False,False
2025-09,sunscreen,neoplasms,1,85,0.011765,False,False
2025-09,sunscreen,neurotoxicity syndromes,1,85,0.011765,False,False
2025-09,sunscreen,new zealand,1,85,0.011765,False,False
2025-09,sunscreen,nf-e2-related factor 2,1,85,0.011765,False,False
2025-09,sunscreen,nf-kappa b,1,85,0.011765,False,False
2025-09,sunscreen,niacinamide,1,85,0.011765,False,False
2025-09,sunscreen,nitrogen,1,85,0.011765,False,False
2025-09,sunscreen,nonprescription drugs,1,85,0.011765,False,False
2025-09,sunscreen,occupational exposure,1,85,0.011765,False,False
2025-09,sunscreen,odds ratio,1,85,0.011765,False,False
2025-09,sunscreen,oligochaeta,1,85,0.011765,False,False
2025-09,sunscreen,orchidaceae,1,85,0.011765,False,False
2025-09,sunscreen,organ specificity,1,85,0.011765,False,False
2025-09,sunscreen,oxidation-reduction,1,85,0.011765,False,False
2025-09,sunscreen,oxidative stress,1,85,0.011765,False,False
2025-09,sunscreen,oxidoreductases,1,85,0.011765,False,False
2025-09,sunscreen,peptides,1,85,0.011765,False,False
2025-09,sunscreen,peru,1,85,0.011765,False,False
2025-09,sunscreen,photochemical processes,1,85,0.011765,False,False
2025-09,sunscreen,photosensitizing agents,1,85,0.011765,False,False
2025-09,sunscreen,photosynthetic reaction center complex proteins,1,85,0.011765,False,False
2025-09,sunscreen,photothermal therapy,1,85,0.011765,False,False
2025-09,sunscreen,pilots,1,85,0.011765,False,False
2025-09,sunscreen,plant extracts,1,85,0.011765,False,False
2025-09,sunscreen,polymers,1,85,0.011765,False,False
2025-09,sunscreen,polysaccharides,1,85,0.011765,False,False
2025-09,sunscreen,pregnancy,1,85,0.011765,False,False
2025-09,sunscreen,primulaceae,1,85,0.011765,False,False
2025-09,sunscreen,"promoter regions, genetic",1,85,0.011765,False,False
2025-09,sunscreen,prospective studies,1,85,0.011765,False,False
2025-09,sunscreen,protein hydrolysates,1,85,0.011765,False,False
2025-09,sunscreen,proteomics,1,85,0.011765,False,False
2025-09,sunscreen,proton-motive force,1,85,0.011765,False,False
2025-09,sunscreen,protoporphyrins,1,85,0.011765,False,False
2025-09,sunscreen,public health,1,85,0.011765,False,False
2025-09,sunscreen,pyridones,1,85,0.011765,False,False
2025-09,sunscreen,pyrones,1,85,0.011765,False,False
2025-09,sunscreen,qualitative research,1,85,0.011765,False,False
2025-09,sunscreen,radiation dosage,1,85,0.011765,False,False
2025-09,sunscreen,rats,1,85,0.011765,False,False
2025-09,sunscreen,"rats, sprague-dawley",1,85,0.011765,False,False
2025-09,sunscreen,rheology,1,85,0.011765,False,False
2025-09,sunscreen,rhodophyta,1,85,0.011765,False,False
2025-09,sunscreen,risk factors,1,85,0.011765,False,False
2025-09,sunscreen,saccharomyces cerevisiae,1,85,0.011765,False,False
2025-09,sunscreen,salicylates,1,85,0.011765,False,False
2025-09,sunscreen,salt stress,1,85,0.011765,False,False
2025-09,sunscreen,saudi arabia,1,85,0.011765,False,False
2025-09,sunscreen,schools,1,85,0.011765,False,False
2025-09,sunscreen,secondary metabolism,1,85,0.011765,False,False
2025-09,sunscreen,seedlings,1,85,0.011765,False,False
2025-09,sunscreen,setaria plant,1,85,0.011765,False,False
2025-09,sunscreen,severity of illness index,1,85,0.011765,False,False
2025-09,sunscreen,silicates,1,85,0.011765,False,False
2025-09,sunscreen,simplexvirus,1,85,0.011765,False,False
2025-09,sunscreen,singlet oxygen,1,85,0.011765,False,False
2025-09,sunscreen,skin absorption,1,85,0.011765,False,False
2025-09,sunscreen,skin lightening preparations,1,85,0.011765,False,False
2025-09,sunscreen,skin pigmentation,1,85,0.011765,False,False
2025-09,sunscreen,"societies, medical",1,85,0.011765,False,False
2025-09,sunscreen,soil,1,85,0.011765,False,False
2025-09,sunscreen,soil pollutants,1,85,0.011765,False,False
2025-09,sunscreen,sorghum,1,85,0.011765,False,False
2025-09,sunscreen,"spectrum analysis, raman",1,85,0.011765,False,False
2025-09,sunscreen,spinacia oleracea,1,85,0.011765,False,False
2025-09,sunscreen,structure-activity relationship,1,85,0.011765,False,False
2025-09,sunscreen,students,1,85,0.011765,False,False
2025-09,sunscreen,"students, medical",1,85,0.011765,False,False
2025-09,sunscreen,swine,1,85,0.011765,False,False
2025-09,sunscreen,synechocystis,1,85,0.011765,False,False
2025-09,sunscreen,taiwan,1,85,0.011765,False,False
2025-09,sunscreen,toxicity tests,1,85,0.011765,False,False
2025-09,sunscreen,tranexamic acid,1,85,0.011765,False,False
2025-09,sunscreen,tropical climate,1,85,0.011765,False,False
2025-09,sunscreen,tumor microenvironment,1,85,0.011765,False,False
2025-09,sunscreen,tumor suppressor protein p53,1,85,0.011765,False,False
2025-09,sunscreen,united states,1,85,0.011765,False,False
2025-09,sunscreen,united states food and drug administration,1,85,0.011765,False,False
2025-09,sunscreen,universities,1,85,0.011765,False,False
2025-09,sunscreen,victoria,1,85,0.011765,False,False
2025-09,sunscreen,virus activation,1,85,0.011765,False,False
2025-09,sunscreen,viscosity,1,85,0.011765,False,False
2025-09,sunscreen,vitamin e,1,85,0.011765,False,False
2025-09,sunscreen,"waste disposal, fluid",1,85,0.011765,False,False
2025-09,sunscreen,wound healing,1,85,0.011765,False,False
2025-09,sunscreen,x-ray diffraction,1,85,0.011765,False,False
2025-09,sunscreen,zebrafish,1,85,0.011765,False,False
2025-10,sunscreen,humans,28,66,0.424242,False,False
2025-10,sunscreen,sunscreening agents,23,66,0.348485,False,False
2025-10,sunscreen,female,13,66,0.19697,False,False
2025-10,sunscreen,male,13,66,0.19697,False,False
2025-10,sunscreen,ultraviolet rays,13,66,0.19697,False,False
2025-10,sunscreen,adult,12,66,0.181818,False,False
2025-10,sunscreen,antioxidants,10,66,0.151515,False,False
2025-10,sunscreen,animals,9,66,0.136364,False,False
2025-10,sunscreen,middle aged,8,66,0.121212,False,False
2025-10,sunscreen,plant extracts,6,66,0.090909,False,False
2025-10,sunscreen,skin neoplasms,6,66,0.090909,False,False
2025-10,sunscreen,surveys and questionnaires,6,66,0.090909,False,False
2025-10,sunscreen,adolescent,4,66,0.060606,False,False
2025-10,sunscreen,benzophenones,4,66,0.060606,False,False
2025-10,sunscreen,"health knowledge, attitudes, practice",4,66,0.060606,False,False
2025-10,sunscreen,keratinocytes,4,66,0.060606,False,False
2025-10,sunscreen,skin,4,66,0.060606,False,False
2025-10,sunscreen,skin aging,4,66,0.060606,False,False
2025-10,sunscreen,sunlight,4,66,0.060606,False,False
2025-10,sunscreen,young adult,4,66,0.060606,False,False
2025-10,sunscreen,cell survival,3,66,0.045455,False,False
2025-10,sunscreen,cross-sectional studies,3,66,0.045455,False,False
2025-10,sunscreen,health behavior,3,66,0.045455,False,False
2025-10,sunscreen,light,3,66,0.045455,False,False
2025-10,sunscreen,melanins,3,66,0.045455,False,False
2025-10,sunscreen,mice,3,66,0.045455,False,False
2025-10,sunscreen,nanoparticles,3,66,0.045455,False,False
2025-10,sunscreen,oxidative stress,3,66,0.045455,False,False
2025-10,sunscreen,sun protection factor,3,66,0.045455,False,False
2025-10,sunscreen,sunburn,3,66,0.045455,False,False
2025-10,sunscreen,"water pollutants, chemical",3,66,0.045455,False,False
2025-10,sunscreen,zinc oxide,3,66,0.045455,False,False
2025-10,sunscreen,aged,2,66,0.030303,False,False
2025-10,sunscreen,amino acids,2,66,0.030303,False,False
2025-10,sunscreen,anthocyanins,2,66,0.030303,False,False
2025-10,sunscreen,anti-inflammatory agents,2,66,0.030303,False,False
2025-10,sunscreen,apoptosis,2,66,0.030303,False,False
2025-10,sunscreen,"biodegradation, environmental",2,66,0.030303,False,False
2025-10,sunscreen,carotenoids,2,66,0.030303,False,False
2025-10,sunscreen,cell line,2,66,0.030303,False,False
2025-10,sunscreen,chemical fractionation,2,66,0.030303,False,False
2025-10,sunscreen,child,2,66,0.030303,False,False
2025-10,sunscreen,"child, preschool",2,66,0.030303,False,False
2025-10,sunscreen,cinnamates,2,66,0.030303,False,False
2025-10,sunscreen,cosmetics,2,66,0.030303,False,False
2025-10,sunscreen,endocrine disruptors,2,66,0.030303,False,False
2025-10,sunscreen,hacat cells,2,66,0.030303,False,False
2025-10,sunscreen,"keratosis, actinic",2,66,0.030303,False,False
2025-10,sunscreen,lignin,2,66,0.030303,False,False
2025-10,sunscreen,liposomes,2,66,0.030303,False,False
2025-10,sunscreen,molecular weight,2,66,0.030303,False,False
2025-10,sunscreen,photosynthesis,2,66,0.030303,False,False
2025-10,sunscreen,retrospective studies,2,66,0.030303,False,False
2025-10,sunscreen,skin care,2,66,0.030303,False,False
2025-10,sunscreen,skin cream,2,66,0.030303,False,False
2025-10,sunscreen,sunbathing,2,66,0.030303,False,False
2025-10,sunscreen,thyroid gland,2,66,0.030303,False,False
2025-10,sunscreen,thyroid hormones,2,66,0.030303,False,False
2025-10,sunscreen,treatment outcome,2,66,0.030303,False,False
2025-10,sunscreen,water,2,66,0.030303,False,False
2025-10,sunscreen,acclimatization,1,66,0.015152,False,False
2025-10,sunscreen,acetone,1,66,0.015152,False,False
2025-10,sunscreen,acinetobacter,1,66,0.015152,False,False
2025-10,sunscreen,acne vulgaris,1,66,0.015152,False,False
2025-10,sunscreen,acrylates,1,66,0.015152,False,False
2025-10,sunscreen,"adaptor proteins, signal transducing",1,66,0.015152,False,False
2025-10,sunscreen,adenine,1,66,0.015152,False,False
2025-10,sunscreen,adipogenesis,1,66,0.015152,False,False
2025-10,sunscreen,"administration, cutaneous",1,66,0.015152,False,False
2025-10,sunscreen,algeria,1,66,0.015152,False,False
2025-10,sunscreen,alpha-tocopherol,1,66,0.015152,False,False
2025-10,sunscreen,"anti-inflammatory agents, non-steroidal",1,66,0.015152,False,False
2025-10,sunscreen,artemisia,1,66,0.015152,False,False
2025-10,sunscreen,australia,1,66,0.015152,False,False
2025-10,sunscreen,bacteria,1,66,0.015152,False,False
2025-10,sunscreen,bacterial proteins,1,66,0.015152,False,False
2025-10,sunscreen,base pairing,1,66,0.015152,False,False
2025-10,sunscreen,"behavior, animal",1,66,0.015152,False,False
2025-10,sunscreen,biological availability,1,66,0.015152,False,False
2025-10,sunscreen,biomarkers,1,66,0.015152,False,False
2025-10,sunscreen,biotechnology,1,66,0.015152,False,False
2025-10,sunscreen,blood-retinal barrier,1,66,0.015152,False,False
2025-10,sunscreen,brazil,1,66,0.015152,False,False
2025-10,sunscreen,"carcinoma, squamous cell",1,66,0.015152,False,False
2025-10,sunscreen,case-control studies,1,66,0.015152,False,False
2025-10,sunscreen,cell cycle checkpoints,1,66,0.015152,False,False
2025-10,sunscreen,cell differentiation,1,66,0.015152,False,False
2025-10,sunscreen,"cell line, tumor",1,66,0.015152,False,False
2025-10,sunscreen,chick embryo,1,66,0.015152,False,False
2025-10,sunscreen,chickens,1,66,0.015152,False,False
2025-10,sunscreen,chitosan,1,66,0.015152,False,False
2025-10,sunscreen,chlamydomonas reinhardtii,1,66,0.015152,False,False
2025-10,sunscreen,chorioallantoic membrane,1,66,0.015152,False,False
2025-10,sunscreen,chromans,1,66,0.015152,False,False
2025-10,sunscreen,colloids,1,66,0.015152,False,False
2025-10,sunscreen,combined modality therapy,1,66,0.015152,False,False
2025-10,sunscreen,cosmeceuticals,1,66,0.015152,False,False
2025-10,sunscreen,cucurbita,1,66,0.015152,False,False
2025-10,sunscreen,cytoprotection,1,66,0.015152,False,False
2025-10,sunscreen,density functional theory,1,66,0.015152,False,False
2025-10,sunscreen,deoxyribodipyrimidine photo-lyase,1,66,0.015152,False,False
2025-10,sunscreen,dermatitis,1,66,0.015152,False,False
2025-10,sunscreen,"dermatitis, allergic contact",1,66,0.015152,False,False
2025-10,sunscreen,dermatology,1,66,0.015152,False,False
2025-10,sunscreen,dextrans,1,66,0.015152,False,False
2025-10,sunscreen,dietary supplements,1,66,0.015152,False,False
2025-10,sunscreen,dna,1,66,0.015152,False,False
2025-10,sunscreen,dna damage,1,66,0.015152,False,False
2025-10,sunscreen,dna repair,1,66,0.015152,False,False
2025-10,sunscreen,dna repair enzymes,1,66,0.015152,False,False
2025-10,sunscreen,drug administration schedule,1,66,0.015152,False,False
2025-10,sunscreen,drug combinations,1,66,0.015152,False,False
2025-10,sunscreen,drug labeling,1,66,0.015152,False,False
2025-10,sunscreen,drug stability,1,66,0.015152,False,False
2025-10,sunscreen,electroretinography,1,66,0.015152,False,False
2025-10,sunscreen,emollients,1,66,0.015152,False,False
2025-10,sunscreen,emulsions,1,66,0.015152,False,False
2025-10,sunscreen,endosomes,1,66,0.015152,False,False
2025-10,sunscreen,environmental exposure,1,66,0.015152,False,False
2025-10,sunscreen,epithelial cells,1,66,0.015152,False,False
2025-10,sunscreen,ethanol,1,66,0.015152,False,False
2025-10,sunscreen,exanthema,1,66,0.015152,False,False
2025-10,sunscreen,feasibility studies,1,66,0.015152,False,False
2025-10,sunscreen,fibroblasts,1,66,0.015152,False,False
2025-10,sunscreen,food storage,1,66,0.015152,False,False
2025-10,sunscreen,fruit,1,66,0.015152,False,False
2025-10,sunscreen,functional food,1,66,0.015152,False,False
2025-10,sunscreen,gamma-tocopherol,1,66,0.015152,False,False
2025-10,sunscreen,gas chromatography-mass spectrometry,1,66,0.015152,False,False
2025-10,sunscreen,germany,1,66,0.015152,False,False
2025-10,sunscreen,glycine,1,66,0.015152,False,False
2025-10,sunscreen,habits,1,66,0.015152,False,False
2025-10,sunscreen,health education,1,66,0.015152,False,False
2025-10,sunscreen,health promotion,1,66,0.015152,False,False
2025-10,sunscreen,healthy aging,1,66,0.015152,False,False
2025-10,sunscreen,hyaluronic acid,1,66,0.015152,False,False
2025-10,sunscreen,indoleacetic acids,1,66,0.015152,False,False
2025-10,sunscreen,indoles,1,66,0.015152,False,False
2025-10,sunscreen,infant,1,66,0.015152,False,False
2025-10,sunscreen,intention,1,66,0.015152,False,False
2025-10,sunscreen,internet,1,66,0.015152,False,False
2025-10,sunscreen,irritants,1,66,0.015152,False,False
2025-10,sunscreen,italy,1,66,0.015152,False,False
2025-10,sunscreen,lactation,1,66,0.015152,False,False
2025-10,sunscreen,lipid peroxidation,1,66,0.015152,False,False
2025-10,sunscreen,lithuania,1,66,0.015152,False,False
2025-10,sunscreen,liver,1,66,0.015152,False,False
2025-10,sunscreen,longevity,1,66,0.015152,False,False
2025-10,sunscreen,lysosomes,1,66,0.015152,False,False
2025-10,sunscreen,"mammary glands, animal",1,66,0.015152,False,False
2025-10,sunscreen,mangifera,1,66,0.015152,False,False
2025-10,sunscreen,matrix metalloproteinases,1,66,0.015152,False,False
2025-10,sunscreen,melanocytes,1,66,0.015152,False,False
2025-10,sunscreen,melanoma,1,66,0.015152,False,False
2025-10,sunscreen,melanosis,1,66,0.015152,False,False
2025-10,sunscreen,melanosomes,1,66,0.015152,False,False
2025-10,sunscreen,membrane proteins,1,66,0.015152,False,False
2025-10,sunscreen,mesotherapy,1,66,0.015152,False,False
2025-10,sunscreen,metabolomics,1,66,0.015152,False,False
2025-10,sunscreen,"metals, heavy",1,66,0.015152,False,False
2025-10,sunscreen,"mice, inbred c57bl",1,66,0.015152,False,False
2025-10,sunscreen,"mice, knockout",1,66,0.015152,False,False
2025-10,sunscreen,micelles,1,66,0.015152,False,False
2025-10,sunscreen,microalgae,1,66,0.015152,False,False
2025-10,sunscreen,microbial consortia,1,66,0.015152,False,False
2025-10,sunscreen,"models, biological",1,66,0.015152,False,False
2025-10,sunscreen,molecular docking simulation,1,66,0.015152,False,False
2025-10,sunscreen,molecular dynamics simulation,1,66,0.015152,False,False
2025-10,sunscreen,monophenol monooxygenase,1,66,0.015152,False,False
2025-10,sunscreen,nail diseases,1,66,0.015152,False,False
2025-10,sunscreen,nails,1,66,0.015152,False,False
2025-10,sunscreen,nanostructures,1,66,0.015152,False,False
2025-10,sunscreen,neurons,1,66,0.015152,False,False
2025-10,sunscreen,new zealand,1,66,0.015152,False,False
2025-10,sunscreen,nitrogen,1,66,0.015152,False,False
2025-10,sunscreen,non-randomized controlled trials as topic,1,66,0.015152,False,False
2025-10,sunscreen,occupational diseases,1,66,0.015152,False,False
2025-10,sunscreen,occupational exposure,1,66,0.015152,False,False
2025-10,sunscreen,odds ratio,1,66,0.015152,False,False
2025-10,sunscreen,parents,1,66,0.015152,False,False
2025-10,sunscreen,patient satisfaction,1,66,0.015152,False,False
2025-10,sunscreen,perciformes,1,66,0.015152,False,False
2025-10,sunscreen,phase separation,1,66,0.015152,False,False
2025-10,sunscreen,phenols,1,66,0.015152,False,False
2025-10,sunscreen,photinia,1,66,0.015152,False,False
2025-10,sunscreen,photochemotherapy,1,66,0.015152,False,False
2025-10,sunscreen,photoreceptor cells,1,66,0.015152,False,False
2025-10,sunscreen,photosensitizing agents,1,66,0.015152,False,False
2025-10,sunscreen,phototaxis,1,66,0.015152,False,False
2025-10,sunscreen,phycobilisomes,1,66,0.015152,False,False
2025-10,sunscreen,phytochemicals,1,66,0.015152,False,False
2025-10,sunscreen,plant development,1,66,0.015152,False,False
2025-10,sunscreen,plant leaves,1,66,0.015152,False,False
2025-10,sunscreen,plants,1,66,0.015152,False,False
2025-10,sunscreen,polymers,1,66,0.015152,False,False
2025-10,sunscreen,polyphenols,1,66,0.015152,False,False
2025-10,sunscreen,"practice patterns, physicians'",1,66,0.015152,False,False
2025-10,sunscreen,pregnancy,1,66,0.015152,False,False
2025-10,sunscreen,proanthocyanidins,1,66,0.015152,False,False
2025-10,sunscreen,product labeling,1,66,0.015152,False,False
2025-10,sunscreen,propiophenones,1,66,0.015152,False,False
2025-10,sunscreen,propolis,1,66,0.015152,False,False
2025-10,sunscreen,protons,1,66,0.015152,False,False
2025-10,sunscreen,psoriasis,1,66,0.015152,False,False
2025-10,sunscreen,quality of life,1,66,0.015152,False,False
2025-10,sunscreen,quercetin,1,66,0.015152,False,False
2025-10,sunscreen,radiation-protective agents,1,66,0.015152,False,False
2025-10,sunscreen,randomized controlled trials as topic,1,66,0.015152,False,False
2025-10,sunscreen,rats,1,66,0.015152,False,False
2025-10,sunscreen,"rats, sprague-dawley",1,66,0.015152,False,False
2025-10,sunscreen,reactive oxygen species,1,66,0.015152,False,False
2025-10,sunscreen,reproducibility of results,1,66,0.015152,False,False
2025-10,sunscreen,retina,1,66,0.015152,False,False
2025-10,sunscreen,retinal degeneration,1,66,0.015152,False,False
2025-10,sunscreen,retinal pigment epithelium,1,66,0.015152,False,False
2025-10,sunscreen,retinoids,1,66,0.015152,False,False
2025-10,sunscreen,"retinol-binding proteins, plasma",1,66,0.015152,False,False
2025-10,sunscreen,rheology,1,66,0.015152,False,False
2025-10,sunscreen,rhodophyta,1,66,0.015152,False,False
2025-10,sunscreen,risk factors,1,66,0.015152,False,False
2025-10,sunscreen,rosacea,1,66,0.015152,False,False
2025-10,sunscreen,saudi arabia,1,66,0.015152,False,False
2025-10,sunscreen,seaweed,1,66,0.015152,False,False
2025-10,sunscreen,self administration,1,66,0.015152,False,False
2025-10,sunscreen,self care,1,66,0.015152,False,False
2025-10,sunscreen,severity of illness index,1,66,0.015152,False,False
2025-10,sunscreen,signal transduction,1,66,0.015152,False,False
2025-10,sunscreen,single-blind method,1,66,0.015152,False,False
2025-10,sunscreen,skin pigmentation,1,66,0.015152,False,False
2025-10,sunscreen,soil microbiology,1,66,0.015152,False,False
2025-10,sunscreen,soil pollutants,1,66,0.015152,False,False
2025-10,sunscreen,spain,1,66,0.015152,False,False
2025-10,sunscreen,"students, medical",1,66,0.015152,False,False
2025-10,sunscreen,succinic acid,1,66,0.015152,False,False
2025-10,sunscreen,synechocystis,1,66,0.015152,False,False
2025-10,sunscreen,tannins,1,66,0.015152,False,False
2025-10,sunscreen,thymine,1,66,0.015152,False,False
2025-10,sunscreen,titanium,1,66,0.015152,False,False
2025-10,sunscreen,tocotrienols,1,66,0.015152,False,False
2025-10,sunscreen,toxicity tests,1,66,0.015152,False,False
2025-10,sunscreen,"trimethoprim, sulfamethoxazole drug combination",1,66,0.015152,False,False
2025-10,sunscreen,tumor necrosis factor-alpha,1,66,0.015152,False,False
2025-10,sunscreen,up-regulation,1,66,0.015152,False,False
2025-10,sunscreen,vitamin a,1,66,0.015152,False,False
2025-10,sunscreen,vitamin e,1,66,0.015152,False,False
2025-10,sunscreen,wastewater,1,66,0.015152,False,False
2025-10,sunscreen,whooping cough,1,66,0.015152,False,False
2025-10,sunscreen,wound healing,1,66,0.015152,False,False
2025-10,sunscreen,yogurt,1,66,0.015152,False,False
2025-10,sunscreen,zebrafish,1,66,0.015152,False,False
2025-11,sunscreen,humans,26,72,0.361111,False,False
2025-11,sunscreen,sunscreening agents,21,72,0.291667,False,False
2025-11,sunscreen,ultraviolet rays,18,72,0.25,False,False
2025-11,sunscreen,antioxidants,11,72,0.152778,False,False
2025-11,sunscreen,female,11,72,0.152778,False,False
2025-11,sunscreen,animals,10,72,0.138889,False,False
2025-11,sunscreen,photosynthesis,10,72,0.138889,False,False
2025-11,sunscreen,light,9,72,0.125,False,False
2025-11,sunscreen,male,9,72,0.125,False,False
2025-11,sunscreen,adult,8,72,0.111111,False,False
2025-11,sunscreen,benzophenones,6,72,0.083333,False,False
2025-11,sunscreen,middle aged,6,72,0.083333,False,False
2025-11,sunscreen,plant extracts,6,72,0.083333,False,False
2025-11,sunscreen,skin,6,72,0.083333,False,False
2025-11,sunscreen,young adult,6,72,0.083333,False,False
2025-11,sunscreen,light-harvesting protein complexes,5,72,0.069444,False,False
2025-11,sunscreen,skin aging,5,72,0.069444,False,False
2025-11,sunscreen,skin neoplasms,5,72,0.069444,False,False
2025-11,sunscreen,"water pollutants, chemical",5,72,0.069444,False,False
2025-11,sunscreen,adolescent,4,72,0.055556,False,False
2025-11,sunscreen,cross-sectional studies,4,72,0.055556,False,False
2025-11,sunscreen,mice,4,72,0.055556,False,False
2025-11,sunscreen,photosystem ii protein complex,4,72,0.055556,False,False
2025-11,sunscreen,plant leaves,4,72,0.055556,False,False
2025-11,sunscreen,reactive oxygen species,4,72,0.055556,False,False
2025-11,sunscreen,sun protection factor,4,72,0.055556,False,False
2025-11,sunscreen,aged,3,72,0.041667,False,False
2025-11,sunscreen,carotenoids,3,72,0.041667,False,False
2025-11,sunscreen,chlorophyll,3,72,0.041667,False,False
2025-11,sunscreen,dermatologic agents,3,72,0.041667,False,False
2025-11,sunscreen,dermatology,3,72,0.041667,False,False
2025-11,sunscreen,green chemistry technology,3,72,0.041667,False,False
2025-11,sunscreen,molecular docking simulation,3,72,0.041667,False,False
2025-11,sunscreen,oxidative stress,3,72,0.041667,False,False
2025-11,sunscreen,plant proteins,3,72,0.041667,False,False
2025-11,sunscreen,quality of life,3,72,0.041667,False,False
2025-11,sunscreen,seasons,3,72,0.041667,False,False
2025-11,sunscreen,skin pigmentation,3,72,0.041667,False,False
2025-11,sunscreen,sunlight,3,72,0.041667,False,False
2025-11,sunscreen,surveys and questionnaires,3,72,0.041667,False,False
2025-11,sunscreen,treatment outcome,3,72,0.041667,False,False
2025-11,sunscreen,acne vulgaris,2,72,0.027778,False,False
2025-11,sunscreen,anti-bacterial agents,2,72,0.027778,False,False
2025-11,sunscreen,apoptosis,2,72,0.027778,False,False
2025-11,sunscreen,arabidopsis,2,72,0.027778,False,False
2025-11,sunscreen,arabidopsis proteins,2,72,0.027778,False,False
2025-11,sunscreen,bacterial proteins,2,72,0.027778,False,False
2025-11,sunscreen,bacteriochlorophylls,2,72,0.027778,False,False
2025-11,sunscreen,caffeic acids,2,72,0.027778,False,False
2025-11,sunscreen,cell line,2,72,0.027778,False,False
2025-11,sunscreen,cell survival,2,72,0.027778,False,False
2025-11,sunscreen,dna damage,2,72,0.027778,False,False
2025-11,sunscreen,drug compounding,2,72,0.027778,False,False
2025-11,sunscreen,endocrine disruptors,2,72,0.027778,False,False
2025-11,sunscreen,energy transfer,2,72,0.027778,False,False
2025-11,sunscreen,fibroblasts,2,72,0.027778,False,False
2025-11,sunscreen,"gene expression regulation, plant",2,72,0.027778,False,False
2025-11,sunscreen,hacat cells,2,72,0.027778,False,False
2025-11,sunscreen,"health knowledge, attitudes, practice",2,72,0.027778,False,False
2025-11,sunscreen,kinetics,2,72,0.027778,False,False
2025-11,sunscreen,lipid metabolism,2,72,0.027778,False,False
2025-11,sunscreen,liver,2,72,0.027778,False,False
2025-11,sunscreen,metal nanoparticles,2,72,0.027778,False,False
2025-11,sunscreen,nanocomposites,2,72,0.027778,False,False
2025-11,sunscreen,nanoparticles,2,72,0.027778,False,False
2025-11,sunscreen,nf-e2-related factor 2,2,72,0.027778,False,False
2025-11,sunscreen,oxidoreductases,2,72,0.027778,False,False
2025-11,sunscreen,phytochemicals,2,72,0.027778,False,False
2025-11,sunscreen,polymers,2,72,0.027778,False,False
2025-11,sunscreen,protective clothing,2,72,0.027778,False,False
2025-11,sunscreen,risk assessment,2,72,0.027778,False,False
2025-11,sunscreen,severity of illness index,2,72,0.027778,False,False
2025-11,sunscreen,skin care,2,72,0.027778,False,False
2025-11,sunscreen,thylakoids,2,72,0.027778,False,False
2025-11,sunscreen,united states,2,72,0.027778,False,False
2025-11,sunscreen,zinc oxide,2,72,0.027778,False,False
2025-11,sunscreen,acrylates,1,72,0.013889,False,False
2025-11,sunscreen,adipogenesis,1,72,0.013889,False,False
2025-11,sunscreen,"administration, cutaneous",1,72,0.013889,False,False
2025-11,sunscreen,"administration, oral",1,72,0.013889,False,False
2025-11,sunscreen,adsorption,1,72,0.013889,False,False
2025-11,sunscreen,"aged, 80 and over",1,72,0.013889,False,False
2025-11,sunscreen,algorithms,1,72,0.013889,False,False
2025-11,sunscreen,anthocyanins,1,72,0.013889,False,False
2025-11,sunscreen,anti-infective agents,1,72,0.013889,False,False
2025-11,sunscreen,anti-inflammatory agents,1,72,0.013889,False,False
2025-11,sunscreen,antineoplastic agents,1,72,0.013889,False,False
2025-11,sunscreen,araceae,1,72,0.013889,False,False
2025-11,sunscreen,asian people,1,72,0.013889,False,False
2025-11,sunscreen,attitude of health personnel,1,72,0.013889,False,False
2025-11,sunscreen,australia,1,72,0.013889,False,False
2025-11,sunscreen,bays,1,72,0.013889,False,False
2025-11,sunscreen,benzothiazoles,1,72,0.013889,False,False
2025-11,sunscreen,benzylidene compounds,1,72,0.013889,False,False
2025-11,sunscreen,bias,1,72,0.013889,False,False
2025-11,sunscreen,"biodegradation, environmental",1,72,0.013889,False,False
2025-11,sunscreen,biological evolution,1,72,0.013889,False,False
2025-11,sunscreen,biomass,1,72,0.013889,False,False
2025-11,sunscreen,biomimetic materials,1,72,0.013889,False,False
2025-11,sunscreen,biosynthetic pathways,1,72,0.013889,False,False
2025-11,sunscreen,biphenyl compounds,1,72,0.013889,False,False
2025-11,sunscreen,camphor,1,72,0.013889,False,False
2025-11,sunscreen,capsules,1,72,0.013889,False,False
2025-11,sunscreen,carbon dioxide,1,72,0.013889,False,False
2025-11,sunscreen,carcinogenesis,1,72,0.013889,False,False
2025-11,sunscreen,"carcinoma, squamous cell",1,72,0.013889,False,False
2025-11,sunscreen,charcoal,1,72,0.013889,False,False
2025-11,sunscreen,china,1,72,0.013889,False,False
2025-11,sunscreen,chitosan,1,72,0.013889,False,False
2025-11,sunscreen,chlorophyceae,1,72,0.013889,False,False
2025-11,sunscreen,chloroplasts,1,72,0.013889,False,False
2025-11,sunscreen,"chromatography, high pressure liquid",1,72,0.013889,False,False
2025-11,sunscreen,cinnamates,1,72,0.013889,False,False
2025-11,sunscreen,cobalt,1,72,0.013889,False,False
2025-11,sunscreen,color,1,72,0.013889,False,False
2025-11,sunscreen,color perception,1,72,0.013889,False,False
2025-11,sunscreen,colorimetry,1,72,0.013889,False,False
2025-11,sunscreen,coloring agents,1,72,0.013889,False,False
2025-11,sunscreen,cosmetics,1,72,0.013889,False,False
2025-11,sunscreen,coumaric acids,1,72,0.013889,False,False
2025-11,sunscreen,counterfeit drugs,1,72,0.013889,False,False
2025-11,sunscreen,"crops, agricultural",1,72,0.013889,False,False
2025-11,sunscreen,cyclooxygenase 2,1,72,0.013889,False,False
2025-11,sunscreen,dendrobium,1,72,0.013889,False,False
2025-11,sunscreen,dermatologists,1,72,0.013889,False,False
2025-11,sunscreen,"diet, high-fat",1,72,0.013889,False,False
2025-11,sunscreen,dietary supplements,1,72,0.013889,False,False
2025-11,sunscreen,dna repair,1,72,0.013889,False,False
2025-11,sunscreen,"dose-response relationship, drug",1,72,0.013889,False,False
2025-11,sunscreen,"drug evaluation, preclinical",1,72,0.013889,False,False
2025-11,sunscreen,"embryo, nonmammalian",1,72,0.013889,False,False
2025-11,sunscreen,emollients,1,72,0.013889,False,False
2025-11,sunscreen,endophytes,1,72,0.013889,False,False
2025-11,sunscreen,endoplasmic reticulum,1,72,0.013889,False,False
2025-11,sunscreen,energy metabolism,1,72,0.013889,False,False
2025-11,sunscreen,environmental monitoring,1,72,0.013889,False,False
2025-11,sunscreen,erythema,1,72,0.013889,False,False
2025-11,sunscreen,escherichia coli,1,72,0.013889,False,False
2025-11,sunscreen,europe,1,72,0.013889,False,False
2025-11,sunscreen,"evolution, molecular",1,72,0.013889,False,False
2025-11,sunscreen,exobiology,1,72,0.013889,False,False
2025-11,sunscreen,extraterrestrial environment,1,72,0.013889,False,False
2025-11,sunscreen,face,1,72,0.013889,False,False
2025-11,sunscreen,ferric compounds,1,72,0.013889,False,False
2025-11,sunscreen,fish proteins,1,72,0.013889,False,False
2025-11,sunscreen,fluorouracil,1,72,0.013889,False,False
2025-11,sunscreen,food irradiation,1,72,0.013889,False,False
2025-11,sunscreen,food packaging,1,72,0.013889,False,False
2025-11,sunscreen,food preservation,1,72,0.013889,False,False
2025-11,sunscreen,food safety,1,72,0.013889,False,False
2025-11,sunscreen,gadolinium,1,72,0.013889,False,False
2025-11,sunscreen,gene expression profiling,1,72,0.013889,False,False
2025-11,sunscreen,gene expression regulation,1,72,0.013889,False,False
2025-11,sunscreen,genomics,1,72,0.013889,False,False
2025-11,sunscreen,geologic sediments,1,72,0.013889,False,False
2025-11,sunscreen,gonads,1,72,0.013889,False,False
2025-11,sunscreen,hair diseases,1,72,0.013889,False,False
2025-11,sunscreen,health education,1,72,0.013889,False,False
2025-11,sunscreen,health personnel,1,72,0.013889,False,False
2025-11,sunscreen,health promotion,1,72,0.013889,False,False
2025-11,sunscreen,healthy volunteers,1,72,0.013889,False,False
2025-11,sunscreen,heme oxygenase-1,1,72,0.013889,False,False
2025-11,sunscreen,hep g2 cells,1,72,0.013889,False,False
2025-11,sunscreen,hydroquinones,1,72,0.013889,False,False
2025-11,sunscreen,hydroxides,1,72,0.013889,False,False
2025-11,sunscreen,hyperpigmentation,1,72,0.013889,False,False
2025-11,sunscreen,hyphomicrobiaceae,1,72,0.013889,False,False
2025-11,sunscreen,indoles,1,72,0.013889,False,False
2025-11,sunscreen,interviews as topic,1,72,0.013889,False,False
2025-11,sunscreen,ions,1,72,0.013889,False,False
2025-11,sunscreen,iron,1,72,0.013889,False,False
2025-11,sunscreen,kaolin,1,72,0.013889,False,False
2025-11,sunscreen,kelch-like ech-associated protein 1,1,72,0.013889,False,False
2025-11,sunscreen,keratinocytes,1,72,0.013889,False,False
2025-11,sunscreen,"keratosis, actinic",1,72,0.013889,False,False
2025-11,sunscreen,lakes,1,72,0.013889,False,False
2025-11,sunscreen,macrophages,1,72,0.013889,False,False
2025-11,sunscreen,malvaceae,1,72,0.013889,False,False
2025-11,sunscreen,"mammary neoplasms, experimental",1,72,0.013889,False,False
2025-11,sunscreen,mars,1,72,0.013889,False,False
2025-11,sunscreen,meat,1,72,0.013889,False,False
2025-11,sunscreen,medical oncology,1,72,0.013889,False,False
2025-11,sunscreen,melanins,1,72,0.013889,False,False
2025-11,sunscreen,melanoma,1,72,0.013889,False,False
2025-11,sunscreen,melanosis,1,72,0.013889,False,False
2025-11,sunscreen,"membrane potential, mitochondrial",1,72,0.013889,False,False
2025-11,sunscreen,mesenchymal stem cells,1,72,0.013889,False,False
2025-11,sunscreen,metals,1,72,0.013889,False,False
2025-11,sunscreen,methacrylates,1,72,0.013889,False,False
2025-11,sunscreen,methionine,1,72,0.013889,False,False
2025-11,sunscreen,"mice, inbred c57bl",1,72,0.013889,False,False
2025-11,sunscreen,microalgae,1,72,0.013889,False,False
2025-11,sunscreen,microfluidics,1,72,0.013889,False,False
2025-11,sunscreen,"microsomes, liver",1,72,0.013889,False,False
2025-11,sunscreen,microwaves,1,72,0.013889,False,False
2025-11,sunscreen,mitochondria,1,72,0.013889,False,False
2025-11,sunscreen,"models, biological",1,72,0.013889,False,False
2025-11,sunscreen,"models, theoretical",1,72,0.013889,False,False
2025-11,sunscreen,molecular structure,1,72,0.013889,False,False
2025-11,sunscreen,monophenol monooxygenase,1,72,0.013889,False,False
2025-11,sunscreen,mutation,1,72,0.013889,False,False
2025-11,sunscreen,nails,1,72,0.013889,False,False
2025-11,sunscreen,neoplasms,1,72,0.013889,False,False
2025-11,sunscreen,"neoplasms, radiation-induced",1,72,0.013889,False,False
2025-11,sunscreen,"neural networks, computer",1,72,0.013889,False,False
2025-11,sunscreen,nf-kappa b,1,72,0.013889,False,False
2025-11,sunscreen,niacinamide,1,72,0.013889,False,False
2025-11,sunscreen,nitric oxide synthase type ii,1,72,0.013889,False,False
2025-11,sunscreen,obesity,1,72,0.013889,False,False
2025-11,sunscreen,odorants,1,72,0.013889,False,False
2025-11,sunscreen,oryza,1,72,0.013889,False,False
2025-11,sunscreen,parabens,1,72,0.013889,False,False
2025-11,sunscreen,particle size,1,72,0.013889,False,False
2025-11,sunscreen,patch tests,1,72,0.013889,False,False
2025-11,sunscreen,patient satisfaction,1,72,0.013889,False,False
2025-11,sunscreen,perciformes,1,72,0.013889,False,False
2025-11,sunscreen,permeability,1,72,0.013889,False,False
2025-11,sunscreen,phenotype,1,72,0.013889,False,False
2025-11,sunscreen,phosphorylation,1,72,0.013889,False,False
2025-11,sunscreen,photolysis,1,72,0.013889,False,False
2025-11,sunscreen,photosystem i protein complex,1,72,0.013889,False,False
2025-11,sunscreen,phthalimides,1,72,0.013889,False,False
2025-11,sunscreen,phycocyanin,1,72,0.013889,False,False
2025-11,sunscreen,phyllanthus emblica,1,72,0.013889,False,False
2025-11,sunscreen,picrates,1,72,0.013889,False,False
2025-11,sunscreen,plant bark,1,72,0.013889,False,False
2025-11,sunscreen,plant epidermis,1,72,0.013889,False,False
2025-11,sunscreen,plant shoots,1,72,0.013889,False,False
2025-11,sunscreen,plants,1,72,0.013889,False,False
2025-11,sunscreen,"plants, genetically modified",1,72,0.013889,False,False
2025-11,sunscreen,plastids,1,72,0.013889,False,False
2025-11,sunscreen,poaceae,1,72,0.013889,False,False
2025-11,sunscreen,polyesters,1,72,0.013889,False,False
2025-11,sunscreen,polyethylene glycols,1,72,0.013889,False,False
2025-11,sunscreen,polypodium,1,72,0.013889,False,False
2025-11,sunscreen,polysaccharides,1,72,0.013889,False,False
2025-11,sunscreen,ppar gamma,1,72,0.013889,False,False
2025-11,sunscreen,precision medicine,1,72,0.013889,False,False
2025-11,sunscreen,propiophenones,1,72,0.013889,False,False
2025-11,sunscreen,pseudomonas,1,72,0.013889,False,False
2025-11,sunscreen,qualitative research,1,72,0.013889,False,False
2025-11,sunscreen,quality control,1,72,0.013889,False,False
2025-11,sunscreen,randomized controlled trials as topic,1,72,0.013889,False,False
2025-11,sunscreen,raw 264.7 cells,1,72,0.013889,False,False
2025-11,sunscreen,"receptors, estrogen",1,72,0.013889,False,False
2025-11,sunscreen,retinoids,1,72,0.013889,False,False
2025-11,sunscreen,rhodobacter sphaeroides,1,72,0.013889,False,False
2025-11,sunscreen,rhodospirillum rubrum,1,72,0.013889,False,False
2025-11,sunscreen,riboflavin,1,72,0.013889,False,False
2025-11,sunscreen,"rna, messenger",1,72,0.013889,False,False
2025-11,sunscreen,saccharomyces cerevisiae,1,72,0.013889,False,False
2025-11,sunscreen,scenedesmus,1,72,0.013889,False,False
2025-11,sunscreen,seedlings,1,72,0.013889,False,False
2025-11,sunscreen,signal transduction,1,72,0.013889,False,False
2025-11,sunscreen,skin absorption,1,72,0.013889,False,False
2025-11,sunscreen,skin diseases,1,72,0.013889,False,False
2025-11,sunscreen,social media,1,72,0.013889,False,False
2025-11,sunscreen,solanum lycopersicum,1,72,0.013889,False,False
2025-11,sunscreen,"spectroscopy, fourier transform infrared",1,72,0.013889,False,False
2025-11,sunscreen,spectrum analysis,1,72,0.013889,False,False
2025-11,sunscreen,"spectrum analysis, raman",1,72,0.013889,False,False
2025-11,sunscreen,spirulina,1,72,0.013889,False,False
2025-11,sunscreen,students,1,72,0.013889,False,False
2025-11,sunscreen,sulfonic acids,1,72,0.013889,False,False
2025-11,sunscreen,taste,1,72,0.013889,False,False
2025-11,sunscreen,textiles,1,72,0.013889,False,False
2025-11,sunscreen,tilapia,1,72,0.013889,False,False
2025-11,sunscreen,titanium,1,72,0.013889,False,False
2025-11,sunscreen,tranexamic acid,1,72,0.013889,False,False
2025-11,sunscreen,transcriptome,1,72,0.013889,False,False
2025-11,sunscreen,tumor microenvironment,1,72,0.013889,False,False
2025-11,sunscreen,united arab emirates,1,72,0.013889,False,False
2025-11,sunscreen,universities,1,72,0.013889,False,False
2025-11,sunscreen,vitamin d,1,72,0.013889,False,False
2025-11,sunscreen,vitamin d deficiency,1,72,0.013889,False,False
2025-11,sunscreen,vitis,1,72,0.013889,False,False
2025-11,sunscreen,volatile organic compounds,1,72,0.013889,False,False
2025-11,sunscreen,wastewater,1,72,0.013889,False,False
2025-11,sunscreen,water,1,72,0.013889,False,False
2025-11,sunscreen,water purification,1,72,0.013889,False,False
2025-11,sunscreen,wine,1,72,0.013889,False,False
2025-11,sunscreen,wool,1,72,0.013889,False,False
2025-11,sunscreen,xanthophylls,1,72,0.013889,False,False
2025-11,sunscreen,zeaxanthins,1,72,0.013889,False,False
2025-11,sunscreen,zebrafish,1,72,0.013889,False,False
2025-12,sunscreen,humans,27,65,0.415385,False,False
2025-12,sunscreen,sunscreening agents,19,65,0.292308,False,False
2025-12,sunscreen,ultraviolet rays,14,65,0.215385,False,False
2025-12,sunscreen,animals,11,65,0.169231,False,False
2025-12,sunscreen,female,11,65,0.169231,False,False
2025-12,sunscreen,antioxidants,10,65,0.153846,False,False
2025-12,sunscreen,male,10,65,0.153846,False,False
2025-12,sunscreen,skin,9,65,0.138462,False,False
2025-12,sunscreen,adult,8,65,0.123077,False,False
2025-12,sunscreen,oxidative stress,5,65,0.076923,False,False
2025-12,sunscreen,"water pollutants, chemical",5,65,0.076923,False,False
2025-12,sunscreen,young adult,5,65,0.076923,False,False
2025-12,sunscreen,aged,4,65,0.061538,False,False
2025-12,sunscreen,benzophenones,4,65,0.061538,False,False
2025-12,sunscreen,chlorophyll,4,65,0.061538,False,False
2025-12,sunscreen,middle aged,4,65,0.061538,False,False
2025-12,sunscreen,skin neoplasms,4,65,0.061538,False,False
2025-12,sunscreen,cross-sectional studies,3,65,0.046154,False,False
2025-12,sunscreen,"health knowledge, attitudes, practice",3,65,0.046154,False,False
2025-12,sunscreen,keratinocytes,3,65,0.046154,False,False
2025-12,sunscreen,light-harvesting protein complexes,3,65,0.046154,False,False
2025-12,sunscreen,melanins,3,65,0.046154,False,False
2025-12,sunscreen,monophenol monooxygenase,3,65,0.046154,False,False
2025-12,sunscreen,nanoparticles,3,65,0.046154,False,False
2025-12,sunscreen,photosynthesis,3,65,0.046154,False,False
2025-12,sunscreen,plant extracts,3,65,0.046154,False,False
2025-12,sunscreen,plant leaves,3,65,0.046154,False,False
2025-12,sunscreen,"stress, physiological",3,65,0.046154,False,False
2025-12,sunscreen,sun protection factor,3,65,0.046154,False,False
2025-12,sunscreen,sunlight,3,65,0.046154,False,False
2025-12,sunscreen,"administration, cutaneous",2,65,0.030769,False,False
2025-12,sunscreen,anti-bacterial agents,2,65,0.030769,False,False
2025-12,sunscreen,antineoplastic agents,2,65,0.030769,False,False
2025-12,sunscreen,bacterial proteins,2,65,0.030769,False,False
2025-12,sunscreen,camphor,2,65,0.030769,False,False
2025-12,sunscreen,chemical fractionation,2,65,0.030769,False,False
2025-12,sunscreen,child,2,65,0.030769,False,False
2025-12,sunscreen,child development,2,65,0.030769,False,False
2025-12,sunscreen,"child, preschool",2,65,0.030769,False,False
2025-12,sunscreen,"chromatography, high pressure liquid",2,65,0.030769,False,False
2025-12,sunscreen,"chromatography, liquid",2,65,0.030769,False,False
2025-12,sunscreen,cosmetics,2,65,0.030769,False,False
2025-12,sunscreen,cyanobacteria,2,65,0.030769,False,False
2025-12,sunscreen,dermatology,2,65,0.030769,False,False
2025-12,sunscreen,droughts,2,65,0.030769,False,False
2025-12,sunscreen,energy transfer,2,65,0.030769,False,False
2025-12,sunscreen,germination,2,65,0.030769,False,False
2025-12,sunscreen,hacat cells,2,65,0.030769,False,False
2025-12,sunscreen,hydrogels,2,65,0.030769,False,False
2025-12,sunscreen,iron,2,65,0.030769,False,False
2025-12,sunscreen,light,2,65,0.030769,False,False
2025-12,sunscreen,lignin,2,65,0.030769,False,False
2025-12,sunscreen,mice,2,65,0.030769,False,False
2025-12,sunscreen,molecular docking simulation,2,65,0.030769,False,False
2025-12,sunscreen,neoplasms,2,65,0.030769,False,False
2025-12,sunscreen,photosensitivity disorders,2,65,0.030769,False,False
2025-12,sunscreen,photosystem i protein complex,2,65,0.030769,False,False
2025-12,sunscreen,photosystem ii protein complex,2,65,0.030769,False,False
2025-12,sunscreen,plant roots,2,65,0.030769,False,False
2025-12,sunscreen,reactive oxygen species,2,65,0.030769,False,False
2025-12,sunscreen,signal transduction,2,65,0.030769,False,False
2025-12,sunscreen,skin pigmentation,2,65,0.030769,False,False
2025-12,sunscreen,superoxide dismutase,2,65,0.030769,False,False
2025-12,sunscreen,surveys and questionnaires,2,65,0.030769,False,False
2025-12,sunscreen,synechocystis,2,65,0.030769,False,False
2025-12,sunscreen,tandem mass spectrometry,2,65,0.030769,False,False
2025-12,sunscreen,vitamin d,2,65,0.030769,False,False
2025-12,sunscreen,acacia,1,65,0.015385,False,False
2025-12,sunscreen,"administration, topical",1,65,0.015385,False,False
2025-12,sunscreen,adolescent,1,65,0.015385,False,False
2025-12,sunscreen,adrenal cortex hormones,1,65,0.015385,False,False
2025-12,sunscreen,aging,1,65,0.015385,False,False
2025-12,sunscreen,agriculture,1,65,0.015385,False,False
2025-12,sunscreen,alkalies,1,65,0.015385,False,False
2025-12,sunscreen,amino acids,1,65,0.015385,False,False
2025-12,sunscreen,anthocyanins,1,65,0.015385,False,False
2025-12,sunscreen,anti-allergic agents,1,65,0.015385,False,False
2025-12,sunscreen,anti-inflammatory agents,1,65,0.015385,False,False
2025-12,sunscreen,antifungal agents,1,65,0.015385,False,False
2025-12,sunscreen,antineoplastic combined chemotherapy protocols,1,65,0.015385,False,False
2025-12,sunscreen,australia,1,65,0.015385,False,False
2025-12,sunscreen,bacillus subtilis,1,65,0.015385,False,False
2025-12,sunscreen,bacteria,1,65,0.015385,False,False
2025-12,sunscreen,benzoquinones,1,65,0.015385,False,False
2025-12,sunscreen,bicarbonates,1,65,0.015385,False,False
2025-12,sunscreen,binding sites,1,65,0.015385,False,False
2025-12,sunscreen,biological products,1,65,0.015385,False,False
2025-12,sunscreen,biomarkers,1,65,0.015385,False,False
2025-12,sunscreen,biomass,1,65,0.015385,False,False
2025-12,sunscreen,biomimetics,1,65,0.015385,False,False
2025-12,sunscreen,biosynthetic pathways,1,65,0.015385,False,False
2025-12,sunscreen,carbohydrate metabolism,1,65,0.015385,False,False
2025-12,sunscreen,carnosine,1,65,0.015385,False,False
2025-12,sunscreen,carotenoids,1,65,0.015385,False,False
2025-12,sunscreen,catalase,1,65,0.015385,False,False
2025-12,sunscreen,cattle,1,65,0.015385,False,False
2025-12,sunscreen,causality,1,65,0.015385,False,False
2025-12,sunscreen,"cell line, tumor",1,65,0.015385,False,False
2025-12,sunscreen,cell nucleus,1,65,0.015385,False,False
2025-12,sunscreen,cell survival,1,65,0.015385,False,False
2025-12,sunscreen,charcoal,1,65,0.015385,False,False
2025-12,sunscreen,"chemotherapy, adjuvant",1,65,0.015385,False,False
2025-12,sunscreen,china,1,65,0.015385,False,False
2025-12,sunscreen,chlorophyta,1,65,0.015385,False,False
2025-12,sunscreen,climate change,1,65,0.015385,False,False
2025-12,sunscreen,cognition,1,65,0.015385,False,False
2025-12,sunscreen,colforsin,1,65,0.015385,False,False
2025-12,sunscreen,colorimetry,1,65,0.015385,False,False
2025-12,sunscreen,concept formation,1,65,0.015385,False,False
2025-12,sunscreen,consensus,1,65,0.015385,False,False
2025-12,sunscreen,coumaric acids,1,65,0.015385,False,False
2025-12,sunscreen,coumarins,1,65,0.015385,False,False
2025-12,sunscreen,cricetinae,1,65,0.015385,False,False
2025-12,sunscreen,cytoprotection,1,65,0.015385,False,False
2025-12,sunscreen,delphi technique,1,65,0.015385,False,False
2025-12,sunscreen,dermatologic surgical procedures,1,65,0.015385,False,False
2025-12,sunscreen,diet,1,65,0.015385,False,False
2025-12,sunscreen,dinoflagellida,1,65,0.015385,False,False
2025-12,sunscreen,dna damage,1,65,0.015385,False,False
2025-12,sunscreen,dolichols,1,65,0.015385,False,False
2025-12,sunscreen,drinking water,1,65,0.015385,False,False
2025-12,sunscreen,drought resistance,1,65,0.015385,False,False
2025-12,sunscreen,drug delivery systems,1,65,0.015385,False,False
2025-12,sunscreen,drug eruptions,1,65,0.015385,False,False
2025-12,sunscreen,"drug therapy, combination",1,65,0.015385,False,False
2025-12,sunscreen,ecotoxicology,1,65,0.015385,False,False
2025-12,sunscreen,electron transport,1,65,0.015385,False,False
2025-12,sunscreen,endocrine disruptors,1,65,0.015385,False,False
2025-12,sunscreen,ethanol,1,65,0.015385,False,False
2025-12,sunscreen,fibroblasts,1,65,0.015385,False,False
2025-12,sunscreen,film dosimetry,1,65,0.015385,False,False
2025-12,sunscreen,flavonoids,1,65,0.015385,False,False
2025-12,sunscreen,flowers,1,65,0.015385,False,False
2025-12,sunscreen,"gene expression regulation, plant",1,65,0.015385,False,False
2025-12,sunscreen,gibberellins,1,65,0.015385,False,False
2025-12,sunscreen,glutamic acid,1,65,0.015385,False,False
2025-12,sunscreen,glutathione,1,65,0.015385,False,False
2025-12,sunscreen,goldfish,1,65,0.015385,False,False
2025-12,sunscreen,hair,1,65,0.015385,False,False
2025-12,sunscreen,hair color,1,65,0.015385,False,False
2025-12,sunscreen,hair dyes,1,65,0.015385,False,False
2025-12,sunscreen,hair follicle,1,65,0.015385,False,False
2025-12,sunscreen,hemolysis,1,65,0.015385,False,False
2025-12,sunscreen,"hospitals, public",1,65,0.015385,False,False
2025-12,sunscreen,hot springs,1,65,0.015385,False,False
2025-12,sunscreen,hot temperature,1,65,0.015385,False,False
2025-12,sunscreen,hydrogen bonding,1,65,0.015385,False,False
2025-12,sunscreen,hydrogen peroxide,1,65,0.015385,False,False
2025-12,sunscreen,hydrogen-ion concentration,1,65,0.015385,False,False
2025-12,sunscreen,hyperpigmentation,1,65,0.015385,False,False
2025-12,sunscreen,immune checkpoint inhibitors,1,65,0.015385,False,False
2025-12,sunscreen,immunocompromised host,1,65,0.015385,False,False
2025-12,sunscreen,india,1,65,0.015385,False,False
2025-12,sunscreen,indoles,1,65,0.015385,False,False
2025-12,sunscreen,infant,1,65,0.015385,False,False
2025-12,sunscreen,intermediate filaments,1,65,0.015385,False,False
2025-12,sunscreen,iran,1,65,0.015385,False,False
2025-12,sunscreen,keratin-5,1,65,0.015385,False,False
2025-12,sunscreen,kynurenine,1,65,0.015385,False,False
2025-12,sunscreen,"lens, crystalline",1,65,0.015385,False,False
2025-12,sunscreen,lipid peroxidation,1,65,0.015385,False,False
2025-12,sunscreen,lipids,1,65,0.015385,False,False
2025-12,sunscreen,liposomes,1,65,0.015385,False,False
2025-12,sunscreen,liquid chromatography-mass spectrometry,1,65,0.015385,False,False
2025-12,sunscreen,liver,1,65,0.015385,False,False
2025-12,sunscreen,locomotion,1,65,0.015385,False,False
2025-12,sunscreen,longitudinal studies,1,65,0.015385,False,False
2025-12,sunscreen,macromolecular substances,1,65,0.015385,False,False
2025-12,sunscreen,magnetic resonance spectroscopy,1,65,0.015385,False,False
2025-12,sunscreen,malondialdehyde,1,65,0.015385,False,False
2025-12,sunscreen,map kinase signaling system,1,65,0.015385,False,False
2025-12,sunscreen,mass spectrometry,1,65,0.015385,False,False
2025-12,sunscreen,maternal exposure,1,65,0.015385,False,False
2025-12,sunscreen,melanoma,1,65,0.015385,False,False
2025-12,sunscreen,"melanoma, experimental",1,65,0.015385,False,False
2025-12,sunscreen,melanosis,1,65,0.015385,False,False
2025-12,sunscreen,metabolomics,1,65,0.015385,False,False
2025-12,sunscreen,"mice, inbred c57bl",1,65,0.015385,False,False
2025-12,sunscreen,microbial sensitivity tests,1,65,0.015385,False,False
2025-12,sunscreen,microbiota,1,65,0.015385,False,False
2025-12,sunscreen,microphthalmia-associated transcription factor,1,65,0.015385,False,False
2025-12,sunscreen,microplastics,1,65,0.015385,False,False
2025-12,sunscreen,"microscopy, atomic force",1,65,0.015385,False,False
2025-12,sunscreen,microtubules,1,65,0.015385,False,False
2025-12,sunscreen,"models, molecular",1,65,0.015385,False,False
2025-12,sunscreen,molecular structure,1,65,0.015385,False,False
2025-12,sunscreen,mutation,1,65,0.015385,False,False
2025-12,sunscreen,"neoplasm recurrence, local",1,65,0.015385,False,False
2025-12,sunscreen,neoplasm staging,1,65,0.015385,False,False
2025-12,sunscreen,nf-e2-related factor 2,1,65,0.015385,False,False
2025-12,sunscreen,nf-kappa b,1,65,0.015385,False,False
2025-12,sunscreen,nicotiana,1,65,0.015385,False,False
2025-12,sunscreen,omalizumab,1,65,0.015385,False,False
2025-12,sunscreen,phenols,1,65,0.015385,False,False
2025-12,sunscreen,photothermal therapy,1,65,0.015385,False,False
2025-12,sunscreen,phycobilisomes,1,65,0.015385,False,False
2025-12,sunscreen,phytochemicals,1,65,0.015385,False,False
2025-12,sunscreen,planarians,1,65,0.015385,False,False
2025-12,sunscreen,plant growth regulators,1,65,0.015385,False,False
2025-12,sunscreen,plant proteins,1,65,0.015385,False,False
2025-12,sunscreen,plants,1,65,0.015385,False,False
2025-12,sunscreen,"plants, genetically modified",1,65,0.015385,False,False
2025-12,sunscreen,plastids,1,65,0.015385,False,False
2025-12,sunscreen,plastoquinone,1,65,0.015385,False,False
2025-12,sunscreen,poaceae,1,65,0.015385,False,False
2025-12,sunscreen,polymerization,1,65,0.015385,False,False
2025-12,sunscreen,polymers,1,65,0.015385,False,False
2025-12,sunscreen,polyphenols,1,65,0.015385,False,False
2025-12,sunscreen,polystyrenes,1,65,0.015385,False,False
2025-12,sunscreen,polyvinyl alcohol,1,65,0.015385,False,False
2025-12,sunscreen,populus,1,65,0.015385,False,False
2025-12,sunscreen,pregnancy,1,65,0.015385,False,False
2025-12,sunscreen,prenatal exposure delayed effects,1,65,0.015385,False,False
2025-12,sunscreen,prevalence,1,65,0.015385,False,False
2025-12,sunscreen,propiophenones,1,65,0.015385,False,False
2025-12,sunscreen,protective clothing,1,65,0.015385,False,False
2025-12,sunscreen,protein kinase inhibitors,1,65,0.015385,False,False
2025-12,sunscreen,quercetin,1,65,0.015385,False,False
2025-12,sunscreen,quinones,1,65,0.015385,False,False
2025-12,sunscreen,retina,1,65,0.015385,False,False
2025-12,sunscreen,risk factors,1,65,0.015385,False,False
2025-12,sunscreen,"rna, ribosomal, 16s",1,65,0.015385,False,False
2025-12,sunscreen,salinity,1,65,0.015385,False,False
2025-12,sunscreen,sciuridae,1,65,0.015385,False,False
2025-12,sunscreen,seedlings,1,65,0.015385,False,False
2025-12,sunscreen,semantics,1,65,0.015385,False,False
2025-12,sunscreen,sentinel lymph node biopsy,1,65,0.015385,False,False
2025-12,sunscreen,"serum albumin, bovine",1,65,0.015385,False,False
2025-12,sunscreen,severity of illness index,1,65,0.015385,False,False
2025-12,sunscreen,skin absorption,1,65,0.015385,False,False
2025-12,sunscreen,skin aging,1,65,0.015385,False,False
2025-12,sunscreen,skin care,1,65,0.015385,False,False
2025-12,sunscreen,skin diseases,1,65,0.015385,False,False
2025-12,sunscreen,skin lightening preparations,1,65,0.015385,False,False
2025-12,sunscreen,skin microbiome,1,65,0.015385,False,False
2025-12,sunscreen,solid phase extraction,1,65,0.015385,False,False
2025-12,sunscreen,"spectrometry, fluorescence",1,65,0.015385,False,False
2025-12,sunscreen,staphylococcus aureus,1,65,0.015385,False,False
2025-12,sunscreen,stramenopiles,1,65,0.015385,False,False
2025-12,sunscreen,sunburn,1,65,0.015385,False,False
2025-12,sunscreen,survival rate,1,65,0.015385,False,False
2025-12,sunscreen,synechococcus,1,65,0.015385,False,False
2025-12,sunscreen,tannins,1,65,0.015385,False,False
2025-12,sunscreen,tertiary care centers,1,65,0.015385,False,False
2025-12,sunscreen,thailand,1,65,0.015385,False,False
2025-12,sunscreen,thermosynechococcus,1,65,0.015385,False,False
2025-12,sunscreen,titanium,1,65,0.015385,False,False
2025-12,sunscreen,transcription factor ap-1,1,65,0.015385,False,False
2025-12,sunscreen,triticum,1,65,0.015385,False,False
2025-12,sunscreen,ultrasonic waves,1,65,0.015385,False,False
2025-12,sunscreen,united states,1,65,0.015385,False,False
2025-12,sunscreen,urticaria,1,65,0.015385,False,False
2025-12,sunscreen,"urticaria, solar",1,65,0.015385,False,False
2025-12,sunscreen,video recording,1,65,0.015385,False,False
2025-12,sunscreen,vitamin d deficiency,1,65,0.015385,False,False
2025-12,sunscreen,vitex,1,65,0.015385,False,False
2025-12,sunscreen,wood,1,65,0.015385,False,False
2025-12,sunscreen,wound healing,1,65,0.015385,False,False
2025-12,sunscreen,xanthones,1,65,0.015385,False,False
2025-12,sunscreen,xanthophylls,1,65,0.015385,False,False
2025-12,sunscreen,zinc oxide,1,65,0.015385,False,False
2025-12,sunscreen,zosteraceae,1,65,0.015385,False,False
2026-01,sunscreen,humans,44,114,0.385965,False,False
2026-01,sunscreen,sunscreening agents,27,114,0.236842,False,False
2026-01,sunscreen,ultraviolet rays,20,114,0.175439,False,False
2026-01,sunscreen,female,17,114,0.149123,False,False
2026-01,sunscreen,antioxidants,14,114,0.122807,False,False
2026-01,sunscreen,photosynthesis,14,114,0.122807,False,False
2026-01,sunscreen,adult,13,114,0.114035,False,False
2026-01,sunscreen,male,13,114,0.114035,False,False
2026-01,sunscreen,skin neoplasms,12,114,0.105263,False,False
2026-01,sunscreen,middle aged,10,114,0.087719,False,False
2026-01,sunscreen,animals,9,114,0.078947,False,False
2026-01,sunscreen,light,9,114,0.078947,False,False
2026-01,sunscreen,plant extracts,9,114,0.078947,False,False
2026-01,sunscreen,young adult,9,114,0.078947,False,False
2026-01,sunscreen,"health knowledge, attitudes, practice",8,114,0.070175,False,False
2026-01,sunscreen,skin,8,114,0.070175,False,False
2026-01,sunscreen,cross-sectional studies,7,114,0.061404,False,False
2026-01,sunscreen,oxidative stress,7,114,0.061404,False,False
2026-01,sunscreen,adolescent,6,114,0.052632,False,False
2026-01,sunscreen,melanoma,6,114,0.052632,False,False
2026-01,sunscreen,sunlight,6,114,0.052632,False,False
2026-01,sunscreen,chlorophyll,5,114,0.04386,False,False
2026-01,sunscreen,plant leaves,5,114,0.04386,False,False
2026-01,sunscreen,reactive oxygen species,5,114,0.04386,False,False
2026-01,sunscreen,sunburn,5,114,0.04386,False,False
2026-01,sunscreen,surveys and questionnaires,5,114,0.04386,False,False
2026-01,sunscreen,aged,4,114,0.035088,False,False
2026-01,sunscreen,cell survival,4,114,0.035088,False,False
2026-01,sunscreen,"gene expression regulation, plant",4,114,0.035088,False,False
2026-01,sunscreen,light-harvesting protein complexes,4,114,0.035088,False,False
2026-01,sunscreen,monophenol monooxygenase,4,114,0.035088,False,False
2026-01,sunscreen,photosystem ii protein complex,4,114,0.035088,False,False
2026-01,sunscreen,phytochemicals,4,114,0.035088,False,False
2026-01,sunscreen,skin aging,4,114,0.035088,False,False
2026-01,sunscreen,transcriptome,4,114,0.035088,False,False
2026-01,sunscreen,acclimatization,3,114,0.026316,False,False
2026-01,sunscreen,"adaptation, physiological",3,114,0.026316,False,False
2026-01,sunscreen,australia,3,114,0.026316,False,False
2026-01,sunscreen,"cell line, tumor",3,114,0.026316,False,False
2026-01,sunscreen,circadian rhythm,3,114,0.026316,False,False
2026-01,sunscreen,cosmetics,3,114,0.026316,False,False
2026-01,sunscreen,health behavior,3,114,0.026316,False,False
2026-01,sunscreen,hyperpigmentation,3,114,0.026316,False,False
2026-01,sunscreen,keratinocytes,3,114,0.026316,False,False
2026-01,sunscreen,melanins,3,114,0.026316,False,False
2026-01,sunscreen,risk factors,3,114,0.026316,False,False
2026-01,sunscreen,signal transduction,3,114,0.026316,False,False
2026-01,sunscreen,tandem mass spectrometry,3,114,0.026316,False,False
2026-01,sunscreen,"water pollutants, chemical",3,114,0.026316,False,False
2026-01,sunscreen,acrylates,2,114,0.017544,False,False
2026-01,sunscreen,anti-inflammatory agents,2,114,0.017544,False,False
2026-01,sunscreen,apoptosis,2,114,0.017544,False,False
2026-01,sunscreen,arabidopsis,2,114,0.017544,False,False
2026-01,sunscreen,arabidopsis proteins,2,114,0.017544,False,False
2026-01,sunscreen,biological products,2,114,0.017544,False,False
2026-01,sunscreen,biomass,2,114,0.017544,False,False
2026-01,sunscreen,biphenyl compounds,2,114,0.017544,False,False
2026-01,sunscreen,carotenoids,2,114,0.017544,False,False
2026-01,sunscreen,child,2,114,0.017544,False,False
2026-01,sunscreen,cinnamates,2,114,0.017544,False,False
2026-01,sunscreen,cold temperature,2,114,0.017544,False,False
2026-01,sunscreen,curriculum,2,114,0.017544,False,False
2026-01,sunscreen,dermoscopy,2,114,0.017544,False,False
2026-01,sunscreen,dna damage,2,114,0.017544,False,False
2026-01,sunscreen,face,2,114,0.017544,False,False
2026-01,sunscreen,fibroblasts,2,114,0.017544,False,False
2026-01,sunscreen,gene expression profiling,2,114,0.017544,False,False
2026-01,sunscreen,health education,2,114,0.017544,False,False
2026-01,sunscreen,health promotion,2,114,0.017544,False,False
2026-01,sunscreen,hyaluronoglucosaminidase,2,114,0.017544,False,False
2026-01,sunscreen,melanogenesis,2,114,0.017544,False,False
2026-01,sunscreen,melanosis,2,114,0.017544,False,False
2026-01,sunscreen,microalgae,2,114,0.017544,False,False
2026-01,sunscreen,micrornas,2,114,0.017544,False,False
2026-01,sunscreen,"models, molecular",2,114,0.017544,False,False
2026-01,sunscreen,molecular docking simulation,2,114,0.017544,False,False
2026-01,sunscreen,nanoparticles,2,114,0.017544,False,False
2026-01,sunscreen,phenols,2,114,0.017544,False,False
2026-01,sunscreen,plant proteins,2,114,0.017544,False,False
2026-01,sunscreen,retrospective studies,2,114,0.017544,False,False
2026-01,sunscreen,salicylates,2,114,0.017544,False,False
2026-01,sunscreen,schools,2,114,0.017544,False,False
2026-01,sunscreen,skin care,2,114,0.017544,False,False
2026-01,sunscreen,skin cream,2,114,0.017544,False,False
2026-01,sunscreen,skin diseases,2,114,0.017544,False,False
2026-01,sunscreen,skin pigmentation,2,114,0.017544,False,False
2026-01,sunscreen,species specificity,2,114,0.017544,False,False
2026-01,sunscreen,"stress, physiological",2,114,0.017544,False,False
2026-01,sunscreen,students,2,114,0.017544,False,False
2026-01,sunscreen,sun protection factor,2,114,0.017544,False,False
2026-01,sunscreen,thylakoids,2,114,0.017544,False,False
2026-01,sunscreen,"transcription, genetic",2,114,0.017544,False,False
2026-01,sunscreen,treatment outcome,2,114,0.017544,False,False
2026-01,sunscreen,xanthophylls,2,114,0.017544,False,False
2026-01,sunscreen,zea mays,2,114,0.017544,False,False
2026-01,sunscreen,acetylcholinesterase,1,114,0.008772,False,False
2026-01,sunscreen,acne vulgaris,1,114,0.008772,False,False
2026-01,sunscreen,age factors,1,114,0.008772,False,False
2026-01,sunscreen,algeria,1,114,0.008772,False,False
2026-01,sunscreen,alismatales,1,114,0.008772,False,False
2026-01,sunscreen,altitude,1,114,0.008772,False,False
2026-01,sunscreen,ananas,1,114,0.008772,False,False
2026-01,sunscreen,anthozoa,1,114,0.008772,False,False
2026-01,sunscreen,anti-bacterial agents,1,114,0.008772,False,False
2026-01,sunscreen,ascomycota,1,114,0.008772,False,False
2026-01,sunscreen,"asia, central",1,114,0.008772,False,False
2026-01,sunscreen,atp-binding cassette transporters,1,114,0.008772,False,False
2026-01,sunscreen,bacterial proteins,1,114,0.008772,False,False
2026-01,sunscreen,basal cell carcinoma,1,114,0.008772,False,False
2026-01,sunscreen,benzothiazoles,1,114,0.008772,False,False
2026-01,sunscreen,beta carotene,1,114,0.008772,False,False
2026-01,sunscreen,biomarkers,1,114,0.008772,False,False
2026-01,sunscreen,biopolymers,1,114,0.008772,False,False
2026-01,sunscreen,bombyx,1,114,0.008772,False,False
2026-01,sunscreen,butyrylcholinesterase,1,114,0.008772,False,False
2026-01,sunscreen,cacao,1,114,0.008772,False,False
2026-01,sunscreen,capsicum,1,114,0.008772,False,False
2026-01,sunscreen,carbon-oxygen lyases,1,114,0.008772,False,False
2026-01,sunscreen,"carcinoma, squamous cell",1,114,0.008772,False,False
2026-01,sunscreen,catechin,1,114,0.008772,False,False
2026-01,sunscreen,cell differentiation,1,114,0.008772,False,False
2026-01,sunscreen,cell line,1,114,0.008772,False,False
2026-01,sunscreen,centella,1,114,0.008772,False,False
2026-01,sunscreen,"child, preschool",1,114,0.008772,False,False
2026-01,sunscreen,china,1,114,0.008772,False,False
2026-01,sunscreen,chlamydomonas reinhardtii,1,114,0.008772,False,False
2026-01,sunscreen,chlorella,1,114,0.008772,False,False
2026-01,sunscreen,chloroplasts,1,114,0.008772,False,False
2026-01,sunscreen,cholinesterase inhibitors,1,114,0.008772,False,False
2026-01,sunscreen,"chromatography, gel",1,114,0.008772,False,False
2026-01,sunscreen,"chromatography, liquid",1,114,0.008772,False,False
2026-01,sunscreen,"chromatography, supercritical fluid",1,114,0.008772,False,False
2026-01,sunscreen,climate change,1,114,0.008772,False,False
2026-01,sunscreen,collagen,1,114,0.008772,False,False
2026-01,sunscreen,colombia,1,114,0.008772,False,False
2026-01,sunscreen,color,1,114,0.008772,False,False
2026-01,sunscreen,"contact lenses, hydrophilic",1,114,0.008772,False,False
2026-01,sunscreen,coptis,1,114,0.008772,False,False
2026-01,sunscreen,cornea,1,114,0.008772,False,False
2026-01,sunscreen,corneal cross-linking,1,114,0.008772,False,False
2026-01,sunscreen,corneal pachymetry,1,114,0.008772,False,False
2026-01,sunscreen,corneal topography,1,114,0.008772,False,False
2026-01,sunscreen,cosmeceuticals,1,114,0.008772,False,False
2026-01,sunscreen,"crops, agricultural",1,114,0.008772,False,False
2026-01,sunscreen,croton,1,114,0.008772,False,False
2026-01,sunscreen,cryoelectron microscopy,1,114,0.008772,False,False
2026-01,sunscreen,cryopreservation,1,114,0.008772,False,False
2026-01,sunscreen,cryoprotective agents,1,114,0.008772,False,False
2026-01,sunscreen,culture media,1,114,0.008772,False,False
2026-01,sunscreen,"dermatitis, allergic contact",1,114,0.008772,False,False
2026-01,sunscreen,dermatology,1,114,0.008772,False,False
2026-01,sunscreen,"diagnosis, differential",1,114,0.008772,False,False
2026-01,sunscreen,diatoms,1,114,0.008772,False,False
2026-01,sunscreen,dietary supplements,1,114,0.008772,False,False
2026-01,sunscreen,dihydroxyacetone,1,114,0.008772,False,False
2026-01,sunscreen,dinoflagellida,1,114,0.008772,False,False
2026-01,sunscreen,dna methylation,1,114,0.008772,False,False
2026-01,sunscreen,drug stability,1,114,0.008772,False,False
2026-01,sunscreen,early detection of cancer,1,114,0.008772,False,False
2026-01,sunscreen,edema,1,114,0.008772,False,False
2026-01,sunscreen,electron transport,1,114,0.008772,False,False
2026-01,sunscreen,emulsions,1,114,0.008772,False,False
2026-01,sunscreen,energy transfer,1,114,0.008772,False,False
2026-01,sunscreen,environmental monitoring,1,114,0.008772,False,False
2026-01,sunscreen,epidermis,1,114,0.008772,False,False
2026-01,sunscreen,"epigenesis, genetic",1,114,0.008772,False,False
2026-01,sunscreen,estrogen replacement therapy,1,114,0.008772,False,False
2026-01,sunscreen,estrogens,1,114,0.008772,False,False
2026-01,sunscreen,euglena gracilis,1,114,0.008772,False,False
2026-01,sunscreen,extracellular vesicles,1,114,0.008772,False,False
2026-01,sunscreen,eye diseases,1,114,0.008772,False,False
2026-01,sunscreen,facial dermatoses,1,114,0.008772,False,False
2026-01,sunscreen,"factor analysis, statistical",1,114,0.008772,False,False
2026-01,sunscreen,farmers,1,114,0.008772,False,False
2026-01,sunscreen,flavobacterium,1,114,0.008772,False,False
2026-01,sunscreen,flavonoids,1,114,0.008772,False,False
2026-01,sunscreen,flowers,1,114,0.008772,False,False
2026-01,sunscreen,fluorescence,1,114,0.008772,False,False
2026-01,sunscreen,follow-up studies,1,114,0.008772,False,False
2026-01,sunscreen,freezing,1,114,0.008772,False,False
2026-01,sunscreen,functional food,1,114,0.008772,False,False
2026-01,sunscreen,game theory,1,114,0.008772,False,False
2026-01,sunscreen,gas chromatography-mass spectrometry,1,114,0.008772,False,False
2026-01,sunscreen,gene deletion,1,114,0.008772,False,False
2026-01,sunscreen,gene expression regulation,1,114,0.008772,False,False
2026-01,sunscreen,"gene expression regulation, bacterial",1,114,0.008772,False,False
2026-01,sunscreen,genotype,1,114,0.008772,False,False
2026-01,sunscreen,geography,1,114,0.008772,False,False
2026-01,sunscreen,germany,1,114,0.008772,False,False
2026-01,sunscreen,germination,1,114,0.008772,False,False
2026-01,sunscreen,ginsenosides,1,114,0.008772,False,False
2026-01,sunscreen,glutathione,1,114,0.008772,False,False
2026-01,sunscreen,hair preparations,1,114,0.008772,False,False
2026-01,sunscreen,health services accessibility,1,114,0.008772,False,False
2026-01,sunscreen,hemolysis,1,114,0.008772,False,False
2026-01,sunscreen,himalayas,1,114,0.008772,False,False
2026-01,sunscreen,hippophae,1,114,0.008772,False,False
2026-01,sunscreen,histones,1,114,0.008772,False,False
2026-01,sunscreen,hormone replacement therapy,1,114,0.008772,False,False
2026-01,sunscreen,"hospitals, university",1,114,0.008772,False,False
2026-01,sunscreen,hydroquinones,1,114,0.008772,False,False
2026-01,sunscreen,immunocompromised host,1,114,0.008772,False,False
2026-01,sunscreen,immunoconjugates,1,114,0.008772,False,False
2026-01,sunscreen,immunosuppression therapy,1,114,0.008772,False,False
2026-01,sunscreen,immunosuppressive agents,1,114,0.008772,False,False
2026-01,sunscreen,immunotherapy,1,114,0.008772,False,False
2026-01,sunscreen,"in situ hybridization, fluorescence",1,114,0.008772,False,False
2026-01,sunscreen,incidence,1,114,0.008772,False,False
2026-01,sunscreen,indian ocean,1,114,0.008772,False,False
2026-01,sunscreen,indoles,1,114,0.008772,False,False
2026-01,sunscreen,indonesia,1,114,0.008772,False,False
2026-01,sunscreen,inflammation,1,114,0.008772,False,False
2026-01,sunscreen,interviews as topic,1,114,0.008772,False,False
2026-01,sunscreen,italy,1,114,0.008772,False,False
2026-01,sunscreen,janus kinases,1,114,0.008772,False,False
2026-01,sunscreen,keratoconus,1,114,0.008772,False,False
2026-01,sunscreen,laser therapy,1,114,0.008772,False,False
2026-01,sunscreen,"leukocytes, mononuclear",1,114,0.008772,False,False
2026-01,sunscreen,lichens,1,114,0.008772,False,False
2026-01,sunscreen,life style,1,114,0.008772,False,False
2026-01,sunscreen,liquid chromatography-mass spectrometry,1,114,0.008772,False,False
2026-01,sunscreen,"lupus erythematosus, cutaneous",1,114,0.008772,False,False
2026-01,sunscreen,"lupus erythematosus, systemic",1,114,0.008772,False,False
2026-01,sunscreen,lutein,1,114,0.008772,False,False
2026-01,sunscreen,lysimachia,1,114,0.008772,False,False
2026-01,sunscreen,macular degeneration,1,114,0.008772,False,False
2026-01,sunscreen,map kinase signaling system,1,114,0.008772,False,False
2026-01,sunscreen,mediterranean sea,1,114,0.008772,False,False
2026-01,sunscreen,melanocytes,1,114,0.008772,False,False
2026-01,sunscreen,metabolic networks and pathways,1,114,0.008772,False,False
2026-01,sunscreen,metabolomics,1,114,0.008772,False,False
2026-01,sunscreen,mice,1,114,0.008772,False,False
2026-01,sunscreen,micelles,1,114,0.008772,False,False
2026-01,sunscreen,microbial sensitivity tests,1,114,0.008772,False,False
2026-01,sunscreen,microbiota,1,114,0.008772,False,False
2026-01,sunscreen,micronutrients,1,114,0.008772,False,False
2026-01,sunscreen,molecular dynamics simulation,1,114,0.008772,False,False
2026-01,sunscreen,molecular structure,1,114,0.008772,False,False
2026-01,sunscreen,molecular targeted therapy,1,114,0.008772,False,False
2026-01,sunscreen,mutation,1,114,0.008772,False,False
2026-01,sunscreen,"neoplasm recurrence, local",1,114,0.008772,False,False
2026-01,sunscreen,neoplasms,1,114,0.008772,False,False
2026-01,sunscreen,nf-e2-related factor 2,1,114,0.008772,False,False
2026-01,sunscreen,ochronosis,1,114,0.008772,False,False
2026-01,sunscreen,organ transplantation,1,114,0.008772,False,False
2026-01,sunscreen,oxygen,1,114,0.008772,False,False
2026-01,sunscreen,pakistan,1,114,0.008772,False,False
2026-01,sunscreen,paracentrotus,1,114,0.008772,False,False
2026-01,sunscreen,particle size,1,114,0.008772,False,False
2026-01,sunscreen,patient education as topic,1,114,0.008772,False,False
2026-01,sunscreen,patient preference,1,114,0.008772,False,False
2026-01,sunscreen,phaeophyceae,1,114,0.008772,False,False
2026-01,sunscreen,phosphatidylinositol 3-kinases,1,114,0.008772,False,False
2026-01,sunscreen,phosphorus,1,114,0.008772,False,False
2026-01,sunscreen,photosensitizing agents,1,114,0.008772,False,False
2026-01,sunscreen,photosynthetic reaction center complex proteins,1,114,0.008772,False,False
2026-01,sunscreen,photosystem i protein complex,1,114,0.008772,False,False
2026-01,sunscreen,phylogeny,1,114,0.008772,False,False
2026-01,sunscreen,picrates,1,114,0.008772,False,False
2026-01,sunscreen,pigmentation,1,114,0.008772,False,False
2026-01,sunscreen,plant roots,1,114,0.008772,False,False
2026-01,sunscreen,plant senescence,1,114,0.008772,False,False
2026-01,sunscreen,"plants, genetically modified",1,114,0.008772,False,False
2026-01,sunscreen,poland,1,114,0.008772,False,False
2026-01,sunscreen,polymers,1,114,0.008772,False,False
2026-01,sunscreen,polysaccharides,1,114,0.008772,False,False
2026-01,sunscreen,porosity,1,114,0.008772,False,False
2026-01,sunscreen,practice guidelines as topic,1,114,0.008772,False,False
2026-01,sunscreen,prevalence,1,114,0.008772,False,False
2026-01,sunscreen,program evaluation,1,114,0.008772,False,False
2026-01,sunscreen,propiophenones,1,114,0.008772,False,False
2026-01,sunscreen,protective clothing,1,114,0.008772,False,False
2026-01,sunscreen,protein conformation,1,114,0.008772,False,False
2026-01,sunscreen,proto-oncogene proteins c-akt,1,114,0.008772,False,False
2026-01,sunscreen,psoriasis,1,114,0.008772,False,False
2026-01,sunscreen,psychometrics,1,114,0.008772,False,False
2026-01,sunscreen,qualitative research,1,114,0.008772,False,False
2026-01,sunscreen,randomized controlled trials as topic,1,114,0.008772,False,False
2026-01,sunscreen,rats,1,114,0.008772,False,False
2026-01,sunscreen,"rats, sprague-dawley",1,114,0.008772,False,False
2026-01,sunscreen,"refraction, ocular",1,114,0.008772,False,False
2026-01,sunscreen,reproducibility of results,1,114,0.008772,False,False
2026-01,sunscreen,retinoids,1,114,0.008772,False,False
2026-01,sunscreen,rhizophoraceae,1,114,0.008772,False,False
2026-01,sunscreen,riboflavin,1,114,0.008772,False,False
2026-01,sunscreen,rosacea,1,114,0.008772,False,False
2026-01,sunscreen,salinity,1,114,0.008772,False,False
2026-01,sunscreen,sapindaceae,1,114,0.008772,False,False
2026-01,sunscreen,saudi arabia,1,114,0.008772,False,False
2026-01,sunscreen,school health services,1,114,0.008772,False,False
2026-01,sunscreen,seawater,1,114,0.008772,False,False
2026-01,sunscreen,seedlings,1,114,0.008772,False,False
2026-01,sunscreen,self efficacy,1,114,0.008772,False,False
2026-01,sunscreen,sericins,1,114,0.008772,False,False
2026-01,sunscreen,severity of illness index,1,114,0.008772,False,False
2026-01,sunscreen,silicon dioxide,1,114,0.008772,False,False
2026-01,sunscreen,skin microbiome,1,114,0.008772,False,False
2026-01,sunscreen,social media,1,114,0.008772,False,False
2026-01,sunscreen,social norms,1,114,0.008772,False,False
2026-01,sunscreen,solid phase extraction,1,114,0.008772,False,False
2026-01,sunscreen,solvents,1,114,0.008772,False,False
2026-01,sunscreen,spinacia oleracea,1,114,0.008772,False,False
2026-01,sunscreen,stargardt disease,1,114,0.008772,False,False
2026-01,sunscreen,stat transcription factors,1,114,0.008772,False,False
2026-01,sunscreen,stevens-johnson syndrome,1,114,0.008772,False,False
2026-01,sunscreen,streptomyces,1,114,0.008772,False,False
2026-01,sunscreen,sulfates,1,114,0.008772,False,False
2026-01,sunscreen,sulfonic acids,1,114,0.008772,False,False
2026-01,sunscreen,sunbathing,1,114,0.008772,False,False
2026-01,sunscreen,surface properties,1,114,0.008772,False,False
2026-01,sunscreen,symbiosis,1,114,0.008772,False,False
2026-01,sunscreen,tagetes,1,114,0.008772,False,False
2026-01,sunscreen,telomere,1,114,0.008772,False,False
2026-01,sunscreen,telomere shortening,1,114,0.008772,False,False
2026-01,sunscreen,time factors,1,114,0.008772,False,False
2026-01,sunscreen,titanium,1,114,0.008772,False,False
2026-01,sunscreen,transplant recipients,1,114,0.008772,False,False
2026-01,sunscreen,travel,1,114,0.008772,False,False
2026-01,sunscreen,travel medicine,1,114,0.008772,False,False
2026-01,sunscreen,triterpenes,1,114,0.008772,False,False
2026-01,sunscreen,tropical medicine,1,114,0.008772,False,False
2026-01,sunscreen,trust,1,114,0.008772,False,False
2026-01,sunscreen,united kingdom,1,114,0.008772,False,False
2026-01,sunscreen,universities,1,114,0.008772,False,False
2026-01,sunscreen,up-regulation,1,114,0.008772,False,False
2026-01,sunscreen,visual acuity,1,114,0.008772,False,False
2026-01,sunscreen,vitamin a,1,114,0.008772,False,False
2026-01,sunscreen,vitamins,1,114,0.008772,False,False
2026-01,sunscreen,wisconsin,1,114,0.008772,False,False
2026-01,sunscreen,zeaxanthins,1,114,0.008772,False,False
2026-02,sunscreen,humans,13,48,0.270833,True,False
2026-02,sunscreen,sunscreening agents,12,48,0.25,True,False
2026-02,sunscreen,ultraviolet rays,10,48,0.208333,True,False
2026-02,sunscreen,adult,5,48,0.104167,True,False
2026-02,sunscreen,photosynthesis,5,48,0.104167,True,False
2026-02,sunscreen,skin,5,48,0.104167,True,False
2026-02,sunscreen,skin aging,5,48,0.104167,True,False
2026-02,sunscreen,animals,4,48,0.083333,True,False
2026-02,sunscreen,chlorophyll,4,48,0.083333,True,False
2026-02,sunscreen,female,4,48,0.083333,True,False
2026-02,sunscreen,middle aged,4,48,0.083333,True,False
2026-02,sunscreen,photosystem ii protein complex,4,48,0.083333,True,False
2026-02,sunscreen,antioxidants,3,48,0.0625,True,False
2026-02,sunscreen,benzophenones,3,48,0.0625,True,False
2026-02,sunscreen,light,3,48,0.0625,True,False
2026-02,sunscreen,male,3,48,0.0625,True,False
2026-02,sunscreen,oxidation-reduction,3,48,0.0625,True,False
2026-02,sunscreen,plant extracts,3,48,0.0625,True,False
2026-02,sunscreen,"administration, cutaneous",2,48,0.041667,True,False
2026-02,sunscreen,adolescent,2,48,0.041667,True,False
2026-02,sunscreen,aged,2,48,0.041667,True,False
2026-02,sunscreen,cell proliferation,2,48,0.041667,True,False
2026-02,sunscreen,chlorophyta,2,48,0.041667,True,False
2026-02,sunscreen,cross-sectional studies,2,48,0.041667,True,False
2026-02,sunscreen,"health knowledge, attitudes, practice",2,48,0.041667,True,False
2026-02,sunscreen,hydrogen-ion concentration,2,48,0.041667,True,False
2026-02,sunscreen,keratinocytes,2,48,0.041667,True,False
2026-02,sunscreen,light-harvesting protein complexes,2,48,0.041667,True,False
2026-02,sunscreen,molecular dynamics simulation,2,48,0.041667,True,False
2026-02,sunscreen,propiophenones,2,48,0.041667,True,False
2026-02,sunscreen,reactive oxygen species,2,48,0.041667,True,False
2026-02,sunscreen,sunlight,2,48,0.041667,True,False
2026-02,sunscreen,surveys and questionnaires,2,48,0.041667,True,False
2026-02,sunscreen,thylakoids,2,48,0.041667,True,False
2026-02,sunscreen,young adult,2,48,0.041667,True,False
2026-02,sunscreen,2-hydroxypropyl-beta-cyclodextrin,1,48,0.020833,True,False
2026-02,sunscreen,abelmoschus,1,48,0.020833,True,False
2026-02,sunscreen,acrylates,1,48,0.020833,True,False
2026-02,sunscreen,aerosols,1,48,0.020833,True,False
2026-02,sunscreen,anti-infective agents,1,48,0.020833,True,False
2026-02,sunscreen,anti-inflammatory agents,1,48,0.020833,True,False
2026-02,sunscreen,beta carotene,1,48,0.020833,True,False
2026-02,sunscreen,beta-cyclodextrins,1,48,0.020833,True,False
2026-02,sunscreen,biocompatible materials,1,48,0.020833,True,False
2026-02,sunscreen,biological evolution,1,48,0.020833,True,False
2026-02,sunscreen,brazil,1,48,0.020833,True,False
2026-02,sunscreen,cadaver,1,48,0.020833,True,False
2026-02,sunscreen,camphor,1,48,0.020833,True,False
2026-02,sunscreen,canthaxanthin,1,48,0.020833,True,False
2026-02,sunscreen,carotenoids,1,48,0.020833,True,False
2026-02,sunscreen,catalase,1,48,0.020833,True,False
2026-02,sunscreen,cell line,1,48,0.020833,True,False
2026-02,sunscreen,cell movement,1,48,0.020833,True,False
2026-02,sunscreen,cell respiration,1,48,0.020833,True,False
2026-02,sunscreen,cell survival,1,48,0.020833,True,False
2026-02,sunscreen,cellular senescence,1,48,0.020833,True,False
2026-02,sunscreen,cerium,1,48,0.020833,True,False
2026-02,sunscreen,child,1,48,0.020833,True,False
2026-02,sunscreen,"child, preschool",1,48,0.020833,True,False
2026-02,sunscreen,china,1,48,0.020833,True,False
2026-02,sunscreen,chlamydomonas reinhardtii,1,48,0.020833,True,False
2026-02,sunscreen,chlorophyll a,1,48,0.020833,True,False
2026-02,sunscreen,chloroplasts,1,48,0.020833,True,False
2026-02,sunscreen,color,1,48,0.020833,True,False
2026-02,sunscreen,cross-linking reagents,1,48,0.020833,True,False
2026-02,sunscreen,cyclodextrins,1,48,0.020833,True,False
2026-02,sunscreen,cyclohexanones,1,48,0.020833,True,False
2026-02,sunscreen,dermatologic agents,1,48,0.020833,True,False
2026-02,sunscreen,diatoms,1,48,0.020833,True,False
2026-02,sunscreen,diffusion,1,48,0.020833,True,False
2026-02,sunscreen,droughts,1,48,0.020833,True,False
2026-02,sunscreen,ellagic acid,1,48,0.020833,True,False
2026-02,sunscreen,"embryo, nonmammalian",1,48,0.020833,True,False
2026-02,sunscreen,energy transfer,1,48,0.020833,True,False
2026-02,sunscreen,escherichia coli,1,48,0.020833,True,False
2026-02,sunscreen,farmers,1,48,0.020833,True,False
2026-02,sunscreen,fermentation,1,48,0.020833,True,False
2026-02,sunscreen,ferns,1,48,0.020833,True,False
2026-02,sunscreen,fibroblasts,1,48,0.020833,True,False
2026-02,sunscreen,flavonoids,1,48,0.020833,True,False
2026-02,sunscreen,fluorescence,1,48,0.020833,True,False
2026-02,sunscreen,fresh water,1,48,0.020833,True,False
2026-02,sunscreen,fundulidae,1,48,0.020833,True,False
2026-02,sunscreen,gastrointestinal microbiome,1,48,0.020833,True,False
2026-02,sunscreen,gels,1,48,0.020833,True,False
2026-02,sunscreen,"gene expression regulation, plant",1,48,0.020833,True,False
2026-02,sunscreen,genomic instability,1,48,0.020833,True,False
2026-02,sunscreen,glucose,1,48,0.020833,True,False
2026-02,sunscreen,"glycation end products, advanced",1,48,0.020833,True,False
2026-02,sunscreen,glycine,1,48,0.020833,True,False
2026-02,sunscreen,hacat cells,1,48,0.020833,True,False
2026-02,sunscreen,health education,1,48,0.020833,True,False
2026-02,sunscreen,hydrophobic and hydrophilic interactions,1,48,0.020833,True,False
2026-02,sunscreen,hyperpigmentation,1,48,0.020833,True,False
2026-02,sunscreen,in vitro techniques,1,48,0.020833,True,False
2026-02,sunscreen,kinetics,1,48,0.020833,True,False
2026-02,sunscreen,lactiplantibacillus plantarum,1,48,0.020833,True,False
2026-02,sunscreen,lignin,1,48,0.020833,True,False
2026-02,sunscreen,lipid metabolism,1,48,0.020833,True,False
2026-02,sunscreen,lipids,1,48,0.020833,True,False
2026-02,sunscreen,masculinity,1,48,0.020833,True,False
2026-02,sunscreen,materials testing,1,48,0.020833,True,False
2026-02,sunscreen,matrix metalloproteinase 1,1,48,0.020833,True,False
2026-02,sunscreen,melanins,1,48,0.020833,True,False
2026-02,sunscreen,melanoma,1,48,0.020833,True,False
2026-02,sunscreen,melanophores,1,48,0.020833,True,False
2026-02,sunscreen,melanosis,1,48,0.020833,True,False
2026-02,sunscreen,membrane lipids,1,48,0.020833,True,False
2026-02,sunscreen,mesenchymal stem cells,1,48,0.020833,True,False
2026-02,sunscreen,metal nanoparticles,1,48,0.020833,True,False
2026-02,sunscreen,mice,1,48,0.020833,True,False
2026-02,sunscreen,microalgae,1,48,0.020833,True,False
2026-02,sunscreen,microbial sensitivity tests,1,48,0.020833,True,False
2026-02,sunscreen,mitochondria,1,48,0.020833,True,False
2026-02,sunscreen,"models, biological",1,48,0.020833,True,False
2026-02,sunscreen,molecular conformation,1,48,0.020833,True,False
2026-02,sunscreen,monophenol monooxygenase,1,48,0.020833,True,False
2026-02,sunscreen,nanoparticles,1,48,0.020833,True,False
2026-02,sunscreen,nf-e2-related factor 2,1,48,0.020833,True,False
2026-02,sunscreen,niacinamide,1,48,0.020833,True,False
2026-02,sunscreen,nitric oxide synthase,1,48,0.020833,True,False
2026-02,sunscreen,oligosaccharides,1,48,0.020833,True,False
2026-02,sunscreen,oxidative stress,1,48,0.020833,True,False
2026-02,sunscreen,parabens,1,48,0.020833,True,False
2026-02,sunscreen,parents,1,48,0.020833,True,False
2026-02,sunscreen,particle size,1,48,0.020833,True,False
2026-02,sunscreen,permeability,1,48,0.020833,True,False
2026-02,sunscreen,phosphates,1,48,0.020833,True,False
2026-02,sunscreen,photosystem i protein complex,1,48,0.020833,True,False
2026-02,sunscreen,phycocyanin,1,48,0.020833,True,False
2026-02,sunscreen,pilot projects,1,48,0.020833,True,False
2026-02,sunscreen,pisum sativum,1,48,0.020833,True,False
2026-02,sunscreen,plants,1,48,0.020833,True,False
2026-02,sunscreen,polyphenols,1,48,0.020833,True,False
2026-02,sunscreen,polypodium,1,48,0.020833,True,False
2026-02,sunscreen,prebiotics,1,48,0.020833,True,False
2026-02,sunscreen,probiotics,1,48,0.020833,True,False
2026-02,sunscreen,prospective studies,1,48,0.020833,True,False
2026-02,sunscreen,quantum theory,1,48,0.020833,True,False
2026-02,sunscreen,risk factors,1,48,0.020833,True,False
2026-02,sunscreen,saccharomyces cerevisiae,1,48,0.020833,True,False
2026-02,sunscreen,seeds,1,48,0.020833,True,False
2026-02,sunscreen,self-examination,1,48,0.020833,True,False
2026-02,sunscreen,severity of illness index,1,48,0.020833,True,False
2026-02,sunscreen,signal transduction,1,48,0.020833,True,False
2026-02,sunscreen,skin absorption,1,48,0.020833,True,False
2026-02,sunscreen,skin diseases,1,48,0.020833,True,False
2026-02,sunscreen,skin microbiome,1,48,0.020833,True,False
2026-02,sunscreen,skin neoplasms,1,48,0.020833,True,False
2026-02,sunscreen,skin pigmentation,1,48,0.020833,True,False
2026-02,sunscreen,social media,1,48,0.020833,True,False
2026-02,sunscreen,social vulnerability,1,48,0.020833,True,False
2026-02,sunscreen,socioeconomic factors,1,48,0.020833,True,False
2026-02,sunscreen,south american people,1,48,0.020833,True,False
2026-02,sunscreen,spinacia oleracea,1,48,0.020833,True,False
2026-02,sunscreen,staphylococcus aureus,1,48,0.020833,True,False
2026-02,sunscreen,"stress, physiological",1,48,0.020833,True,False
2026-02,sunscreen,"stress, psychological",1,48,0.020833,True,False
2026-02,sunscreen,students,1,48,0.020833,True,False
2026-02,sunscreen,sunburn,1,48,0.020833,True,False
2026-02,sunscreen,synechocystis,1,48,0.020833,True,False
2026-02,sunscreen,tandem mass spectrometry,1,48,0.020833,True,False
2026-02,sunscreen,tea,1,48,0.020833,True,False
2026-02,sunscreen,thermodynamics,1,48,0.020833,True,False
2026-02,sunscreen,"tomography, optical coherence",1,48,0.020833,True,False
2026-02,sunscreen,transglutaminases,1,48,0.020833,True,False
2026-02,sunscreen,treatment outcome,1,48,0.020833,True,False
2026-02,sunscreen,turkey,1,48,0.020833,True,False
2026-02,sunscreen,water,1,48,0.020833,True,False
2026-02,sunscreen,"water pollutants, chemical",1,48,0.020833,True,False
2026-02,sunscreen,zeaxanthins,1,48,0.020833,True,False
2026-02,sunscreen,zebrafish,1,48,0.020833,True,False
2026-02,sunscreen,zinc oxide,1,48,0.020833,True,False
2026-03,sunscreen,humans,22,78,0.282051,False,False
2026-03,sunscreen,ultraviolet rays,14,78,0.179487,False,False
2026-03,sunscreen,female,12,78,0.153846,False,False
2026-03,sunscreen,photosynthesis,11,78,0.141026,False,False
2026-03,sunscreen,male,10,78,0.128205,False,False
2026-03,sunscreen,sunscreening agents,10,78,0.128205,False,False
2026-03,sunscreen,adult,7,78,0.089744,False,False
2026-03,sunscreen,skin,7,78,0.089744,False,False
2026-03,sunscreen,skin neoplasms,7,78,0.089744,False,False
2026-03,sunscreen,light,6,78,0.076923,False,False
2026-03,sunscreen,middle aged,6,78,0.076923,False,False
2026-03,sunscreen,antioxidants,5,78,0.064103,False,False
2026-03,sunscreen,aged,4,78,0.051282,False,False
2026-03,sunscreen,cross-sectional studies,4,78,0.051282,False,False
2026-03,sunscreen,photosystem ii protein complex,4,78,0.051282,False,False
2026-03,sunscreen,sunlight,4,78,0.051282,False,False
2026-03,sunscreen,animals,3,78,0.038462,False,False
2026-03,sunscreen,blue light,3,78,0.038462,False,False
2026-03,sunscreen,chlorophyll,3,78,0.038462,False,False
2026-03,sunscreen,fluorescence,3,78,0.038462,False,False
2026-03,sunscreen,keratinocytes,3,78,0.038462,False,False
2026-03,sunscreen,mutation,3,78,0.038462,False,False
2026-03,sunscreen,nanoparticles,3,78,0.038462,False,False
2026-03,sunscreen,plant leaves,3,78,0.038462,False,False
2026-03,sunscreen,plant proteins,3,78,0.038462,False,False
2026-03,sunscreen,reactive oxygen species,3,78,0.038462,False,False
2026-03,sunscreen,thylakoids,3,78,0.038462,False,False
2026-03,sunscreen,young adult,3,78,0.038462,False,False
2026-03,sunscreen,"administration, oral",2,78,0.025641,False,False
2026-03,sunscreen,adolescent,2,78,0.025641,False,False
2026-03,sunscreen,apoptosis,2,78,0.025641,False,False
2026-03,sunscreen,arabidopsis,2,78,0.025641,False,False
2026-03,sunscreen,australia,2,78,0.025641,False,False
2026-03,sunscreen,bacterial proteins,2,78,0.025641,False,False
2026-03,sunscreen,basal cell carcinoma,2,78,0.025641,False,False
2026-03,sunscreen,biomass,2,78,0.025641,False,False
2026-03,sunscreen,cell line,2,78,0.025641,False,False
2026-03,sunscreen,cell survival,2,78,0.025641,False,False
2026-03,sunscreen,child,2,78,0.025641,False,False
2026-03,sunscreen,cyanobacteria,2,78,0.025641,False,False
2026-03,sunscreen,dietary supplements,2,78,0.025641,False,False
2026-03,sunscreen,early detection of cancer,2,78,0.025641,False,False
2026-03,sunscreen,farmers,2,78,0.025641,False,False
2026-03,sunscreen,fresh water,2,78,0.025641,False,False
2026-03,sunscreen,"gene expression regulation, plant",2,78,0.025641,False,False
2026-03,sunscreen,hacat cells,2,78,0.025641,False,False
2026-03,sunscreen,"health knowledge, attitudes, practice",2,78,0.025641,False,False
2026-03,sunscreen,homeostasis,2,78,0.025641,False,False
2026-03,sunscreen,hyperpigmentation,2,78,0.025641,False,False
2026-03,sunscreen,infant,2,78,0.025641,False,False
2026-03,sunscreen,kinetics,2,78,0.025641,False,False
2026-03,sunscreen,melanoma,2,78,0.025641,False,False
2026-03,sunscreen,molecular dynamics simulation,2,78,0.025641,False,False
2026-03,sunscreen,nicotiana,2,78,0.025641,False,False
2026-03,sunscreen,nitrogen,2,78,0.025641,False,False
2026-03,sunscreen,occupational exposure,2,78,0.025641,False,False
2026-03,sunscreen,oxidative stress,2,78,0.025641,False,False
2026-03,sunscreen,plant extracts,2,78,0.025641,False,False
2026-03,sunscreen,poaceae,2,78,0.025641,False,False
2026-03,sunscreen,prevalence,2,78,0.025641,False,False
2026-03,sunscreen,quercetin,2,78,0.025641,False,False
2026-03,sunscreen,skin aging,2,78,0.025641,False,False
2026-03,sunscreen,skin microbiome,2,78,0.025641,False,False
2026-03,sunscreen,skin pigmentation,2,78,0.025641,False,False
2026-03,sunscreen,spain,2,78,0.025641,False,False
2026-03,sunscreen,surveys and questionnaires,2,78,0.025641,False,False
2026-03,sunscreen,titanium,2,78,0.025641,False,False
2026-03,sunscreen,transcriptome,2,78,0.025641,False,False
2026-03,sunscreen,"water pollutants, chemical",2,78,0.025641,False,False
2026-03,sunscreen,working conditions,2,78,0.025641,False,False
2026-03,sunscreen,xanthophylls,2,78,0.025641,False,False
2026-03,sunscreen,acacia,1,78,0.012821,False,False
2026-03,sunscreen,acetates,1,78,0.012821,False,False
2026-03,sunscreen,acne vulgaris,1,78,0.012821,False,False
2026-03,sunscreen,"adaptation, physiological",1,78,0.012821,False,False
2026-03,sunscreen,"administration, cutaneous",1,78,0.012821,False,False
2026-03,sunscreen,"administration, topical",1,78,0.012821,False,False
2026-03,sunscreen,adsorption,1,78,0.012821,False,False
2026-03,sunscreen,"aged, 80 and over",1,78,0.012821,False,False
2026-03,sunscreen,agricultural irrigation,1,78,0.012821,False,False
2026-03,sunscreen,"albinism, oculocutaneous",1,78,0.012821,False,False
2026-03,sunscreen,alcohol oxidoreductases,1,78,0.012821,False,False
2026-03,sunscreen,"antibodies, antinuclear",1,78,0.012821,False,False
2026-03,sunscreen,arabidopsis proteins,1,78,0.012821,False,False
2026-03,sunscreen,australasian people,1,78,0.012821,False,False
2026-03,sunscreen,azo compounds,1,78,0.012821,False,False
2026-03,sunscreen,biocatalysis,1,78,0.012821,False,False
2026-03,sunscreen,"biodegradation, environmental",1,78,0.012821,False,False
2026-03,sunscreen,biofuels,1,78,0.012821,False,False
2026-03,sunscreen,biotechnology,1,78,0.012821,False,False
2026-03,sunscreen,black people,1,78,0.012821,False,False
2026-03,sunscreen,bryopsida,1,78,0.012821,False,False
2026-03,sunscreen,carbon,1,78,0.012821,False,False
2026-03,sunscreen,carbon dioxide,1,78,0.012821,False,False
2026-03,sunscreen,"carcinoma, squamous cell",1,78,0.012821,False,False
2026-03,sunscreen,carotenoids,1,78,0.012821,False,False
2026-03,sunscreen,cell movement,1,78,0.012821,False,False
2026-03,sunscreen,cell proliferation,1,78,0.012821,False,False
2026-03,sunscreen,ceramides,1,78,0.012821,False,False
2026-03,sunscreen,charcoal,1,78,0.012821,False,False
2026-03,sunscreen,china,1,78,0.012821,False,False
2026-03,sunscreen,chitosan,1,78,0.012821,False,False
2026-03,sunscreen,chlamydomonas reinhardtii,1,78,0.012821,False,False
2026-03,sunscreen,chlorella vulgaris,1,78,0.012821,False,False
2026-03,sunscreen,chlorogenic acid,1,78,0.012821,False,False
2026-03,sunscreen,chlorophyceae,1,78,0.012821,False,False
2026-03,sunscreen,chloroplasts,1,78,0.012821,False,False
2026-03,sunscreen,"chromosomal proteins, non-histone",1,78,0.012821,False,False
2026-03,sunscreen,cold temperature,1,78,0.012821,False,False
2026-03,sunscreen,cosmetics,1,78,0.012821,False,False
2026-03,sunscreen,cryptochromes,1,78,0.012821,False,False
2026-03,sunscreen,dermatitis,1,78,0.012821,False,False
2026-03,sunscreen,dermatologists,1,78,0.012821,False,False
2026-03,sunscreen,dermis,1,78,0.012821,False,False
2026-03,sunscreen,desert climate,1,78,0.012821,False,False
2026-03,sunscreen,"disease models, animal",1,78,0.012821,False,False
2026-03,sunscreen,dna repair,1,78,0.012821,False,False
2026-03,sunscreen,drought resistance,1,78,0.012821,False,False
2026-03,sunscreen,drug liberation,1,78,0.012821,False,False
2026-03,sunscreen,drug monitoring,1,78,0.012821,False,False
2026-03,sunscreen,electron transport,1,78,0.012821,False,False
2026-03,sunscreen,environmental exposure,1,78,0.012821,False,False
2026-03,sunscreen,environmental pollutants,1,78,0.012821,False,False
2026-03,sunscreen,erythema,1,78,0.012821,False,False
2026-03,sunscreen,ethyl methanesulfonate,1,78,0.012821,False,False
2026-03,sunscreen,famous persons,1,78,0.012821,False,False
2026-03,sunscreen,ferric compounds,1,78,0.012821,False,False
2026-03,sunscreen,fertilization in vitro,1,78,0.012821,False,False
2026-03,sunscreen,fibroblasts,1,78,0.012821,False,False
2026-03,sunscreen,flavonoids,1,78,0.012821,False,False
2026-03,sunscreen,fluorocarbons,1,78,0.012821,False,False
2026-03,sunscreen,gels,1,78,0.012821,False,False
2026-03,sunscreen,gene expression profiling,1,78,0.012821,False,False
2026-03,sunscreen,gene regulatory networks,1,78,0.012821,False,False
2026-03,sunscreen,genetic engineering,1,78,0.012821,False,False
2026-03,sunscreen,global health,1,78,0.012821,False,False
2026-03,sunscreen,glycolates,1,78,0.012821,False,False
2026-03,sunscreen,habits,1,78,0.012821,False,False
2026-03,sunscreen,health education,1,78,0.012821,False,False
2026-03,sunscreen,healthy volunteers,1,78,0.012821,False,False
2026-03,sunscreen,heart transplantation,1,78,0.012821,False,False
2026-03,sunscreen,helianthus,1,78,0.012821,False,False
2026-03,sunscreen,hispanic or latino,1,78,0.012821,False,False
2026-03,sunscreen,hydrogen peroxide,1,78,0.012821,False,False
2026-03,sunscreen,hydrolyzable tannins,1,78,0.012821,False,False
2026-03,sunscreen,immunosuppressive agents,1,78,0.012821,False,False
2026-03,sunscreen,"infant, newborn",1,78,0.012821,False,False
2026-03,sunscreen,information seeking behavior,1,78,0.012821,False,False
2026-03,sunscreen,internet,1,78,0.012821,False,False
2026-03,sunscreen,light-harvesting protein complexes,1,78,0.012821,False,False
2026-03,sunscreen,lignin,1,78,0.012821,False,False
2026-03,sunscreen,lipid peroxidation,1,78,0.012821,False,False
2026-03,sunscreen,liposomes,1,78,0.012821,False,False
2026-03,sunscreen,"lupus erythematosus, cutaneous",1,78,0.012821,False,False
2026-03,sunscreen,"lupus erythematosus, systemic",1,78,0.012821,False,False
2026-03,sunscreen,machine learning,1,78,0.012821,False,False
2026-03,sunscreen,magnetic fields,1,78,0.012821,False,False
2026-03,sunscreen,marketing,1,78,0.012821,False,False
2026-03,sunscreen,medically underserved area,1,78,0.012821,False,False
2026-03,sunscreen,medication adherence,1,78,0.012821,False,False
2026-03,sunscreen,melanosis,1,78,0.012821,False,False
2026-03,sunscreen,mentha piperita,1,78,0.012821,False,False
2026-03,sunscreen,menthol,1,78,0.012821,False,False
2026-03,sunscreen,metabolic networks and pathways,1,78,0.012821,False,False
2026-03,sunscreen,metal nanoparticles,1,78,0.012821,False,False
2026-03,sunscreen,methyltransferases,1,78,0.012821,False,False
2026-03,sunscreen,mice,1,78,0.012821,False,False
2026-03,sunscreen,microalgae,1,78,0.012821,False,False
2026-03,sunscreen,mitochondria,1,78,0.012821,False,False
2026-03,sunscreen,"models, molecular",1,78,0.012821,False,False
2026-03,sunscreen,molybdenum,1,78,0.012821,False,False
2026-03,sunscreen,myeloid differentiation factor 88,1,78,0.012821,False,False
2026-03,sunscreen,neutron diffraction,1,78,0.012821,False,False
2026-03,sunscreen,new south wales,1,78,0.012821,False,False
2026-03,sunscreen,nf-e2-related factor 2,1,78,0.012821,False,False
2026-03,sunscreen,nf-kappa b,1,78,0.012821,False,False
2026-03,sunscreen,niacinamide,1,78,0.012821,False,False
2026-03,sunscreen,oxidation-reduction,1,78,0.012821,False,False
2026-03,sunscreen,oxidative phosphorylation,1,78,0.012821,False,False
2026-03,sunscreen,patient education as topic,1,78,0.012821,False,False
2026-03,sunscreen,personal care products,1,78,0.012821,False,False
2026-03,sunscreen,pharmaceutical preparations,1,78,0.012821,False,False
2026-03,sunscreen,phenotype,1,78,0.012821,False,False
2026-03,sunscreen,photochemical processes,1,78,0.012821,False,False
2026-03,sunscreen,"photoreceptors, microbial",1,78,0.012821,False,False
2026-03,sunscreen,photosensitivity disorders,1,78,0.012821,False,False
2026-03,sunscreen,photosystem i protein complex,1,78,0.012821,False,False
2026-03,sunscreen,phototropins,1,78,0.012821,False,False
2026-03,sunscreen,phycobilisomes,1,78,0.012821,False,False
2026-03,sunscreen,physical examination,1,78,0.012821,False,False
2026-03,sunscreen,pilot projects,1,78,0.012821,False,False
2026-03,sunscreen,plant roots,1,78,0.012821,False,False
2026-03,sunscreen,plant stomata,1,78,0.012821,False,False
2026-03,sunscreen,plants,1,78,0.012821,False,False
2026-03,sunscreen,"plants, genetically modified",1,78,0.012821,False,False
2026-03,sunscreen,polyamines,1,78,0.012821,False,False
2026-03,sunscreen,polyploidy,1,78,0.012821,False,False
2026-03,sunscreen,polypodium,1,78,0.012821,False,False
2026-03,sunscreen,"practice patterns, physicians'",1,78,0.012821,False,False
2026-03,sunscreen,pregnancy,1,78,0.012821,False,False
2026-03,sunscreen,probiotics,1,78,0.012821,False,False
2026-03,sunscreen,product labeling,1,78,0.012821,False,False
2026-03,sunscreen,propionibacteriaceae,1,78,0.012821,False,False
2026-03,sunscreen,prosopis,1,78,0.012821,False,False
2026-03,sunscreen,protective clothing,1,78,0.012821,False,False
2026-03,sunscreen,protein conformation,1,78,0.012821,False,False
2026-03,sunscreen,proteomics,1,78,0.012821,False,False
2026-03,sunscreen,pyrimidine dimers,1,78,0.012821,False,False
2026-03,sunscreen,quality of life,1,78,0.012821,False,False
2026-03,sunscreen,radiation-protective agents,1,78,0.012821,False,False
2026-03,sunscreen,rats,1,78,0.012821,False,False
2026-03,sunscreen,"rats, sprague-dawley",1,78,0.012821,False,False
2026-03,sunscreen,retrospective studies,1,78,0.012821,False,False
2026-03,sunscreen,risk assessment,1,78,0.012821,False,False
2026-03,sunscreen,"rna, small interfering",1,78,0.012821,False,False
2026-03,sunscreen,rubredoxins,1,78,0.012821,False,False
2026-03,sunscreen,rural population,1,78,0.012821,False,False
2026-03,sunscreen,rutin,1,78,0.012821,False,False
2026-03,sunscreen,salinity,1,78,0.012821,False,False
2026-03,sunscreen,salt tolerance,1,78,0.012821,False,False
2026-03,sunscreen,salt-tolerant plants,1,78,0.012821,False,False
2026-03,sunscreen,seasons,1,78,0.012821,False,False
2026-03,sunscreen,signal transduction,1,78,0.012821,False,False
2026-03,sunscreen,skin absorption,1,78,0.012821,False,False
2026-03,sunscreen,skin diseases,1,78,0.012821,False,False
2026-03,sunscreen,solar energy,1,78,0.012821,False,False
2026-03,sunscreen,south africa,1,78,0.012821,False,False
2026-03,sunscreen,spectrum analysis,1,78,0.012821,False,False
2026-03,sunscreen,starch,1,78,0.012821,False,False
2026-03,sunscreen,sustainable development,1,78,0.012821,False,False
2026-03,sunscreen,synechocystis,1,78,0.012821,False,False
2026-03,sunscreen,tamaricaceae,1,78,0.012821,False,False
2026-03,sunscreen,tandem mass spectrometry,1,78,0.012821,False,False
2026-03,sunscreen,texas,1,78,0.012821,False,False
2026-03,sunscreen,toll-like receptor 4,1,78,0.012821,False,False
2026-03,sunscreen,tranexamic acid,1,78,0.012821,False,False
2026-03,sunscreen,transcription factors,1,78,0.012821,False,False
2026-03,sunscreen,transglutaminases,1,78,0.012821,False,False
2026-03,sunscreen,transplant recipients,1,78,0.012821,False,False
2026-03,sunscreen,triticum,1,78,0.012821,False,False
2026-03,sunscreen,tumor suppressor proteins,1,78,0.012821,False,False
2026-03,sunscreen,vitamin d,1,78,0.012821,False,False
2026-03,sunscreen,vitamin d deficiency,1,78,0.012821,False,False
2026-03,sunscreen,"waste disposal, fluid",1,78,0.012821,False,False
2026-03,sunscreen,wastewater,1,78,0.012821,False,False
2026-03,sunscreen,water purification,1,78,0.012821,False,False
2026-03,sunscreen,wetlands,1,78,0.012821,False,False
2026-03,sunscreen,zeaxanthins,1,78,0.012821,False,False
2026-03,sunscreen,zinc,1,78,0.012821,False,False
2026-03,sunscreen,zinc oxide,1,78,0.012821,False,False
2026-04,sunscreen,humans,24,87,0.275862,False,False
2026-04,sunscreen,sunscreening agents,18,87,0.206897,False,False
2026-04,sunscreen,ultraviolet rays,17,87,0.195402,False,False
2026-04,sunscreen,animals,14,87,0.16092,False,False
2026-04,sunscreen,skin,8,87,0.091954,False,False
2026-04,sunscreen,photosynthesis,7,87,0.08046,False,False
2026-04,sunscreen,female,6,87,0.068966,False,False
2026-04,sunscreen,photosystem ii protein complex,6,87,0.068966,False,False
2026-04,sunscreen,adult,5,87,0.057471,False,False
2026-04,sunscreen,antioxidants,5,87,0.057471,False,False
2026-04,sunscreen,light,5,87,0.057471,False,False
2026-04,sunscreen,male,5,87,0.057471,False,False
2026-04,sunscreen,oxidative stress,5,87,0.057471,False,False
2026-04,sunscreen,reactive oxygen species,4,87,0.045977,False,False
2026-04,sunscreen,skin neoplasms,4,87,0.045977,False,False
2026-04,sunscreen,sunlight,4,87,0.045977,False,False
2026-04,sunscreen,cell survival,3,87,0.034483,False,False
2026-04,sunscreen,chlorophyll,3,87,0.034483,False,False
2026-04,sunscreen,hyaluronic acid,3,87,0.034483,False,False
2026-04,sunscreen,"membrane potential, mitochondrial",3,87,0.034483,False,False
2026-04,sunscreen,nanoparticles,3,87,0.034483,False,False
2026-04,sunscreen,plants,3,87,0.034483,False,False
2026-04,sunscreen,treatment outcome,3,87,0.034483,False,False
2026-04,sunscreen,"water pollutants, chemical",3,87,0.034483,False,False
2026-04,sunscreen,zeaxanthins,3,87,0.034483,False,False
2026-04,sunscreen,acrylates,2,87,0.022989,False,False
2026-04,sunscreen,"adaptation, physiological",2,87,0.022989,False,False
2026-04,sunscreen,"administration, cutaneous",2,87,0.022989,False,False
2026-04,sunscreen,carotenoids,2,87,0.022989,False,False
2026-04,sunscreen,"cell line, tumor",2,87,0.022989,False,False
2026-04,sunscreen,"cells, cultured",2,87,0.022989,False,False
2026-04,sunscreen,child,2,87,0.022989,False,False
2026-04,sunscreen,"child, preschool",2,87,0.022989,False,False
2026-04,sunscreen,"chromatography, high pressure liquid",2,87,0.022989,False,False
2026-04,sunscreen,cross-sectional studies,2,87,0.022989,False,False
2026-04,sunscreen,dna damage,2,87,0.022989,False,False
2026-04,sunscreen,emulsions,2,87,0.022989,False,False
2026-04,sunscreen,flavonoids,2,87,0.022989,False,False
2026-04,sunscreen,"gene expression regulation, plant",2,87,0.022989,False,False
2026-04,sunscreen,health behavior,2,87,0.022989,False,False
2026-04,sunscreen,"health knowledge, attitudes, practice",2,87,0.022989,False,False
2026-04,sunscreen,homeostasis,2,87,0.022989,False,False
2026-04,sunscreen,keratinocytes,2,87,0.022989,False,False
2026-04,sunscreen,light-harvesting protein complexes,2,87,0.022989,False,False
2026-04,sunscreen,melanocytes,2,87,0.022989,False,False
2026-04,sunscreen,melanosis,2,87,0.022989,False,False
2026-04,sunscreen,mice,2,87,0.022989,False,False
2026-04,sunscreen,microalgae,2,87,0.022989,False,False
2026-04,sunscreen,middle aged,2,87,0.022989,False,False
2026-04,sunscreen,mitochondria,2,87,0.022989,False,False
2026-04,sunscreen,"oils, volatile",2,87,0.022989,False,False
2026-04,sunscreen,oxidation-reduction,2,87,0.022989,False,False
2026-04,sunscreen,phosphorus,2,87,0.022989,False,False
2026-04,sunscreen,photosensitivity disorders,2,87,0.022989,False,False
2026-04,sunscreen,plant oils,2,87,0.022989,False,False
2026-04,sunscreen,rats,2,87,0.022989,False,False
2026-04,sunscreen,signal transduction,2,87,0.022989,False,False
2026-04,sunscreen,skin microbiome,2,87,0.022989,False,False
2026-04,sunscreen,starch,2,87,0.022989,False,False
2026-04,sunscreen,sun protection factor,2,87,0.022989,False,False
2026-04,sunscreen,sunburn,2,87,0.022989,False,False
2026-04,sunscreen,surveys and questionnaires,2,87,0.022989,False,False
2026-04,sunscreen,time factors,2,87,0.022989,False,False
2026-04,sunscreen,vitamin d,2,87,0.022989,False,False
2026-04,sunscreen,vitamin e,2,87,0.022989,False,False
2026-04,sunscreen,xanthophylls,2,87,0.022989,False,False
2026-04,sunscreen,acclimatization,1,87,0.011494,False,False
2026-04,sunscreen,acetylcholinesterase,1,87,0.011494,False,False
2026-04,sunscreen,adenosine triphosphate,1,87,0.011494,False,False
2026-04,sunscreen,"administration, oral",1,87,0.011494,False,False
2026-04,sunscreen,adolescent,1,87,0.011494,False,False
2026-04,sunscreen,age factors,1,87,0.011494,False,False
2026-04,sunscreen,agropyron,1,87,0.011494,False,False
2026-04,sunscreen,air pollutants,1,87,0.011494,False,False
2026-04,sunscreen,allergens,1,87,0.011494,False,False
2026-04,sunscreen,amides,1,87,0.011494,False,False
2026-04,sunscreen,amino acids,1,87,0.011494,False,False
2026-04,sunscreen,anthozoa,1,87,0.011494,False,False
2026-04,sunscreen,anti-bacterial agents,1,87,0.011494,False,False
2026-04,sunscreen,anti-infective agents,1,87,0.011494,False,False
2026-04,sunscreen,anti-inflammatory agents,1,87,0.011494,False,False
2026-04,sunscreen,antineoplastic agents,1,87,0.011494,False,False
2026-04,sunscreen,apoptosis,1,87,0.011494,False,False
2026-04,sunscreen,arabidopsis,1,87,0.011494,False,False
2026-04,sunscreen,arabidopsis proteins,1,87,0.011494,False,False
2026-04,sunscreen,benzophenones,1,87,0.011494,False,False
2026-04,sunscreen,"biodegradation, environmental",1,87,0.011494,False,False
2026-04,sunscreen,biological evolution,1,87,0.011494,False,False
2026-04,sunscreen,biological transport,1,87,0.011494,False,False
2026-04,sunscreen,biopsy,1,87,0.011494,False,False
2026-04,sunscreen,biosynthetic pathways,1,87,0.011494,False,False
2026-04,sunscreen,bivalvia,1,87,0.011494,False,False
2026-04,sunscreen,blue light,1,87,0.011494,False,False
2026-04,sunscreen,bryophyta,1,87,0.011494,False,False
2026-04,sunscreen,bryopsida,1,87,0.011494,False,False
2026-04,sunscreen,butyrylcholinesterase,1,87,0.011494,False,False
2026-04,sunscreen,candida albicans,1,87,0.011494,False,False
2026-04,sunscreen,"carcinoma, squamous cell",1,87,0.011494,False,False
2026-04,sunscreen,caregivers,1,87,0.011494,False,False
2026-04,sunscreen,catalase,1,87,0.011494,False,False
2026-04,sunscreen,cattle,1,87,0.011494,False,False
2026-04,sunscreen,cell line,1,87,0.011494,False,False
2026-04,sunscreen,cell proliferation,1,87,0.011494,False,False
2026-04,sunscreen,cell wall,1,87,0.011494,False,False
2026-04,sunscreen,chemexfoliation,1,87,0.011494,False,False
2026-04,sunscreen,"chemistry, pharmaceutical",1,87,0.011494,False,False
2026-04,sunscreen,child behavior,1,87,0.011494,False,False
2026-04,sunscreen,cinnamates,1,87,0.011494,False,False
2026-04,sunscreen,circular dichroism,1,87,0.011494,False,False
2026-04,sunscreen,cobalt,1,87,0.011494,False,False
2026-04,sunscreen,coculture techniques,1,87,0.011494,False,False
2026-04,sunscreen,collagen,1,87,0.011494,False,False
2026-04,sunscreen,combined modality therapy,1,87,0.011494,False,False
2026-04,sunscreen,computer simulation,1,87,0.011494,False,False
2026-04,sunscreen,cooking,1,87,0.011494,False,False
2026-04,sunscreen,corneal diseases,1,87,0.011494,False,False
2026-04,sunscreen,corneal opacity,1,87,0.011494,False,False
2026-04,sunscreen,cutaneous squamous cell carcinoma,1,87,0.011494,False,False
2026-04,sunscreen,cyanobacteria,1,87,0.011494,False,False
2026-04,sunscreen,cyclohexanones,1,87,0.011494,False,False
2026-04,sunscreen,cytokines,1,87,0.011494,False,False
2026-04,sunscreen,deet,1,87,0.011494,False,False
2026-04,sunscreen,"dermatitis, allergic contact",1,87,0.011494,False,False
2026-04,sunscreen,dermatologic agents,1,87,0.011494,False,False
2026-04,sunscreen,desiccation,1,87,0.011494,False,False
2026-04,sunscreen,dna repair,1,87,0.011494,False,False
2026-04,sunscreen,dna-binding proteins,1,87,0.011494,False,False
2026-04,sunscreen,double-blind method,1,87,0.011494,False,False
2026-04,sunscreen,droughts,1,87,0.011494,False,False
2026-04,sunscreen,drug carriers,1,87,0.011494,False,False
2026-04,sunscreen,drug compounding,1,87,0.011494,False,False
2026-04,sunscreen,drug synergism,1,87,0.011494,False,False
2026-04,sunscreen,"drug therapy, combination",1,87,0.011494,False,False
2026-04,sunscreen,"drugs, chinese herbal",1,87,0.011494,False,False
2026-04,sunscreen,east asian people,1,87,0.011494,False,False
2026-04,sunscreen,ecosystem,1,87,0.011494,False,False
2026-04,sunscreen,"embryo, nonmammalian",1,87,0.011494,False,False
2026-04,sunscreen,endoplasmic reticulum,1,87,0.011494,False,False
2026-04,sunscreen,endoplasmic reticulum chaperone bip,1,87,0.011494,False,False
2026-04,sunscreen,endoplasmic reticulum stress,1,87,0.011494,False,False
2026-04,sunscreen,environmental exposure,1,87,0.011494,False,False
2026-04,sunscreen,environmental monitoring,1,87,0.011494,False,False
2026-04,sunscreen,environmental pollution,1,87,0.011494,False,False
2026-04,sunscreen,epidermis,1,87,0.011494,False,False
2026-04,sunscreen,"epigenesis, genetic",1,87,0.011494,False,False
2026-04,sunscreen,escherichia coli,1,87,0.011494,False,False
2026-04,sunscreen,europe,1,87,0.011494,False,False
2026-04,sunscreen,face,1,87,0.011494,False,False
2026-04,sunscreen,facial dermatoses,1,87,0.011494,False,False
2026-04,sunscreen,fermentation,1,87,0.011494,False,False
2026-04,sunscreen,fibroblasts,1,87,0.011494,False,False
2026-04,sunscreen,fibroins,1,87,0.011494,False,False
2026-04,sunscreen,filtration,1,87,0.011494,False,False
2026-04,sunscreen,flowers,1,87,0.011494,False,False
2026-04,sunscreen,fluorescence,1,87,0.011494,False,False
2026-04,sunscreen,food contamination,1,87,0.011494,False,False
2026-04,sunscreen,fresh water,1,87,0.011494,False,False
2026-04,sunscreen,fuzzy logic,1,87,0.011494,False,False
2026-04,sunscreen,gene expression profiling,1,87,0.011494,False,False
2026-04,sunscreen,"gene expression regulation, neoplastic",1,87,0.011494,False,False
2026-04,sunscreen,glutathione,1,87,0.011494,False,False
2026-04,sunscreen,glutathione transferase,1,87,0.011494,False,False
2026-04,sunscreen,glycine,1,87,0.011494,False,False
2026-04,sunscreen,greece,1,87,0.011494,False,False
2026-04,sunscreen,green chemistry technology,1,87,0.011494,False,False
2026-04,sunscreen,hot temperature,1,87,0.011494,False,False
2026-04,sunscreen,hydrogen-ion concentration,1,87,0.011494,False,False
2026-04,sunscreen,hyperpigmentation,1,87,0.011494,False,False
2026-04,sunscreen,immunosuppressive agents,1,87,0.011494,False,False
2026-04,sunscreen,incidence,1,87,0.011494,False,False
2026-04,sunscreen,infant,1,87,0.011494,False,False
2026-04,sunscreen,"infant, newborn",1,87,0.011494,False,False
2026-04,sunscreen,inflammation,1,87,0.011494,False,False
2026-04,sunscreen,insect repellents,1,87,0.011494,False,False
2026-04,sunscreen,irritants,1,87,0.011494,False,False
2026-04,sunscreen,isothiocyanates,1,87,0.011494,False,False
2026-04,sunscreen,italy,1,87,0.011494,False,False
2026-04,sunscreen,janus kinase inhibitors,1,87,0.011494,False,False
2026-04,sunscreen,japan,1,87,0.011494,False,False
2026-04,sunscreen,kelch-like ech-associated protein 1,1,87,0.011494,False,False
2026-04,sunscreen,ketotifen,1,87,0.011494,False,False
2026-04,sunscreen,lakes,1,87,0.011494,False,False
2026-04,sunscreen,larva,1,87,0.011494,False,False
2026-04,sunscreen,"lasers, solid-state",1,87,0.011494,False,False
2026-04,sunscreen,lavandula,1,87,0.011494,False,False
2026-04,sunscreen,"lenses, intraocular",1,87,0.011494,False,False
2026-04,sunscreen,lignin,1,87,0.011494,False,False
2026-04,sunscreen,limbal stem cell deficiency,1,87,0.011494,False,False
2026-04,sunscreen,limbal stem cells,1,87,0.011494,False,False
2026-04,sunscreen,limbus corneae,1,87,0.011494,False,False
2026-04,sunscreen,lipid peroxidation,1,87,0.011494,False,False
2026-04,sunscreen,liquid chromatography-mass spectrometry,1,87,0.011494,False,False
2026-04,sunscreen,low-level light therapy,1,87,0.011494,False,False
2026-04,sunscreen,melanins,1,87,0.011494,False,False
2026-04,sunscreen,metabolic networks and pathways,1,87,0.011494,False,False
2026-04,sunscreen,metabolomics,1,87,0.011494,False,False
2026-04,sunscreen,metal nanoparticles,1,87,0.011494,False,False
2026-04,sunscreen,"mice, hairless",1,87,0.011494,False,False
2026-04,sunscreen,microbial sensitivity tests,1,87,0.011494,False,False
2026-04,sunscreen,microspheres,1,87,0.011494,False,False
2026-04,sunscreen,mitochondrial dynamics,1,87,0.011494,False,False
2026-04,sunscreen,molecular structure,1,87,0.011494,False,False
2026-04,sunscreen,mutation,1,87,0.011494,False,False
2026-04,sunscreen,mytilus,1,87,0.011494,False,False
2026-04,sunscreen,n-acetylneuraminic acid,1,87,0.011494,False,False
2026-04,sunscreen,nanocomposites,1,87,0.011494,False,False
2026-04,sunscreen,nf-e2-related factor 2,1,87,0.011494,False,False
2026-04,sunscreen,oxidants,1,87,0.011494,False,False
2026-04,sunscreen,oxides,1,87,0.011494,False,False
2026-04,sunscreen,oxidoreductases,1,87,0.011494,False,False
2026-04,sunscreen,parents,1,87,0.011494,False,False
2026-04,sunscreen,particulate matter,1,87,0.011494,False,False
2026-04,sunscreen,patient satisfaction,1,87,0.011494,False,False
2026-04,sunscreen,perfume,1,87,0.011494,False,False
2026-04,sunscreen,phosphates,1,87,0.011494,False,False
2026-04,sunscreen,phospholipids,1,87,0.011494,False,False
2026-04,sunscreen,photosynthetic reaction center complex proteins,1,87,0.011494,False,False
2026-04,sunscreen,piperidines,1,87,0.011494,False,False
2026-04,sunscreen,plant extracts,1,87,0.011494,False,False
2026-04,sunscreen,plant leaves,1,87,0.011494,False,False
2026-04,sunscreen,plant proteins,1,87,0.011494,False,False
2026-04,sunscreen,plastids,1,87,0.011494,False,False
2026-04,sunscreen,poaceae,1,87,0.011494,False,False
2026-04,sunscreen,polyunsaturated alkamides,1,87,0.011494,False,False
2026-04,sunscreen,prevalence,1,87,0.011494,False,False
2026-04,sunscreen,prospective studies,1,87,0.011494,False,False
2026-04,sunscreen,protective clothing,1,87,0.011494,False,False
2026-04,sunscreen,protective factors,1,87,0.011494,False,False
2026-04,sunscreen,"protein structure, secondary",1,87,0.011494,False,False
2026-04,sunscreen,proto-oncogene proteins c-fos,1,87,0.011494,False,False
2026-04,sunscreen,pyrimidine dimers,1,87,0.011494,False,False
2026-04,sunscreen,pyrimidines,1,87,0.011494,False,False
2026-04,sunscreen,quality of life,1,87,0.011494,False,False
2026-04,sunscreen,rabbits,1,87,0.011494,False,False
2026-04,sunscreen,radiation-protective agents,1,87,0.011494,False,False
2026-04,sunscreen,recreation,1,87,0.011494,False,False
2026-04,sunscreen,red light,1,87,0.011494,False,False
2026-04,sunscreen,regeneration,1,87,0.011494,False,False
2026-04,sunscreen,regenerative medicine,1,87,0.011494,False,False
2026-04,sunscreen,reproduction,1,87,0.011494,False,False
2026-04,sunscreen,retinal pigment epithelium,1,87,0.011494,False,False
2026-04,sunscreen,rickets,1,87,0.011494,False,False
2026-04,sunscreen,risk assessment,1,87,0.011494,False,False
2026-04,sunscreen,risk factors,1,87,0.011494,False,False
2026-04,sunscreen,seafood,1,87,0.011494,False,False
2026-04,sunscreen,secondary metabolism,1,87,0.011494,False,False
2026-04,sunscreen,severity of illness index,1,87,0.011494,False,False
2026-04,sunscreen,skin diseases,1,87,0.011494,False,False
2026-04,sunscreen,skin pigmentation,1,87,0.011494,False,False
2026-04,sunscreen,"spectrophotometry, infrared",1,87,0.011494,False,False
2026-04,sunscreen,"spectroscopy, fourier transform infrared",1,87,0.011494,False,False
2026-04,sunscreen,staphylococcus,1,87,0.011494,False,False
2026-04,sunscreen,staphylococcus aureus,1,87,0.011494,False,False
2026-04,sunscreen,staphylococcus epidermidis,1,87,0.011494,False,False
2026-04,sunscreen,stem cell niche,1,87,0.011494,False,False
2026-04,sunscreen,stem cells,1,87,0.011494,False,False
2026-04,sunscreen,"stress, physiological",1,87,0.011494,False,False
2026-04,sunscreen,succinates,1,87,0.011494,False,False
2026-04,sunscreen,sulfoxides,1,87,0.011494,False,False
2026-04,sunscreen,superoxides,1,87,0.011494,False,False
2026-04,sunscreen,swimming pools,1,87,0.011494,False,False
2026-04,sunscreen,symbiosis,1,87,0.011494,False,False
2026-04,sunscreen,tandem mass spectrometry,1,87,0.011494,False,False
2026-04,sunscreen,tannins,1,87,0.011494,False,False
2026-04,sunscreen,thymidine,1,87,0.011494,False,False
2026-04,sunscreen,titanium,1,87,0.011494,False,False
2026-04,sunscreen,"toxicity tests, acute",1,87,0.011494,False,False
2026-04,sunscreen,tranexamic acid,1,87,0.011494,False,False
2026-04,sunscreen,transcription factor ap-1,1,87,0.011494,False,False
2026-04,sunscreen,"transcription, genetic",1,87,0.011494,False,False
2026-04,sunscreen,transcriptome,1,87,0.011494,False,False
2026-04,sunscreen,trpv cation channels,1,87,0.011494,False,False
2026-04,sunscreen,usnea,1,87,0.011494,False,False
2026-04,sunscreen,wastewater,1,87,0.011494,False,False
2026-04,sunscreen,zanthoxylum,1,87,0.011494,False,False
2026-04,sunscreen,zebrafish,1,87,0.011494,False,False
2026-04,sunscreen,zinc oxide,1,87,0.011494,False,False
2026-05,sunscreen,humans,22,91,0.241758,False,False
2026-05,sunscreen,ultraviolet rays,18,91,0.197802,False,False
2026-05,sunscreen,sunscreening agents,17,91,0.186813,False,False
2026-05,sunscreen,light,12,91,0.131868,False,False
2026-05,sunscreen,animals,11,91,0.120879,False,False
2026-05,sunscreen,female,11,91,0.120879,False,False
2026-05,sunscreen,male,9,91,0.098901,False,False
2026-05,sunscreen,photosynthesis,9,91,0.098901,False,False
2026-05,sunscreen,adult,8,91,0.087912,False,False
2026-05,sunscreen,skin,8,91,0.087912,False,False
2026-05,sunscreen,antioxidants,7,91,0.076923,False,False
2026-05,sunscreen,"gene expression regulation, plant",6,91,0.065934,False,False
2026-05,sunscreen,middle aged,6,91,0.065934,False,False
2026-05,sunscreen,plant proteins,6,91,0.065934,False,False
2026-05,sunscreen,aged,5,91,0.054945,False,False
2026-05,sunscreen,cross-sectional studies,5,91,0.054945,False,False
2026-05,sunscreen,oxidative stress,5,91,0.054945,False,False
2026-05,sunscreen,reactive oxygen species,5,91,0.054945,False,False
2026-05,sunscreen,skin aging,5,91,0.054945,False,False
2026-05,sunscreen,young adult,5,91,0.054945,False,False
2026-05,sunscreen,mice,4,91,0.043956,False,False
2026-05,sunscreen,photosystem ii protein complex,4,91,0.043956,False,False
2026-05,sunscreen,signal transduction,4,91,0.043956,False,False
2026-05,sunscreen,skin neoplasms,4,91,0.043956,False,False
2026-05,sunscreen,"water pollutants, chemical",4,91,0.043956,False,False
2026-05,sunscreen,apoptosis,3,91,0.032967,False,False
2026-05,sunscreen,arabidopsis,3,91,0.032967,False,False
2026-05,sunscreen,arabidopsis proteins,3,91,0.032967,False,False
2026-05,sunscreen,cell survival,3,91,0.032967,False,False
2026-05,sunscreen,environmental monitoring,3,91,0.032967,False,False
2026-05,sunscreen,fibroblasts,3,91,0.032967,False,False
2026-05,sunscreen,lipid peroxidation,3,91,0.032967,False,False
2026-05,sunscreen,"plants, genetically modified",3,91,0.032967,False,False
2026-05,sunscreen,polysaccharides,3,91,0.032967,False,False
2026-05,sunscreen,risk factors,3,91,0.032967,False,False
2026-05,sunscreen,seeds,3,91,0.032967,False,False
2026-05,sunscreen,skin pigmentation,3,91,0.032967,False,False
2026-05,sunscreen,sun protection factor,3,91,0.032967,False,False
2026-05,sunscreen,sunburn,3,91,0.032967,False,False
2026-05,sunscreen,sunlight,3,91,0.032967,False,False
2026-05,sunscreen,united states,3,91,0.032967,False,False
2026-05,sunscreen,acclimatization,2,91,0.021978,False,False
2026-05,sunscreen,"administration, cutaneous",2,91,0.021978,False,False
2026-05,sunscreen,adolescent,2,91,0.021978,False,False
2026-05,sunscreen,blue light,2,91,0.021978,False,False
2026-05,sunscreen,cell adhesion,2,91,0.021978,False,False
2026-05,sunscreen,cell line,2,91,0.021978,False,False
2026-05,sunscreen,cell movement,2,91,0.021978,False,False
2026-05,sunscreen,chloroplasts,2,91,0.021978,False,False
2026-05,sunscreen,cosmetics,2,91,0.021978,False,False
2026-05,sunscreen,hacat cells,2,91,0.021978,False,False
2026-05,sunscreen,health behavior,2,91,0.021978,False,False
2026-05,sunscreen,"health knowledge, attitudes, practice",2,91,0.021978,False,False
2026-05,sunscreen,homeostasis,2,91,0.021978,False,False
2026-05,sunscreen,keratinocytes,2,91,0.021978,False,False
2026-05,sunscreen,liquid chromatography-mass spectrometry,2,91,0.021978,False,False
2026-05,sunscreen,melanins,2,91,0.021978,False,False
2026-05,sunscreen,melanoma,2,91,0.021978,False,False
2026-05,sunscreen,mutation,2,91,0.021978,False,False
2026-05,sunscreen,occupational exposure,2,91,0.021978,False,False
2026-05,sunscreen,oxidoreductases,2,91,0.021978,False,False
2026-05,sunscreen,plant leaves,2,91,0.021978,False,False
2026-05,sunscreen,plant oils,2,91,0.021978,False,False
2026-05,sunscreen,"promoter regions, genetic",2,91,0.021978,False,False
2026-05,sunscreen,protective clothing,2,91,0.021978,False,False
2026-05,sunscreen,recombinant proteins,2,91,0.021978,False,False
2026-05,sunscreen,rheology,2,91,0.021978,False,False
2026-05,sunscreen,"stress, physiological",2,91,0.021978,False,False
2026-05,sunscreen,surveys and questionnaires,2,91,0.021978,False,False
2026-05,sunscreen,transcription factors,2,91,0.021978,False,False
2026-05,sunscreen,transcriptome,2,91,0.021978,False,False
2026-05,sunscreen,xanthophylls,2,91,0.021978,False,False
2026-05,sunscreen,zeaxanthins,2,91,0.021978,False,False
2026-05,sunscreen,zebrafish,2,91,0.021978,False,False
2026-05,sunscreen,abscisic acid,1,91,0.010989,False,False
2026-05,sunscreen,acetylcholinesterase,1,91,0.010989,False,False
2026-05,sunscreen,"adaptation, physiological",1,91,0.010989,False,False
2026-05,sunscreen,adenosine triphosphate,1,91,0.010989,False,False
2026-05,sunscreen,adhesives,1,91,0.010989,False,False
2026-05,sunscreen,"administration, topical",1,91,0.010989,False,False
2026-05,sunscreen,age factors,1,91,0.010989,False,False
2026-05,sunscreen,aggression,1,91,0.010989,False,False
2026-05,sunscreen,alkalies,1,91,0.010989,False,False
2026-05,sunscreen,alkaloids,1,91,0.010989,False,False
2026-05,sunscreen,alkyl and aryl transferases,1,91,0.010989,False,False
2026-05,sunscreen,amino acid sequence,1,91,0.010989,False,False
2026-05,sunscreen,amino acids,1,91,0.010989,False,False
2026-05,sunscreen,anthocyanins,1,91,0.010989,False,False
2026-05,sunscreen,anthozoa,1,91,0.010989,False,False
2026-05,sunscreen,anti-inflammatory agents,1,91,0.010989,False,False
2026-05,sunscreen,arctic regions,1,91,0.010989,False,False
2026-05,sunscreen,astacoidea,1,91,0.010989,False,False
2026-05,sunscreen,australia,1,91,0.010989,False,False
2026-05,sunscreen,azepines,1,91,0.010989,False,False
2026-05,sunscreen,bacterial typing techniques,1,91,0.010989,False,False
2026-05,sunscreen,bacteroidetes,1,91,0.010989,False,False
2026-05,sunscreen,basal cell carcinoma,1,91,0.010989,False,False
2026-05,sunscreen,base composition,1,91,0.010989,False,False
2026-05,sunscreen,basidiomycota,1,91,0.010989,False,False
2026-05,sunscreen,"behavior, animal",1,91,0.010989,False,False
2026-05,sunscreen,benzophenones,1,91,0.010989,False,False
2026-05,sunscreen,biological mimicry,1,91,0.010989,False,False
2026-05,sunscreen,biomarkers,1,91,0.010989,False,False
2026-05,sunscreen,biomass,1,91,0.010989,False,False
2026-05,sunscreen,bioreactors,1,91,0.010989,False,False
2026-05,sunscreen,bivalvia,1,91,0.010989,False,False
2026-05,sunscreen,brassica rapa,1,91,0.010989,False,False
2026-05,sunscreen,calcium,1,91,0.010989,False,False
2026-05,sunscreen,canada,1,91,0.010989,False,False
2026-05,sunscreen,carbon dioxide,1,91,0.010989,False,False
2026-05,sunscreen,carbon quantum dots,1,91,0.010989,False,False
2026-05,sunscreen,carotenoids,1,91,0.010989,False,False
2026-05,sunscreen,cell wall,1,91,0.010989,False,False
2026-05,sunscreen,cellular senescence,1,91,0.010989,False,False
2026-05,sunscreen,china,1,91,0.010989,False,False
2026-05,sunscreen,chlamydomonas reinhardtii,1,91,0.010989,False,False
2026-05,sunscreen,chlorophyll,1,91,0.010989,False,False
2026-05,sunscreen,"chromatography, high pressure liquid",1,91,0.010989,False,False
2026-05,sunscreen,"chromatography, liquid",1,91,0.010989,False,False
2026-05,sunscreen,cold temperature,1,91,0.010989,False,False
2026-05,sunscreen,cold-shock response,1,91,0.010989,False,False
2026-05,sunscreen,collagen type i,1,91,0.010989,False,False
2026-05,sunscreen,cornea,1,91,0.010989,False,False
2026-05,sunscreen,cosmetic techniques,1,91,0.010989,False,False
2026-05,sunscreen,coumaric acids,1,91,0.010989,False,False
2026-05,sunscreen,cutaneous malignant melanoma,1,91,0.010989,False,False
2026-05,sunscreen,cutaneous squamous cell carcinoma,1,91,0.010989,False,False
2026-05,sunscreen,cyclohexanols,1,91,0.010989,False,False
2026-05,sunscreen,cyclopentanes,1,91,0.010989,False,False
2026-05,sunscreen,cysteine,1,91,0.010989,False,False
2026-05,sunscreen,deer,1,91,0.010989,False,False
2026-05,sunscreen,diatoms,1,91,0.010989,False,False
2026-05,sunscreen,"dna, bacterial",1,91,0.010989,False,False
2026-05,sunscreen,double-blind method,1,91,0.010989,False,False
2026-05,sunscreen,drug carriers,1,91,0.010989,False,False
2026-05,sunscreen,early detection of cancer,1,91,0.010989,False,False
2026-05,sunscreen,east asian people,1,91,0.010989,False,False
2026-05,sunscreen,ecosystem,1,91,0.010989,False,False
2026-05,sunscreen,edible seaweeds,1,91,0.010989,False,False
2026-05,sunscreen,egypt,1,91,0.010989,False,False
2026-05,sunscreen,electron transport,1,91,0.010989,False,False
2026-05,sunscreen,endoplasmic reticulum,1,91,0.010989,False,False
2026-05,sunscreen,enzyme inhibitors,1,91,0.010989,False,False
2026-05,sunscreen,epidermal growth factor,1,91,0.010989,False,False
2026-05,sunscreen,"epigenesis, genetic",1,91,0.010989,False,False
2026-05,sunscreen,erythema,1,91,0.010989,False,False
2026-05,sunscreen,escherichia coli,1,91,0.010989,False,False
2026-05,sunscreen,eye,1,91,0.010989,False,False
2026-05,sunscreen,eye protective devices,1,91,0.010989,False,False
2026-05,sunscreen,face,1,91,0.010989,False,False
2026-05,sunscreen,farmers,1,91,0.010989,False,False
2026-05,sunscreen,fatty acids,1,91,0.010989,False,False
2026-05,sunscreen,ferric compounds,1,91,0.010989,False,False
2026-05,sunscreen,flaveria,1,91,0.010989,False,False
2026-05,sunscreen,fluorescence,1,91,0.010989,False,False
2026-05,sunscreen,food contamination,1,91,0.010989,False,False
2026-05,sunscreen,food packaging,1,91,0.010989,False,False
2026-05,sunscreen,forests,1,91,0.010989,False,False
2026-05,sunscreen,fungal polysaccharides,1,91,0.010989,False,False
2026-05,sunscreen,gamma-cyclodextrins,1,91,0.010989,False,False
2026-05,sunscreen,gene expression,1,91,0.010989,False,False
2026-05,sunscreen,gene expression profiling,1,91,0.010989,False,False
2026-05,sunscreen,geranylgeranyl-diphosphate geranylgeranyltransferase,1,91,0.010989,False,False
2026-05,sunscreen,germany,1,91,0.010989,False,False
2026-05,sunscreen,germination,1,91,0.010989,False,False
2026-05,sunscreen,glycine max,1,91,0.010989,False,False
2026-05,sunscreen,gossypium,1,91,0.010989,False,False
2026-05,sunscreen,green chemistry technology,1,91,0.010989,False,False
2026-05,sunscreen,health status disparities,1,91,0.010989,False,False
2026-05,sunscreen,health surveys,1,91,0.010989,False,False
2026-05,sunscreen,heat-shock response,1,91,0.010989,False,False
2026-05,sunscreen,herbivory,1,91,0.010989,False,False
2026-05,sunscreen,"heterocyclic compounds, 4 or more rings",1,91,0.010989,False,False
2026-05,sunscreen,hot temperature,1,91,0.010989,False,False
2026-05,sunscreen,hydrogen bonding,1,91,0.010989,False,False
2026-05,sunscreen,hydrophobic and hydrophilic interactions,1,91,0.010989,False,False
2026-05,sunscreen,hyperpigmentation,1,91,0.010989,False,False
2026-05,sunscreen,hyperspectral imaging,1,91,0.010989,False,False
2026-05,sunscreen,hypromellose derivatives,1,91,0.010989,False,False
2026-05,sunscreen,ice cover,1,91,0.010989,False,False
2026-05,sunscreen,incidence,1,91,0.010989,False,False
2026-05,sunscreen,industrial waste,1,91,0.010989,False,False
2026-05,sunscreen,"injections, intradermal",1,91,0.010989,False,False
2026-05,sunscreen,inonotus,1,91,0.010989,False,False
2026-05,sunscreen,introduced species,1,91,0.010989,False,False
2026-05,sunscreen,juglans,1,91,0.010989,False,False
2026-05,sunscreen,lactic acid,1,91,0.010989,False,False
2026-05,sunscreen,lasers,1,91,0.010989,False,False
2026-05,sunscreen,lignin,1,91,0.010989,False,False
2026-05,sunscreen,limit of detection,1,91,0.010989,False,False
2026-05,sunscreen,linear models,1,91,0.010989,False,False
2026-05,sunscreen,mass screening,1,91,0.010989,False,False
2026-05,sunscreen,medicago sativa,1,91,0.010989,False,False
2026-05,sunscreen,melatonin,1,91,0.010989,False,False
2026-05,sunscreen,membrane proteins,1,91,0.010989,False,False
2026-05,sunscreen,"mice, inbred c57bl",1,91,0.010989,False,False
2026-05,sunscreen,microneedle drug delivery,1,91,0.010989,False,False
2026-05,sunscreen,microspheres,1,91,0.010989,False,False
2026-05,sunscreen,military personnel,1,91,0.010989,False,False
2026-05,sunscreen,mitochondria,1,91,0.010989,False,False
2026-05,sunscreen,molecular dynamics simulation,1,91,0.010989,False,False
2026-05,sunscreen,monophenol monooxygenase,1,91,0.010989,False,False
2026-05,sunscreen,muscles,1,91,0.010989,False,False
2026-05,sunscreen,nanocomposites,1,91,0.010989,False,False
2026-05,sunscreen,nanoparticles,1,91,0.010989,False,False
2026-05,sunscreen,needles,1,91,0.010989,False,False
2026-05,sunscreen,nitrogen,1,91,0.010989,False,False
2026-05,sunscreen,north america,1,91,0.010989,False,False
2026-05,sunscreen,nucleic acid hybridization,1,91,0.010989,False,False
2026-05,sunscreen,oligopeptides,1,91,0.010989,False,False
2026-05,sunscreen,oxidation-reduction,1,91,0.010989,False,False
2026-05,sunscreen,oxidoreductases acting on ch-ch group donors,1,91,0.010989,False,False
2026-05,sunscreen,oxylipins,1,91,0.010989,False,False
2026-05,sunscreen,particle size,1,91,0.010989,False,False
2026-05,sunscreen,patch tests,1,91,0.010989,False,False
2026-05,sunscreen,patient satisfaction,1,91,0.010989,False,False
2026-05,sunscreen,phenanthridines,1,91,0.010989,False,False
2026-05,sunscreen,phosphates,1,91,0.010989,False,False
2026-05,sunscreen,photobiology,1,91,0.010989,False,False
2026-05,sunscreen,photosensitivity disorders,1,91,0.010989,False,False
2026-05,sunscreen,photosynthetic reaction center complex proteins,1,91,0.010989,False,False
2026-05,sunscreen,photosystem i protein complex,1,91,0.010989,False,False
2026-05,sunscreen,phylogeny,1,91,0.010989,False,False
2026-05,sunscreen,pichia,1,91,0.010989,False,False
2026-05,sunscreen,pigmentation,1,91,0.010989,False,False
2026-05,sunscreen,"pigments, biological",1,91,0.010989,False,False
2026-05,sunscreen,pilot projects,1,91,0.010989,False,False
2026-05,sunscreen,plant growth regulators,1,91,0.010989,False,False
2026-05,sunscreen,plant roots,1,91,0.010989,False,False
2026-05,sunscreen,plastoquinone,1,91,0.010989,False,False
2026-05,sunscreen,polylactic acid-polyglycolic acid copolymer,1,91,0.010989,False,False
2026-05,sunscreen,polymers,1,91,0.010989,False,False
2026-05,sunscreen,polymethyl methacrylate,1,91,0.010989,False,False
2026-05,sunscreen,polyvinyl alcohol,1,91,0.010989,False,False
2026-05,sunscreen,populus,1,91,0.010989,False,False
2026-05,sunscreen,prevalence,1,91,0.010989,False,False
2026-05,sunscreen,principal component analysis,1,91,0.010989,False,False
2026-05,sunscreen,"printing, three-dimensional",1,91,0.010989,False,False
2026-05,sunscreen,propiophenones,1,91,0.010989,False,False
2026-05,sunscreen,prospective studies,1,91,0.010989,False,False
2026-05,sunscreen,protein engineering,1,91,0.010989,False,False
2026-05,sunscreen,proteomics,1,91,0.010989,False,False
2026-05,sunscreen,quinolines,1,91,0.010989,False,False
2026-05,sunscreen,radiation-protective agents,1,91,0.010989,False,False
2026-05,sunscreen,"receptors, aryl hydrocarbon",1,91,0.010989,False,False
2026-05,sunscreen,rejuvenation,1,91,0.010989,False,False
2026-05,sunscreen,reproducibility of results,1,91,0.010989,False,False
2026-05,sunscreen,resveratrol,1,91,0.010989,False,False
2026-05,sunscreen,retina,1,91,0.010989,False,False
2026-05,sunscreen,rhodophyta,1,91,0.010989,False,False
2026-05,sunscreen,"rna, ribosomal, 16s",1,91,0.010989,False,False
2026-05,sunscreen,saccharomycetales,1,91,0.010989,False,False
2026-05,sunscreen,saxifragaceae,1,91,0.010989,False,False
2026-05,sunscreen,seawater,1,91,0.010989,False,False
2026-05,sunscreen,self report,1,91,0.010989,False,False
2026-05,sunscreen,"sequence analysis, dna",1,91,0.010989,False,False
2026-05,sunscreen,sex factors,1,91,0.010989,False,False
2026-05,sunscreen,skin absorption,1,91,0.010989,False,False
2026-05,sunscreen,skin microbiome,1,91,0.010989,False,False
2026-05,sunscreen,sodium chloride,1,91,0.010989,False,False
2026-05,sunscreen,solubility,1,91,0.010989,False,False
2026-05,sunscreen,south africa,1,91,0.010989,False,False
2026-05,sunscreen,"spectrometry, fluorescence",1,91,0.010989,False,False
2026-05,sunscreen,"spectroscopy, fourier transform infrared",1,91,0.010989,False,False
2026-05,sunscreen,staphylococcus aureus,1,91,0.010989,False,False
2026-05,sunscreen,students,1,91,0.010989,False,False
2026-05,sunscreen,sulfur,1,91,0.010989,False,False
2026-05,sunscreen,sunbathing,1,91,0.010989,False,False
2026-05,sunscreen,support vector machine,1,91,0.010989,False,False
2026-05,sunscreen,surface properties,1,91,0.010989,False,False
2026-05,sunscreen,tandem mass spectrometry,1,91,0.010989,False,False
2026-05,sunscreen,temperature,1,91,0.010989,False,False
2026-05,sunscreen,thermotolerance,1,91,0.010989,False,False
2026-05,sunscreen,thylakoids,1,91,0.010989,False,False
2026-05,sunscreen,"transcription, genetic",1,91,0.010989,False,False
2026-05,sunscreen,treatment outcome,1,91,0.010989,False,False
2026-05,sunscreen,tretinoin,1,91,0.010989,False,False
2026-05,sunscreen,ulva,1,91,0.010989,False,False
2026-05,sunscreen,universities,1,91,0.010989,False,False
2026-05,sunscreen,victoria,1,91,0.010989,False,False
2026-05,sunscreen,vitamin d,1,91,0.010989,False,False
2026-05,sunscreen,vitamin d deficiency,1,91,0.010989,False,False
2026-05,sunscreen,"water pollution, chemical",1,91,0.010989,False,False
2026-05,sunscreen,wetlands,1,91,0.010989,False,False
2026-05,sunscreen,white people,1,91,0.010989,False,False
2026-05,sunscreen,working conditions,1,91,0.010989,False,False
2026-05,sunscreen,wound healing,1,91,0.010989,False,False
2026-05,sunscreen,xylem,1,91,0.010989,False,False
2026-05,sunscreen,yin-yang,1,91,0.010989,False,False
2026-06,sunscreen,humans,22,84,0.261905,False,False
2026-06,sunscreen,sunscreening agents,17,84,0.202381,False,False
2026-06,sunscreen,ultraviolet rays,16,84,0.190476,False,False
2026-06,sunscreen,antioxidants,12,84,0.142857,False,False
2026-06,sunscreen,skin,8,84,0.095238,False,False
2026-06,sunscreen,animals,7,84,0.083333,False,False
2026-06,sunscreen,light,7,84,0.083333,False,False
2026-06,sunscreen,photosynthesis,6,84,0.071429,False,False
2026-06,sunscreen,reactive oxygen species,6,84,0.071429,False,False
2026-06,sunscreen,nanoparticles,5,84,0.059524,False,False
2026-06,sunscreen,mutation,4,84,0.047619,False,False
2026-06,sunscreen,oxidative stress,4,84,0.047619,False,False
2026-06,sunscreen,phenols,4,84,0.047619,False,False
2026-06,sunscreen,photosystem ii protein complex,4,84,0.047619,False,False
2026-06,sunscreen,plant extracts,4,84,0.047619,False,False
2026-06,sunscreen,sun protection factor,4,84,0.047619,False,False
2026-06,sunscreen,"water pollutants, chemical",4,84,0.047619,False,False
2026-06,sunscreen,antineoplastic agents,3,84,0.035714,False,False
2026-06,sunscreen,arabidopsis,3,84,0.035714,False,False
2026-06,sunscreen,benzophenones,3,84,0.035714,False,False
2026-06,sunscreen,chloroplasts,3,84,0.035714,False,False
2026-06,sunscreen,female,3,84,0.035714,False,False
2026-06,sunscreen,lignin,3,84,0.035714,False,False
2026-06,sunscreen,male,3,84,0.035714,False,False
2026-06,sunscreen,melanoma,3,84,0.035714,False,False
2026-06,sunscreen,plant leaves,3,84,0.035714,False,False
2026-06,sunscreen,radiation-protective agents,3,84,0.035714,False,False
2026-06,sunscreen,seasons,3,84,0.035714,False,False
2026-06,sunscreen,skin neoplasms,3,84,0.035714,False,False
2026-06,sunscreen,titanium,3,84,0.035714,False,False
2026-06,sunscreen,"administration, cutaneous",2,84,0.02381,False,False
2026-06,sunscreen,adult,2,84,0.02381,False,False
2026-06,sunscreen,alismatales,2,84,0.02381,False,False
2026-06,sunscreen,anti-bacterial agents,2,84,0.02381,False,False
2026-06,sunscreen,arabidopsis proteins,2,84,0.02381,False,False
2026-06,sunscreen,basic-leucine zipper transcription factors,2,84,0.02381,False,False
2026-06,sunscreen,benzothiazoles,2,84,0.02381,False,False
2026-06,sunscreen,carotenoids,2,84,0.02381,False,False
2026-06,sunscreen,cell survival,2,84,0.02381,False,False
2026-06,sunscreen,chitosan,2,84,0.02381,False,False
2026-06,sunscreen,chlorophyll,2,84,0.02381,False,False
2026-06,sunscreen,cutaneous squamous cell carcinoma,2,84,0.02381,False,False
2026-06,sunscreen,drug liberation,2,84,0.02381,False,False
2026-06,sunscreen,electron transport,2,84,0.02381,False,False
2026-06,sunscreen,flavonoids,2,84,0.02381,False,False
2026-06,sunscreen,"gene expression regulation, plant",2,84,0.02381,False,False
2026-06,sunscreen,hacat cells,2,84,0.02381,False,False
2026-06,sunscreen,keratinocytes,2,84,0.02381,False,False
2026-06,sunscreen,"keratosis, actinic",2,84,0.02381,False,False
2026-06,sunscreen,neoplasms,2,84,0.02381,False,False
2026-06,sunscreen,parenteral nutrition,2,84,0.02381,False,False
2026-06,sunscreen,particle size,2,84,0.02381,False,False
2026-06,sunscreen,plant proteins,2,84,0.02381,False,False
2026-06,sunscreen,quality of life,2,84,0.02381,False,False
2026-06,sunscreen,randomized controlled trials as topic,2,84,0.02381,False,False
2026-06,sunscreen,risk factors,2,84,0.02381,False,False
2026-06,sunscreen,signal transduction,2,84,0.02381,False,False
2026-06,sunscreen,skin diseases,2,84,0.02381,False,False
2026-06,sunscreen,skin pigmentation,2,84,0.02381,False,False
2026-06,sunscreen,solvents,2,84,0.02381,False,False
2026-06,sunscreen,starch,2,84,0.02381,False,False
2026-06,sunscreen,surface properties,2,84,0.02381,False,False
2026-06,sunscreen,acclimatization,1,84,0.011905,False,False
2026-06,sunscreen,acne vulgaris,1,84,0.011905,False,False
2026-06,sunscreen,acrylates,1,84,0.011905,False,False
2026-06,sunscreen,actinidia,1,84,0.011905,False,False
2026-06,sunscreen,acylation,1,84,0.011905,False,False
2026-06,sunscreen,"adaptation, physiological",1,84,0.011905,False,False
2026-06,sunscreen,"administration, topical",1,84,0.011905,False,False
2026-06,sunscreen,adolescent,1,84,0.011905,False,False
2026-06,sunscreen,aesculus,1,84,0.011905,False,False
2026-06,sunscreen,albinism,1,84,0.011905,False,False
2026-06,sunscreen,analgesics,1,84,0.011905,False,False
2026-06,sunscreen,anthocyanins,1,84,0.011905,False,False
2026-06,sunscreen,anti-inflammatory agents,1,84,0.011905,False,False
2026-06,sunscreen,"antibodies, monoclonal",1,84,0.011905,False,False
2026-06,sunscreen,"antibodies, monoclonal, humanized",1,84,0.011905,False,False
2026-06,sunscreen,antifungal agents,1,84,0.011905,False,False
2026-06,sunscreen,artemisia,1,84,0.011905,False,False
2026-06,sunscreen,basal cell carcinoma,1,84,0.011905,False,False
2026-06,sunscreen,baths,1,84,0.011905,False,False
2026-06,sunscreen,"behavior, animal",1,84,0.011905,False,False
2026-06,sunscreen,benzofurans,1,84,0.011905,False,False
2026-06,sunscreen,"bioactive peptides, dietary",1,84,0.011905,False,False
2026-06,sunscreen,carbon cycle,1,84,0.011905,False,False
2026-06,sunscreen,"carcinoma, squamous cell",1,84,0.011905,False,False
2026-06,sunscreen,catalysis,1,84,0.011905,False,False
2026-06,sunscreen,cell line,1,84,0.011905,False,False
2026-06,sunscreen,"cell line, tumor",1,84,0.011905,False,False
2026-06,sunscreen,cell proliferation,1,84,0.011905,False,False
2026-06,sunscreen,chalcones,1,84,0.011905,False,False
2026-06,sunscreen,chemexfoliation,1,84,0.011905,False,False
2026-06,sunscreen,chemoprevention,1,84,0.011905,False,False
2026-06,sunscreen,chlorella vulgaris,1,84,0.011905,False,False
2026-06,sunscreen,chlorophyll a,1,84,0.011905,False,False
2026-06,sunscreen,chlorophyta,1,84,0.011905,False,False
2026-06,sunscreen,cholinesterase inhibitors,1,84,0.011905,False,False
2026-06,sunscreen,cinnamates,1,84,0.011905,False,False
2026-06,sunscreen,consumer behavior,1,84,0.011905,False,False
2026-06,sunscreen,cordyceps,1,84,0.011905,False,False
2026-06,sunscreen,crispr-cas systems,1,84,0.011905,False,False
2026-06,sunscreen,cross-sectional studies,1,84,0.011905,False,False
2026-06,sunscreen,dendrobium,1,84,0.011905,False,False
2026-06,sunscreen,dermatologic agents,1,84,0.011905,False,False
2026-06,sunscreen,dietary supplements,1,84,0.011905,False,False
2026-06,sunscreen,dna repair,1,84,0.011905,False,False
2026-06,sunscreen,dna transposable elements,1,84,0.011905,False,False
2026-06,sunscreen,drug carriers,1,84,0.011905,False,False
2026-06,sunscreen,drug delivery systems,1,84,0.011905,False,False
2026-06,sunscreen,drug stability,1,84,0.011905,False,False
2026-06,sunscreen,emollients,1,84,0.011905,False,False
2026-06,sunscreen,environmental monitoring,1,84,0.011905,False,False
2026-06,sunscreen,erythema,1,84,0.011905,False,False
2026-06,sunscreen,escherichia coli,1,84,0.011905,False,False
2026-06,sunscreen,ethnic and racial minorities,1,84,0.011905,False,False
2026-06,sunscreen,evidence-based medicine,1,84,0.011905,False,False
2026-06,sunscreen,excision repair,1,84,0.011905,False,False
2026-06,sunscreen,"fat emulsions, intravenous",1,84,0.011905,False,False
2026-06,sunscreen,fluorescence,1,84,0.011905,False,False
2026-06,sunscreen,food packaging,1,84,0.011905,False,False
2026-06,sunscreen,food preservation,1,84,0.011905,False,False
2026-06,sunscreen,forests,1,84,0.011905,False,False
2026-06,sunscreen,free radical scavengers,1,84,0.011905,False,False
2026-06,sunscreen,fruit,1,84,0.011905,False,False
2026-06,sunscreen,fungal proteins,1,84,0.011905,False,False
2026-06,sunscreen,fungi,1,84,0.011905,False,False
2026-06,sunscreen,gallic acid,1,84,0.011905,False,False
2026-06,sunscreen,"gene expression regulation, fungal",1,84,0.011905,False,False
2026-06,sunscreen,genome-wide association study,1,84,0.011905,False,False
2026-06,sunscreen,glucans,1,84,0.011905,False,False
2026-06,sunscreen,glutathione,1,84,0.011905,False,False
2026-06,sunscreen,glycosylation,1,84,0.011905,False,False
2026-06,sunscreen,green chemistry technology,1,84,0.011905,False,False
2026-06,sunscreen,health education,1,84,0.011905,False,False
2026-06,sunscreen,"health knowledge, attitudes, practice",1,84,0.011905,False,False
2026-06,sunscreen,health literacy,1,84,0.011905,False,False
2026-06,sunscreen,heat-shock response,1,84,0.011905,False,False
2026-06,sunscreen,hematologic neoplasms,1,84,0.011905,False,False
2026-06,sunscreen,hydroxybutyrates,1,84,0.011905,False,False
2026-06,sunscreen,hyperpigmentation,1,84,0.011905,False,False
2026-06,sunscreen,immunocompetence,1,84,0.011905,False,False
2026-06,sunscreen,indoles,1,84,0.011905,False,False
2026-06,sunscreen,"infant, newborn",1,84,0.011905,False,False
2026-06,sunscreen,"infant, premature",1,84,0.011905,False,False
2026-06,sunscreen,interferon type i,1,84,0.011905,False,False
2026-06,sunscreen,larva,1,84,0.011905,False,False
2026-06,sunscreen,lipid peroxidation,1,84,0.011905,False,False
2026-06,sunscreen,liposomes,1,84,0.011905,False,False
2026-06,sunscreen,"lupus erythematosus, cutaneous",1,84,0.011905,False,False
2026-06,sunscreen,mice,1,84,0.011905,False,False
2026-06,sunscreen,microbiota,1,84,0.011905,False,False
2026-06,sunscreen,microplastics,1,84,0.011905,False,False
2026-06,sunscreen,"microscopy, electron, transmission",1,84,0.011905,False,False
2026-06,sunscreen,microspheres,1,84,0.011905,False,False
2026-06,sunscreen,middle aged,1,84,0.011905,False,False
2026-06,sunscreen,minerals,1,84,0.011905,False,False
2026-06,sunscreen,mitogen-activated protein kinases,1,84,0.011905,False,False
2026-06,sunscreen,"models, statistical",1,84,0.011905,False,False
2026-06,sunscreen,molecular structure,1,84,0.011905,False,False
2026-06,sunscreen,molecular targeted therapy,1,84,0.011905,False,False
2026-06,sunscreen,myelodysplastic syndromes,1,84,0.011905,False,False
2026-06,sunscreen,nanostructures,1,84,0.011905,False,False
2026-06,sunscreen,natamycin,1,84,0.011905,False,False
2026-06,sunscreen,nf-e2-related factor 2,1,84,0.011905,False,False
2026-06,sunscreen,nf-kappa b,1,84,0.011905,False,False
2026-06,sunscreen,nuclear proteins,1,84,0.011905,False,False
2026-06,sunscreen,ointments,1,84,0.011905,False,False
2026-06,sunscreen,oomycetes,1,84,0.011905,False,False
2026-06,sunscreen,organic chemicals,1,84,0.011905,False,False
2026-06,sunscreen,oryza,1,84,0.011905,False,False
2026-06,sunscreen,oxidoreductases,1,84,0.011905,False,False
2026-06,sunscreen,pennsylvania,1,84,0.011905,False,False
2026-06,sunscreen,perciformes,1,84,0.011905,False,False
2026-06,sunscreen,percutaneous collagen induction,1,84,0.011905,False,False
2026-06,sunscreen,permeability,1,84,0.011905,False,False
2026-06,sunscreen,photochemical processes,1,84,0.011905,False,False
2026-06,sunscreen,photosensitivity disorders,1,84,0.011905,False,False
2026-06,sunscreen,photosynthetic reaction center complex proteins,1,84,0.011905,False,False
2026-06,sunscreen,photosystem i protein complex,1,84,0.011905,False,False
2026-06,sunscreen,pilot projects,1,84,0.011905,False,False
2026-06,sunscreen,plant diseases,1,84,0.011905,False,False
2026-06,sunscreen,plant growth regulators,1,84,0.011905,False,False
2026-06,sunscreen,"plants, medicinal",1,84,0.011905,False,False
2026-06,sunscreen,polyesters,1,84,0.011905,False,False
2026-06,sunscreen,polyhydroxybutyrates,1,84,0.011905,False,False
2026-06,sunscreen,polyketide synthases,1,84,0.011905,False,False
2026-06,sunscreen,polysorbates,1,84,0.011905,False,False
2026-06,sunscreen,polystyrenes,1,84,0.011905,False,False
2026-06,sunscreen,populus,1,84,0.011905,False,False
2026-06,sunscreen,porosity,1,84,0.011905,False,False
2026-06,sunscreen,prevalence,1,84,0.011905,False,False
2026-06,sunscreen,prohibitins,1,84,0.011905,False,False
2026-06,sunscreen,"promoter regions, genetic",1,84,0.011905,False,False
2026-06,sunscreen,protein hydrolysates,1,84,0.011905,False,False
2026-06,sunscreen,quantum dots,1,84,0.011905,False,False
2026-06,sunscreen,risk reduction behavior,1,84,0.011905,False,False
2026-06,sunscreen,rutin,1,84,0.011905,False,False
2026-06,sunscreen,salicylates,1,84,0.011905,False,False
2026-06,sunscreen,school health services,1,84,0.011905,False,False
2026-06,sunscreen,schools,1,84,0.011905,False,False
2026-06,sunscreen,seaweed,1,84,0.011905,False,False
2026-06,sunscreen,singlet oxygen,1,84,0.011905,False,False
2026-06,sunscreen,skin aging,1,84,0.011905,False,False
2026-06,sunscreen,skin care,1,84,0.011905,False,False
2026-06,sunscreen,skin microbiome,1,84,0.011905,False,False
2026-06,sunscreen,smad proteins,1,84,0.011905,False,False
2026-06,sunscreen,solubility,1,84,0.011905,False,False
2026-06,sunscreen,sophora,1,84,0.011905,False,False
2026-06,sunscreen,spain,1,84,0.011905,False,False
2026-06,sunscreen,spectrophotometry,1,84,0.011905,False,False
2026-06,sunscreen,"spectrum analysis, raman",1,84,0.011905,False,False
2026-06,sunscreen,stilbenes,1,84,0.011905,False,False
2026-06,sunscreen,sulfonic acids,1,84,0.011905,False,False
2026-06,sunscreen,sunlight,1,84,0.011905,False,False
2026-06,sunscreen,swimming,1,84,0.011905,False,False
2026-06,sunscreen,tandem mass spectrometry,1,84,0.011905,False,False
2026-06,sunscreen,temperature,1,84,0.011905,False,False
2026-06,sunscreen,thioredoxins,1,84,0.011905,False,False
2026-06,sunscreen,"transcription, genetic",1,84,0.011905,False,False
2026-06,sunscreen,transcriptome,1,84,0.011905,False,False
2026-06,sunscreen,transforming growth factor beta,1,84,0.011905,False,False
2026-06,sunscreen,trees,1,84,0.011905,False,False
2026-06,sunscreen,triazines,1,84,0.011905,False,False
2026-06,sunscreen,tropical climate,1,84,0.011905,False,False
2026-06,sunscreen,tumor necrosis factor-alpha,1,84,0.011905,False,False
2026-06,sunscreen,tyk2 kinase,1,84,0.011905,False,False
2026-06,sunscreen,vitis,1,84,0.011905,False,False
2026-06,sunscreen,wound healing,1,84,0.011905,False,False
2026-06,sunscreen,xanthophylls,1,84,0.011905,False,False
2026-06,sunscreen,xeroderma pigmentosum,1,84,0.011905,False,False
2026-06,sunscreen,young adult,1,84,0.011905,False,False
2026-06,sunscreen,zeaxanthins,1,84,0.011905,False,False
2026-07,sunscreen,humans,14,68,0.205882,False,False
2026-07,sunscreen,sunscreening agents,11,68,0.161765,False,False
2026-07,sunscreen,photosynthesis,9,68,0.132353,False,False
2026-07,sunscreen,light,8,68,0.117647,False,False
2026-07,sunscreen,ultraviolet rays,8,68,0.117647,False,False
2026-07,sunscreen,female,7,68,0.102941,False,False
2026-07,sunscreen,adult,6,68,0.088235,False,False
2026-07,sunscreen,male,6,68,0.088235,False,False
2026-07,sunscreen,photosystem ii protein complex,6,68,0.088235,False,False
2026-07,sunscreen,plant leaves,6,68,0.088235,False,False
2026-07,sunscreen,animals,5,68,0.073529,False,False
2026-07,sunscreen,chlorophyll,5,68,0.073529,False,False
2026-07,sunscreen,skin neoplasms,4,68,0.058824,False,False
2026-07,sunscreen,antioxidants,3,68,0.044118,False,False
2026-07,sunscreen,"gene expression regulation, plant",3,68,0.044118,False,False
2026-07,sunscreen,middle aged,3,68,0.044118,False,False
2026-07,sunscreen,photosystem i protein complex,3,68,0.044118,False,False
2026-07,sunscreen,skin pigmentation,3,68,0.044118,False,False
2026-07,sunscreen,social media,3,68,0.044118,False,False
2026-07,sunscreen,"stress, physiological",3,68,0.044118,False,False
2026-07,sunscreen,sunlight,3,68,0.044118,False,False
2026-07,sunscreen,thylakoids,3,68,0.044118,False,False
2026-07,sunscreen,"water pollutants, chemical",3,68,0.044118,False,False
2026-07,sunscreen,acclimatization,2,68,0.029412,False,False
2026-07,sunscreen,adolescent,2,68,0.029412,False,False
2026-07,sunscreen,anthocyanins,2,68,0.029412,False,False
2026-07,sunscreen,benzophenones,2,68,0.029412,False,False
2026-07,sunscreen,environmental monitoring,2,68,0.029412,False,False
2026-07,sunscreen,erythema,2,68,0.029412,False,False
2026-07,sunscreen,"health knowledge, attitudes, practice",2,68,0.029412,False,False
2026-07,sunscreen,hydrogen-ion concentration,2,68,0.029412,False,False
2026-07,sunscreen,light-harvesting protein complexes,2,68,0.029412,False,False
2026-07,sunscreen,occupational exposure,2,68,0.029412,False,False
2026-07,sunscreen,oxidative stress,2,68,0.029412,False,False
2026-07,sunscreen,skin,2,68,0.029412,False,False
2026-07,sunscreen,"spectrometry, fluorescence",2,68,0.029412,False,False
2026-07,sunscreen,surveys and questionnaires,2,68,0.029412,False,False
2026-07,sunscreen,temperature,2,68,0.029412,False,False
2026-07,sunscreen,titanium,2,68,0.029412,False,False
2026-07,sunscreen,transcriptome,2,68,0.029412,False,False
2026-07,sunscreen,vitamin d,2,68,0.029412,False,False
2026-07,sunscreen,water,2,68,0.029412,False,False
2026-07,sunscreen,xanthophylls,2,68,0.029412,False,False
2026-07,sunscreen,young adult,2,68,0.029412,False,False
2026-07,sunscreen,2-naphthylamine,1,68,0.014706,False,False
2026-07,sunscreen,abscisic acid,1,68,0.014706,False,False
2026-07,sunscreen,"adaptation, physiological",1,68,0.014706,False,False
2026-07,sunscreen,air,1,68,0.014706,False,False
2026-07,sunscreen,altitude,1,68,0.014706,False,False
2026-07,sunscreen,aniline compounds,1,68,0.014706,False,False
2026-07,sunscreen,anthozoa,1,68,0.014706,False,False
2026-07,sunscreen,arabidopsis,1,68,0.014706,False,False
2026-07,sunscreen,arabidopsis proteins,1,68,0.014706,False,False
2026-07,sunscreen,ascorbate peroxidases,1,68,0.014706,False,False
2026-07,sunscreen,bangladesh,1,68,0.014706,False,False
2026-07,sunscreen,biomass,1,68,0.014706,False,False
2026-07,sunscreen,bone density,1,68,0.014706,False,False
2026-07,sunscreen,bryophyta,1,68,0.014706,False,False
2026-07,sunscreen,bryopsida,1,68,0.014706,False,False
2026-07,sunscreen,caffeine,1,68,0.014706,False,False
2026-07,sunscreen,"calcium, dietary",1,68,0.014706,False,False
2026-07,sunscreen,carbon dioxide,1,68,0.014706,False,False
2026-07,sunscreen,carbonic anhydrases,1,68,0.014706,False,False
2026-07,sunscreen,carotenoids,1,68,0.014706,False,False
2026-07,sunscreen,cell line,1,68,0.014706,False,False
2026-07,sunscreen,cell survival,1,68,0.014706,False,False
2026-07,sunscreen,chemexfoliation,1,68,0.014706,False,False
2026-07,sunscreen,child,1,68,0.014706,False,False
2026-07,sunscreen,chlamydomonas reinhardtii,1,68,0.014706,False,False
2026-07,sunscreen,chloroplasts,1,68,0.014706,False,False
2026-07,sunscreen,"chromatography, high pressure liquid",1,68,0.014706,False,False
2026-07,sunscreen,cities,1,68,0.014706,False,False
2026-07,sunscreen,citrullus,1,68,0.014706,False,False
2026-07,sunscreen,climate,1,68,0.014706,False,False
2026-07,sunscreen,climate change,1,68,0.014706,False,False
2026-07,sunscreen,cohort studies,1,68,0.014706,False,False
2026-07,sunscreen,comet assay,1,68,0.014706,False,False
2026-07,sunscreen,communication,1,68,0.014706,False,False
2026-07,sunscreen,coral reefs,1,68,0.014706,False,False
2026-07,sunscreen,cosmetic techniques,1,68,0.014706,False,False
2026-07,sunscreen,cosmetics,1,68,0.014706,False,False
2026-07,sunscreen,covid-19,1,68,0.014706,False,False
2026-07,sunscreen,cross-sectional studies,1,68,0.014706,False,False
2026-07,sunscreen,cucumis sativus,1,68,0.014706,False,False
2026-07,sunscreen,dermabrasion,1,68,0.014706,False,False
2026-07,sunscreen,desert climate,1,68,0.014706,False,False
2026-07,sunscreen,desiccation,1,68,0.014706,False,False
2026-07,sunscreen,diatoms,1,68,0.014706,False,False
2026-07,sunscreen,diet,1,68,0.014706,False,False
2026-07,sunscreen,digital media,1,68,0.014706,False,False
2026-07,sunscreen,dna damage,1,68,0.014706,False,False
2026-07,sunscreen,drought resistance,1,68,0.014706,False,False
2026-07,sunscreen,droughts,1,68,0.014706,False,False
2026-07,sunscreen,dysbiosis,1,68,0.014706,False,False
2026-07,sunscreen,ecosystem,1,68,0.014706,False,False
2026-07,sunscreen,electron transport,1,68,0.014706,False,False
2026-07,sunscreen,endocrine disruptors,1,68,0.014706,False,False
2026-07,sunscreen,energy drinks,1,68,0.014706,False,False
2026-07,sunscreen,environmental exposure,1,68,0.014706,False,False
2026-07,sunscreen,environmental pollutants,1,68,0.014706,False,False
2026-07,sunscreen,epidermis,1,68,0.014706,False,False
2026-07,sunscreen,exercise,1,68,0.014706,False,False
2026-07,sunscreen,face,1,68,0.014706,False,False
2026-07,sunscreen,farmers,1,68,0.014706,False,False
2026-07,sunscreen,ferric compounds,1,68,0.014706,False,False
2026-07,sunscreen,fluorescence,1,68,0.014706,False,False
2026-07,sunscreen,freezing,1,68,0.014706,False,False
2026-07,sunscreen,gene expression profiling,1,68,0.014706,False,False
2026-07,sunscreen,genomics,1,68,0.014706,False,False
2026-07,sunscreen,gibberellins,1,68,0.014706,False,False
2026-07,sunscreen,global warming,1,68,0.014706,False,False
2026-07,sunscreen,glutathione reductase,1,68,0.014706,False,False
2026-07,sunscreen,health education,1,68,0.014706,False,False
2026-07,sunscreen,health promotion,1,68,0.014706,False,False
2026-07,sunscreen,high-throughput screening assays,1,68,0.014706,False,False
2026-07,sunscreen,hot temperature,1,68,0.014706,False,False
2026-07,sunscreen,hydrogen peroxide,1,68,0.014706,False,False
2026-07,sunscreen,hyperpigmentation,1,68,0.014706,False,False
2026-07,sunscreen,incidence,1,68,0.014706,False,False
2026-07,sunscreen,inflammation,1,68,0.014706,False,False
2026-07,sunscreen,internet,1,68,0.014706,False,False
2026-07,sunscreen,kinetics,1,68,0.014706,False,False
2026-07,sunscreen,laurates,1,68,0.014706,False,False
2026-07,sunscreen,leydig cells,1,68,0.014706,False,False
2026-07,sunscreen,life style,1,68,0.014706,False,False
2026-07,sunscreen,magnetic iron oxide nanoparticles,1,68,0.014706,False,False
2026-07,sunscreen,malondialdehyde,1,68,0.014706,False,False
2026-07,sunscreen,media exposure,1,68,0.014706,False,False
2026-07,sunscreen,mediterranean region,1,68,0.014706,False,False
2026-07,sunscreen,mediterranean sea,1,68,0.014706,False,False
2026-07,sunscreen,melanocytes,1,68,0.014706,False,False
2026-07,sunscreen,melanoma,1,68,0.014706,False,False
2026-07,sunscreen,membrane fluidity,1,68,0.014706,False,False
2026-07,sunscreen,membrane lipids,1,68,0.014706,False,False
2026-07,sunscreen,metabolomics,1,68,0.014706,False,False
2026-07,sunscreen,mice,1,68,0.014706,False,False
2026-07,sunscreen,microbiota,1,68,0.014706,False,False
2026-07,sunscreen,milk,1,68,0.014706,False,False
2026-07,sunscreen,mucus,1,68,0.014706,False,False
2026-07,sunscreen,multiomics,1,68,0.014706,False,False
2026-07,sunscreen,mutation,1,68,0.014706,False,False
2026-07,sunscreen,nadh dehydrogenase,1,68,0.014706,False,False
2026-07,sunscreen,non-melanoma skin neoplasms,1,68,0.014706,False,False
2026-07,sunscreen,oryza,1,68,0.014706,False,False
2026-07,sunscreen,oxalic acid,1,68,0.014706,False,False
2026-07,sunscreen,parabens,1,68,0.014706,False,False
2026-07,sunscreen,percutaneous collagen induction,1,68,0.014706,False,False
2026-07,sunscreen,permeability,1,68,0.014706,False,False
2026-07,sunscreen,peroxidase,1,68,0.014706,False,False
2026-07,sunscreen,personal care products,1,68,0.014706,False,False
2026-07,sunscreen,phosphorylation,1,68,0.014706,False,False
2026-07,sunscreen,photobiology,1,68,0.014706,False,False
2026-07,sunscreen,photochemical processes,1,68,0.014706,False,False
2026-07,sunscreen,phylogeny,1,68,0.014706,False,False
2026-07,sunscreen,plant growth regulators,1,68,0.014706,False,False
2026-07,sunscreen,plant senescence,1,68,0.014706,False,False
2026-07,sunscreen,plant stomata,1,68,0.014706,False,False
2026-07,sunscreen,"plants, genetically modified",1,68,0.014706,False,False
2026-07,sunscreen,polyphenols,1,68,0.014706,False,False
2026-07,sunscreen,potamogetonaceae,1,68,0.014706,False,False
2026-07,sunscreen,prebiotics,1,68,0.014706,False,False
2026-07,sunscreen,prevalence,1,68,0.014706,False,False
2026-07,sunscreen,probiotics,1,68,0.014706,False,False
2026-07,sunscreen,protective clothing,1,68,0.014706,False,False
2026-07,sunscreen,protein conformation,1,68,0.014706,False,False
2026-07,sunscreen,raphanus,1,68,0.014706,False,False
2026-07,sunscreen,reactive oxygen species,1,68,0.014706,False,False
2026-07,sunscreen,rejuvenation,1,68,0.014706,False,False
2026-07,sunscreen,rhizophoraceae,1,68,0.014706,False,False
2026-07,sunscreen,rivers,1,68,0.014706,False,False
2026-07,sunscreen,saccharomyces cerevisiae,1,68,0.014706,False,False
2026-07,sunscreen,salicylates,1,68,0.014706,False,False
2026-07,sunscreen,search engine,1,68,0.014706,False,False
2026-07,sunscreen,seasons,1,68,0.014706,False,False
2026-07,sunscreen,seaweed,1,68,0.014706,False,False
2026-07,sunscreen,seedlings,1,68,0.014706,False,False
2026-07,sunscreen,skin absorption,1,68,0.014706,False,False
2026-07,sunscreen,skin aging,1,68,0.014706,False,False
2026-07,sunscreen,skin diseases,1,68,0.014706,False,False
2026-07,sunscreen,skin microbiome,1,68,0.014706,False,False
2026-07,sunscreen,solid phase microextraction,1,68,0.014706,False,False
2026-07,sunscreen,south dakota,1,68,0.014706,False,False
2026-07,sunscreen,species specificity,1,68,0.014706,False,False
2026-07,sunscreen,"spectroscopy, fourier transform infrared",1,68,0.014706,False,False
2026-07,sunscreen,"spectrum analysis, raman",1,68,0.014706,False,False
2026-07,sunscreen,sun protection factor,1,68,0.014706,False,False
2026-07,sunscreen,superoxide dismutase,1,68,0.014706,False,False
2026-07,sunscreen,testosterone,1,68,0.014706,False,False
2026-07,sunscreen,tradescantia,1,68,0.014706,False,False
2026-07,sunscreen,united states,1,68,0.014706,False,False
2026-07,sunscreen,universities,1,68,0.014706,False,False
2026-07,sunscreen,vitamin d deficiency,1,68,0.014706,False,False
2026-07,sunscreen,wood,1,68,0.014706,False,False
2026-07,sunscreen,working conditions,1,68,0.014706,False,False
2026-07,sunscreen,xylem,1,68,0.014706,False,False
2026-07,sunscreen,zeaxanthins,1,68,0.014706,False,False
2026-07,sunscreen,zinc oxide,1,68,0.014706,False,False
