keyword_key,canonical_en,category,is_in_lexicon,query_id,first_seen_month,total_papers,months_present,months_observed,prevalence_recent,prevalence_prior,growth_ratio,is_new_entrant,weighted_prevalence_recent,trend_class
PHOTOPROTECTION,photoprotection,mechanism,True,sunscreen,2023-09,966,36,36,0.140406,0.118692,1.1829,False,0.536928,steady
dermatology,dermatology,,False,sunscreen,2023-09,937,26,36,0.007785,0.21559,0.0361,False,0.472201,declining
ANTIOXIDANT,antioxidant,mechanism,True,sunscreen,2023-09,629,36,36,0.098693,0.070793,1.3941,False,0.509762,steady
ULTRAVIOLET,ultraviolet radiation,spec,True,sunscreen,2023-09,629,36,36,0.11589,0.055875,2.0741,False,0.490538,emerging
photosynthesis,photosynthesis,,False,sunscreen,2023-09,540,36,36,0.068699,0.076658,0.8962,False,0.571555,steady
SPF,sun protection factor,spec,True,sunscreen,2023-09,514,36,36,0.100412,0.045577,2.2031,False,0.471691,emerging
sun protection,sun protection,,False,sunscreen,2023-09,505,36,36,0.090029,0.050374,1.7872,False,0.454465,emerging
skin cancer,skin cancer,,False,sunscreen,2023-09,480,36,36,0.067316,0.063371,1.0623,False,0.464545,steady
cosmetics,cosmetics,,False,sunscreen,2023-09,442,36,36,0.084274,0.038658,2.18,False,0.466794,emerging
nanotechnology,nanotechnology,,False,sunscreen,2023-09,378,25,36,0.001074,0.084366,0.0127,False,0.786745,declining
environmental health,environmental health,,False,sunscreen,2023-09,359,25,36,0.002863,0.082982,0.0345,False,0.429626,declining
sun exposure,sun exposure,,False,sunscreen,2023-09,322,35,36,0.062315,0.028766,2.1663,False,0.456283,emerging
NANOPARTICLE,nanoparticle,formulation,True,sunscreen,2023-09,319,36,36,0.036767,0.04447,0.8268,False,0.545858,steady
ANTI_AGING,anti-aging,claim,True,sunscreen,2023-09,312,35,36,0.051116,0.032139,1.5904,False,0.480322,emerging
cancer,cancer,,False,sunscreen,2023-09,302,36,36,0.021663,0.054941,0.3943,False,0.504398,declining
chromatography,chromatography,,False,sunscreen,2023-09,274,25,36,0.002505,0.062256,0.0402,False,0.745219,declining
population,population,,False,sunscreen,2023-09,273,36,36,0.038196,0.036806,1.0378,False,0.457658,steady
sunscreening agents,sunscreening agents,,False,sunscreen,2023-09,270,36,36,0.04546,0.030027,1.514,False,0.455876,emerging
gene,gene,,False,sunscreen,2023-09,218,36,36,0.014983,0.040891,0.3664,False,0.516289,declining
pathology,pathology,,False,sunscreen,2023-09,216,25,36,0.000716,0.050229,0.0143,False,0.619094,declining
product (mathematics),product (mathematics),,False,sunscreen,2023-09,205,31,36,0.044251,0.013683,3.2339,False,0.42711,emerging
sunburn,sunburn,,False,sunscreen,2023-09,198,36,36,0.03133,0.023252,1.3474,False,0.436307,steady
photochemistry,photochemistry,,False,sunscreen,2023-09,197,25,36,0.001432,0.044228,0.0324,False,0.463091,declining
optics,optics,,False,sunscreen,2023-09,196,26,36,0.001717,0.042269,0.0406,False,0.799651,declining
photosystem ii,photosystem ii,,False,sunscreen,2023-09,187,35,36,0.030057,0.021612,1.3908,False,0.598416,steady
medline,medline,,False,sunscreen,2023-10,182,31,36,0.046401,0.008732,5.3136,False,0.509782,emerging
composite material,composite material,,False,sunscreen,2023-09,181,25,36,0.001432,0.040753,0.0351,False,0.730807,declining
extraction (chemistry),extraction (chemistry),,False,sunscreen,2023-09,179,34,36,0.024599,0.020526,1.1984,False,0.509542,steady
in vitro,in vitro,,False,sunscreen,2023-09,178,36,36,0.016553,0.028864,0.5735,False,0.549614,declining
carotenoid,carotenoid,,False,sunscreen,2023-09,157,35,36,0.022227,0.019243,1.1551,False,0.540106,steady
human skin,human skin,,False,sunscreen,2023-09,153,33,36,0.027507,0.014531,1.893,False,0.509265,emerging
toxicity,toxicity,,False,sunscreen,2023-09,150,35,36,0.01843,0.021209,0.869,False,0.520155,steady
oxidative stress,oxidative stress,,False,sunscreen,2023-09,144,34,36,0.027524,0.013068,2.1062,False,0.601437,emerging
melasma,melasma,,False,sunscreen,2023-09,139,36,36,0.02085,0.017171,1.2143,False,0.530682,steady
ingredient,ingredient,,False,sunscreen,2023-09,133,31,36,0.028512,0.009661,2.9512,False,0.499456,emerging
reactive oxygen species,reactive oxygen species,,False,sunscreen,2023-09,132,31,36,0.028059,0.009362,2.9971,False,0.548192,emerging
absorption (acoustics),absorption (acoustics),,False,sunscreen,2023-09,130,33,36,0.025424,0.011659,2.1806,False,0.550141,emerging
public health,public health,,False,sunscreen,2023-09,127,34,36,0.025714,0.011076,2.3216,False,0.463507,emerging
hyperpigmentation,hyperpigmentation,,False,sunscreen,2023-09,126,35,36,0.020238,0.015466,1.3086,False,0.551072,steady
dpph,dpph,,False,sunscreen,2023-09,125,34,36,0.019377,0.012929,1.4988,False,0.484085,steady
flavonoid,flavonoid,,False,sunscreen,2023-09,125,33,36,0.020447,0.012223,1.6728,False,0.472974,emerging
lignin,lignin,,False,sunscreen,2023-09,125,35,36,0.012785,0.018912,0.676,False,0.633644,steady
uv filter,uv filter,,False,sunscreen,2023-09,122,32,36,0.017542,0.015574,1.1264,False,0.55368,steady
disease,disease,,False,sunscreen,2023-09,121,34,36,0.022247,0.012741,1.7462,False,0.496045,emerging
phytochemical,phytochemical,,False,sunscreen,2023-09,121,30,36,0.027036,0.00805,3.3583,False,0.47252,emerging
family medicine,family medicine,,False,sunscreen,2023-09,111,25,36,0.000358,0.026853,0.0133,False,0.307087,declining
active ingredient,active ingredient,,False,sunscreen,2023-09,109,32,36,0.023687,0.008277,2.8617,False,0.474357,emerging
bacteria,bacteria,,False,sunscreen,2023-09,106,32,36,0.005963,0.018594,0.3207,False,0.530663,declining
chlorophyll,chlorophyll,,False,sunscreen,2023-09,105,30,36,0.021299,0.008867,2.4019,False,0.54889,emerging
polyphenol,polyphenol,,False,sunscreen,2023-09,105,31,36,0.01501,0.012659,1.1857,False,0.554335,steady
in vivo,in vivo,,False,sunscreen,2023-09,104,33,36,0.016037,0.011249,1.4256,False,0.615026,steady
lotion,lotion,,False,sunscreen,2023-09,104,35,36,0.014196,0.013341,1.0641,False,0.407272,steady
surgery,surgery,,False,sunscreen,2023-09,103,24,36,0.000358,0.024666,0.0145,False,0.307087,declining
cosmeceutical,cosmeceutical,,False,sunscreen,2023-10,102,28,36,0.021882,0.007764,2.8185,False,0.543603,emerging
enzyme,enzyme,,False,sunscreen,2023-09,102,34,36,0.005729,0.019266,0.2973,False,0.47456,declining
MELANIN,melanin,mechanism,True,sunscreen,2023-09,101,32,36,0.014993,0.012555,1.1941,False,0.601236,steady
zinc,zinc,,False,sunscreen,2023-09,100,31,36,0.014539,0.011659,1.247,False,0.550685,steady
immunology,immunology,,False,sunscreen,2023-09,99,25,36,0.000358,0.023125,0.0155,False,0.307087,declining
acne,acne,,False,sunscreen,2023-10,97,31,36,0.015711,0.011788,1.3328,False,0.490266,steady
erythema,erythema,,False,sunscreen,2023-10,95,29,36,0.01707,0.009392,1.8175,False,0.457246,emerging
skin care,skin care,,False,sunscreen,2023-09,95,32,36,0.015879,0.01013,1.5676,False,0.453625,emerging
chloroplast,chloroplast,,False,sunscreen,2023-09,94,34,36,0.01178,0.013685,0.8608,False,0.584066,steady
photocatalysis,photocatalysis,,False,sunscreen,2023-09,94,34,36,0.009419,0.013501,0.6977,False,0.561135,steady
adverse effect,adverse effect,,False,sunscreen,2023-09,93,29,36,0.018239,0.007765,2.3487,False,0.497583,emerging
ethanol,ethanol,,False,sunscreen,2023-10,93,29,36,0.014026,0.011099,1.2638,False,0.456172,steady
sunlight,sunlight,,False,sunscreen,2023-09,92,32,36,0.015252,0.010079,1.5132,False,0.441837,emerging
context (archaeology),context (archaeology),,False,sunscreen,2023-09,91,24,36,0.017643,0.008005,2.2041,False,0.477768,emerging
dna damage,dna damage,,False,sunscreen,2023-09,91,33,36,0.013184,0.010392,1.2687,False,0.513642,steady
catalysis,catalysis,,False,sunscreen,2023-09,90,29,36,0.004213,0.017741,0.2375,False,0.584408,declining
human health,human health,,False,sunscreen,2023-09,89,29,36,0.016855,0.007988,2.11,False,0.53835,emerging
TITANIUM_DIOXIDE,titanium dioxide,uv_filter,True,sunscreen,2023-09,87,32,36,0.014012,0.009621,1.4563,False,0.50849,steady
contamination,contamination,,False,sunscreen,2023-09,87,28,36,0.011409,0.010263,1.1116,False,0.575588,steady
psychological intervention,psychological intervention,,False,sunscreen,2023-09,86,30,36,0.017017,0.007499,2.2692,False,0.455868,emerging
chlorophyll fluorescence,chlorophyll fluorescence,,False,sunscreen,2023-09,85,28,36,0.014777,0.008132,1.8172,False,0.477157,emerging
cross sectional study,cross sectional study,,False,sunscreen,2023-09,85,31,36,0.004613,0.016831,0.2741,False,0.444572,declining
algae,algae,,False,sunscreen,2023-09,84,30,36,0.007592,0.013762,0.5516,False,0.580148,declining
fluorescence,fluorescence,,False,sunscreen,2023-09,84,31,36,0.006785,0.014567,0.4657,False,0.637811,declining
incidence (geometry),incidence (geometry),,False,sunscreen,2023-09,84,29,36,0.014124,0.009178,1.5389,False,0.47059,emerging
benzophenone,benzophenone,,False,sunscreen,2023-09,83,27,36,0.002402,0.016946,0.1418,False,0.396169,declining
quality (philosophy),quality (philosophy),,False,sunscreen,2023-09,83,23,36,0.017542,0.00624,2.8114,False,0.445615,emerging
melanoma,melanoma,,False,sunscreen,2023-10,81,31,36,0.008566,0.013015,0.6582,False,0.492626,declining
pollutant,pollutant,,False,sunscreen,2023-09,81,33,36,0.008017,0.01228,0.6528,False,0.547395,declining
vitamin d and neurology,vitamin d and neurology,,False,sunscreen,2023-09,80,30,36,0.012351,0.010259,1.2039,False,0.458498,steady
antimicrobial,antimicrobial,,False,sunscreen,2023-09,79,31,36,0.011506,0.008412,1.3679,False,0.570821,steady
biochemical engineering,biochemical engineering,,False,sunscreen,2023-09,79,24,36,0.000358,0.01733,0.0207,False,0.698819,declining
cyanobacteria,cyanobacteria,,False,sunscreen,2023-09,79,30,36,0.009719,0.01069,0.9091,False,0.562171,steady
quenching (fluorescence),quenching (fluorescence),,False,sunscreen,2023-09,79,31,36,0.01275,0.008701,1.4654,False,0.539593,steady
nuclear chemistry,nuclear chemistry,,False,sunscreen,2023-09,78,23,36,0.0,0.01778,0.0,False,,declining
metallurgy,metallurgy,,False,sunscreen,2023-09,77,24,36,0.000358,0.016406,0.0218,False,0.826772,declining
photoinhibition,photoinhibition,,False,sunscreen,2023-09,77,28,36,0.013148,0.008225,1.5984,False,0.586609,emerging
vitamin,vitamin,,False,sunscreen,2023-09,75,29,36,0.013025,0.00858,1.5182,False,0.468303,emerging
demography,demography,,False,sunscreen,2023-09,74,22,36,0.0,0.017476,0.0,False,,declining
drug,drug,,False,sunscreen,2023-09,74,27,36,0.015596,0.006191,2.5193,False,0.453985,emerging
polymer,polymer,,False,sunscreen,2023-09,74,29,36,0.007718,0.013113,0.5886,False,0.495821,declining
nursing,nursing,,False,sunscreen,2023-09,71,25,36,0.000716,0.017849,0.0401,False,0.502953,declining
maceration (sewage),maceration (sewage),,False,sunscreen,2023-09,70,29,36,0.012677,0.006958,1.822,False,0.462126,emerging
solvent,solvent,,False,sunscreen,2023-09,70,30,36,0.009702,0.008777,1.1054,False,0.460178,steady
social media,social media,,False,sunscreen,2023-09,68,30,36,0.011613,0.006697,1.734,False,0.452026,emerging
advertising,advertising,,False,sunscreen,2023-09,67,22,36,0.000358,0.015712,0.0228,False,0.307087,declining
emulsion,emulsion,,False,sunscreen,2023-10,67,28,36,0.011976,0.006804,1.7602,False,0.502027,emerging
risk assessment,risk assessment,,False,sunscreen,2023-09,67,21,36,0.014419,0.003498,4.1217,False,0.542435,emerging
fishery,fishery,,False,sunscreen,2023-09,66,25,36,0.000358,0.014872,0.0241,False,0.307087,declining
drug delivery,drug delivery,,False,sunscreen,2023-09,65,25,36,0.013663,0.004824,2.8326,False,0.482058,emerging
photodegradation,photodegradation,,False,sunscreen,2023-09,65,27,36,0.009991,0.006838,1.4611,False,0.556896,steady
degradation (telecommunications),degradation (telecommunications),,False,sunscreen,2023-09,64,30,36,0.010419,0.006827,1.5261,False,0.478288,emerging
beauty,beauty,,False,sunscreen,2023-11,63,24,36,0.014701,0.003703,3.9702,False,0.425837,emerging
clinical trial,clinical trial,,False,sunscreen,2023-10,63,22,36,0.016177,0.002547,6.3514,False,0.551654,emerging
gerontology,gerontology,,False,sunscreen,2023-09,63,22,36,0.000358,0.014601,0.0245,False,0.698819,declining
mutant,mutant,,False,sunscreen,2023-09,63,28,36,0.004493,0.012222,0.3677,False,0.57497,declining
cosmeceuticals,cosmeceuticals,,False,sunscreen,2023-10,62,28,36,0.012126,0.005994,2.0228,False,0.531102,emerging
health care,health care,,False,sunscreen,2023-09,61,31,36,0.01005,0.007119,1.4117,False,0.423623,steady
transcriptome,transcriptome,,False,sunscreen,2023-09,61,22,36,0.010718,0.005373,1.9946,False,0.567827,emerging
ecosystem,ecosystem,,False,sunscreen,2023-09,60,30,36,0.008179,0.008221,0.9949,False,0.49074,steady
natural (archaeology),natural (archaeology),,False,sunscreen,2023-10,60,26,36,0.008481,0.007228,1.1734,False,0.386949,steady
photosystem i,photosystem i,,False,sunscreen,2023-09,60,27,36,0.010542,0.00632,1.6681,False,0.623849,emerging
pigment,pigment,,False,sunscreen,2023-09,60,28,36,0.008614,0.007136,1.2071,False,0.541639,steady
biomass (ecology),biomass (ecology),,False,sunscreen,2023-09,59,24,36,0.011472,0.004906,2.3385,False,0.517711,emerging
key (lock),key (lock),,False,sunscreen,2023-10,59,21,36,0.0102,0.005542,1.8406,False,0.491747,emerging
non photochemical quenching,non photochemical quenching,,False,sunscreen,2023-09,59,32,36,0.010475,0.006596,1.5881,False,0.626371,emerging
thylakoid,thylakoid,,False,sunscreen,2023-09,59,28,36,0.010081,0.006297,1.601,False,0.588088,emerging
endocrinology,endocrinology,,False,sunscreen,2023-09,58,21,36,0.0,0.012852,0.0,False,,declining
wastewater,wastewater,,False,sunscreen,2023-09,58,26,36,0.008082,0.007543,1.0714,False,0.56354,steady
xanthophyll,xanthophyll,,False,sunscreen,2023-09,58,26,36,0.009808,0.006496,1.5099,False,0.575378,emerging
computational biology,computational biology,,False,sunscreen,2023-09,57,20,36,0.0,0.011941,0.0,False,,declining
dna,dna,,False,sunscreen,2023-09,57,26,36,0.003022,0.010956,0.2758,False,0.400288,declining
oceanography,oceanography,,False,sunscreen,2023-10,57,22,36,0.0,0.01339,0.0,False,,declining
randomized controlled trial,randomized controlled trial,,False,sunscreen,2023-09,57,22,36,0.00903,0.007062,1.2786,False,0.520194,steady
raw material,raw material,,False,sunscreen,2023-12,57,22,36,0.013556,0.002442,5.5508,False,0.495221,emerging
basal cell,basal cell,,False,sunscreen,2023-09,56,28,36,0.006569,0.008545,0.7687,False,0.488619,steady
cancer research,cancer research,,False,sunscreen,2023-09,55,23,36,0.0,0.013448,0.0,False,,declining
perception,perception,,False,sunscreen,2023-09,55,25,36,0.010407,0.004987,2.0871,False,0.475537,emerging
arabidopsis,arabidopsis,,False,sunscreen,2023-09,54,28,36,0.00633,0.007373,0.8585,False,0.585693,steady
filter (signal processing),filter (signal processing),,False,sunscreen,2023-09,54,25,36,0.0076,0.005524,1.3758,False,0.548168,steady
intervention (counseling),intervention (counseling),,False,sunscreen,2023-09,54,28,36,0.008884,0.005941,1.4955,False,0.433623,steady
aqueous solution,aqueous solution,,False,sunscreen,2023-10,53,24,36,0.007715,0.007318,1.0543,False,0.562584,steady
cytotoxicity,cytotoxicity,,False,sunscreen,2023-10,53,22,36,0.00991,0.00428,2.3155,False,0.626917,emerging
organoleptic,organoleptic,,False,sunscreen,2023-09,53,23,36,0.009647,0.00471,2.0481,False,0.408386,emerging
SKIN_BARRIER,skin barrier,mechanism,True,sunscreen,2023-09,52,23,36,0.011749,0.003199,3.6722,False,0.566124,emerging
TYROSINASE,tyrosinase,enzyme,True,sunscreen,2023-09,52,29,36,0.007719,0.006692,1.1535,False,0.554135,steady
hacat,hacat,,False,sunscreen,2023-09,52,27,36,0.010078,0.004805,2.0973,False,0.637363,emerging
spectroscopy,spectroscopy,,False,sunscreen,2023-09,52,29,36,0.007758,0.006205,1.2502,False,0.595348,steady
yield (engineering),yield (engineering),,False,sunscreen,2023-10,52,20,36,0.013127,0.002098,6.257,False,0.488838,emerging
amino acid,amino acid,,False,sunscreen,2023-10,51,26,36,0.005131,0.007766,0.6607,False,0.486697,declining
characterization (materials science),characterization (materials science),,False,sunscreen,2023-11,51,23,36,0.005867,0.006553,0.8953,False,0.497241,steady
sustainability,sustainability,,False,sunscreen,2023-09,51,23,36,0.01071,0.003663,2.9236,False,0.527238,emerging
mass spectrometry,mass spectrometry,,False,sunscreen,2023-09,50,25,36,0.003891,0.00849,0.4583,False,0.58126,declining
skin irritation,skin irritation,,False,sunscreen,2023-09,50,18,36,0.013265,0.001877,7.0684,False,0.443981,emerging
CORAL_TOXICITY,coral reef toxicity,regulatory,True,sunscreen,2023-10,49,26,36,0.007143,0.006503,1.0984,False,0.511899,steady
absorbance,absorbance,,False,sunscreen,2023-09,49,19,36,0.010075,0.003774,2.6694,False,0.557655,emerging
alternative medicine,alternative medicine,,False,sunscreen,2023-11,49,23,36,0.008014,0.004633,1.7297,False,0.559063,emerging
hormone,hormone,,False,sunscreen,2023-09,49,27,36,0.006591,0.00637,1.0346,False,0.622312,steady
acclimatization,acclimatization,,False,sunscreen,2023-09,48,25,36,0.005664,0.006301,0.8989,False,0.616057,steady
adaptation (eye),adaptation (eye),,False,sunscreen,2023-10,48,23,36,0.010976,0.003216,3.4132,False,0.598423,emerging
adsorption,adsorption,,False,sunscreen,2023-09,48,27,36,0.006,0.006642,0.9034,False,0.653679,steady
aloe vera,aloe vera,,False,sunscreen,2024-01,48,13,36,0.009967,0.002202,4.5272,False,0.449894,emerging
aquatic ecosystem,aquatic ecosystem,,False,sunscreen,2023-09,48,22,36,0.010154,0.003745,2.7113,False,0.54738,emerging
cosmetic industry,cosmetic industry,,False,sunscreen,2023-09,48,21,36,0.00971,0.003756,2.585,False,0.48314,emerging
irritation,irritation,,False,sunscreen,2023-09,47,21,36,0.009066,0.00384,2.3607,False,0.509094,emerging
phototoxicity,phototoxicity,,False,sunscreen,2023-09,47,23,36,0.007364,0.0058,1.2696,False,0.525438,steady
fish <actinopterygii>,fish <actinopterygii>,,False,sunscreen,2023-09,45,23,36,0.003662,0.007019,0.5217,False,0.457837,declining
pulp and paper industry,pulp and paper industry,,False,sunscreen,2023-09,45,21,36,0.0,0.010429,0.0,False,,declining
analytical chemistry (journal),analytical chemistry (journal),,False,sunscreen,2023-09,44,25,36,0.004898,0.006893,0.7106,False,0.546237,steady
biosynthesis,biosynthesis,,False,sunscreen,2023-10,44,26,36,0.004806,0.006865,0.7001,False,0.653804,steady
brand image,brand image,,False,sunscreen,2023-10,44,21,36,0.0059,0.005836,1.0109,False,0.438511,steady
gene expression,gene expression,,False,sunscreen,2023-09,44,20,36,0.00466,0.006825,0.6827,False,0.443094,steady
artificial intelligence,artificial intelligence,,False,sunscreen,2023-09,43,20,36,0.000716,0.009275,0.0772,False,0.502953,declining
code (set theory),code (set theory),,False,sunscreen,2025-11,43,6,36,0.014511,0.0,,True,0.416255,sporadic
logistic regression,logistic regression,,False,sunscreen,2023-09,43,23,36,0.006723,0.004836,1.3904,False,0.427553,steady
microplastics,microplastics,,False,sunscreen,2023-10,43,24,36,0.003947,0.006304,0.6262,False,0.56199,declining
pregnancy,pregnancy,,False,sunscreen,2023-09,43,22,36,0.00374,0.007341,0.5094,False,0.583511,declining
quality of life (healthcare),quality of life (healthcare),,False,sunscreen,2023-12,43,19,36,0.009201,0.00336,2.7383,False,0.514321,emerging
sunbathing,sunbathing,,False,sunscreen,2023-09,43,19,36,0.010239,0.002178,4.7012,False,0.451349,emerging
visible spectrum,visible spectrum,,False,sunscreen,2023-09,43,20,36,0.00622,0.004479,1.3886,False,0.446711,steady
allergy,allergy,,False,sunscreen,2023-09,42,24,36,0.003435,0.007883,0.4357,False,0.554933,declining
computer security,computer security,,False,sunscreen,2023-12,42,17,36,0.0,0.009014,0.0,False,,declining
purchasing,purchasing,,False,sunscreen,2023-10,42,24,36,0.007658,0.003856,1.986,False,0.414528,emerging
radical,radical,,False,sunscreen,2023-09,42,19,36,0.008216,0.003439,2.3892,False,0.477519,emerging
zeta potential,zeta potential,,False,sunscreen,2023-10,42,22,36,0.008691,0.00321,2.7074,False,0.560531,emerging
abts,abts,,False,sunscreen,2023-09,41,24,36,0.005629,0.004727,1.1908,False,0.575584,steady
chromophore,chromophore,,False,sunscreen,2023-11,41,14,36,0.006914,0.003762,1.8381,False,0.552863,emerging
endocrine system,endocrine system,,False,sunscreen,2023-09,41,20,36,0.002817,0.006401,0.4402,False,0.5688,declining
irradiation,irradiation,,False,sunscreen,2023-09,41,25,36,0.006943,0.004477,1.5507,False,0.554538,emerging
quercetin,quercetin,,False,sunscreen,2023-09,41,22,36,0.005572,0.005912,0.9426,False,0.555475,steady
waste management,waste management,,False,sunscreen,2023-09,41,23,36,0.000358,0.009151,0.0391,False,0.698819,declining
cellulose,cellulose,,False,sunscreen,2023-09,40,25,36,0.005271,0.005034,1.0469,False,0.730885,steady
environmentally friendly,environmentally friendly,,False,sunscreen,2023-09,40,23,36,0.004968,0.005546,0.8958,False,0.467412,steady
marketing,marketing,,False,sunscreen,2023-09,40,21,36,0.000358,0.008584,0.0417,False,0.307087,declining
oxide,oxide,,False,sunscreen,2023-09,40,24,36,0.00434,0.006103,0.7111,False,0.504942,steady
skin color,skin color,,False,sunscreen,2023-09,40,18,36,0.009561,0.002513,3.8048,False,0.452607,emerging
vitamin d deficiency,vitamin d deficiency,,False,sunscreen,2023-09,40,20,36,0.006397,0.004997,1.2802,False,0.46177,steady
biocompatibility,biocompatibility,,False,sunscreen,2023-09,39,25,36,0.005928,0.00509,1.1645,False,0.525864,steady
carbon fibers,carbon fibers,,False,sunscreen,2023-09,39,24,36,0.006893,0.003783,1.8223,False,0.505487,emerging
composite number,composite number,,False,sunscreen,2023-09,39,25,36,0.005953,0.004483,1.3278,False,0.650975,steady
essential oil,essential oil,,False,sunscreen,2023-10,39,24,36,0.004192,0.005598,0.7489,False,0.523597,steady
humanities,humanities,,False,sunscreen,2023-10,39,18,36,0.0,0.009863,0.0,False,,declining
lupus erythematosus,lupus erythematosus,,False,sunscreen,2023-10,39,24,36,0.006418,0.00404,1.5886,False,0.398591,emerging
molecule,molecule,,False,sunscreen,2023-10,39,22,36,0.004097,0.006036,0.6788,False,0.509323,steady
nanocomposite,nanocomposite,,False,sunscreen,2023-09,39,21,36,0.005464,0.004745,1.1516,False,0.494811,steady
nutraceutical,nutraceutical,,False,sunscreen,2023-10,39,21,36,0.008703,0.002862,3.041,False,0.700912,emerging
observational study,observational study,,False,sunscreen,2023-10,39,20,36,0.008865,0.003096,2.8631,False,0.458415,emerging
band gap,band gap,,False,sunscreen,2023-09,38,22,36,0.006555,0.003829,1.712,False,0.537367,emerging
combinatorial chemistry,combinatorial chemistry,,False,sunscreen,2023-10,38,20,36,0.000716,0.008385,0.0854,False,0.566929,declining
membrane,membrane,,False,sunscreen,2023-09,38,23,36,0.005571,0.005469,1.0187,False,0.563114,steady
nutrient,nutrient,,False,sunscreen,2023-09,38,22,36,0.004807,0.005101,0.9425,False,0.521912,steady
process (computing),process (computing),,False,sunscreen,2023-10,38,21,36,0.007006,0.003058,2.2911,False,0.554925,emerging
skin type,skin type,,False,sunscreen,2023-09,38,22,36,0.006679,0.003929,1.7002,False,0.423666,emerging
work (physics),work (physics),,False,sunscreen,2024-03,38,14,36,0.010398,0.001336,7.7839,False,0.41771,emerging
dna repair,dna repair,,False,sunscreen,2023-11,37,19,36,0.00418,0.005268,0.7934,False,0.402988,steady
penetration (warfare),penetration (warfare),,False,sunscreen,2023-09,37,19,36,0.00784,0.003391,2.312,False,0.570506,emerging
zebrafish,zebrafish,,False,sunscreen,2023-09,37,26,36,0.004215,0.006058,0.6958,False,0.61942,steady
abiotic component,abiotic component,,False,sunscreen,2023-09,36,19,36,0.007548,0.002225,3.3924,False,0.533846,emerging
basal cell carcinoma,basal cell carcinoma,,False,sunscreen,2023-10,36,22,36,0.006348,0.004146,1.5312,False,0.560781,emerging
ethyl acetate,ethyl acetate,,False,sunscreen,2023-09,36,25,36,0.005492,0.004461,1.2311,False,0.397441,steady
fourier transform infrared spectroscopy,fourier transform infrared spectroscopy,,False,sunscreen,2023-09,36,21,36,0.006202,0.003056,2.0293,False,0.644574,emerging
intensive care medicine,intensive care medicine,,False,sunscreen,2023-10,36,18,36,0.000358,0.007956,0.045,False,0.931102,declining
mechanism (biology),mechanism (biology),,False,sunscreen,2023-10,36,24,36,0.005008,0.004456,1.1237,False,0.592511,steady
metabolite,metabolite,,False,sunscreen,2023-10,36,21,36,0.003704,0.005933,0.6244,False,0.599008,declining
particle size,particle size,,False,sunscreen,2023-10,36,20,36,0.007294,0.00265,2.7526,False,0.48716,emerging
photosystem,photosystem,,False,sunscreen,2023-09,36,23,36,0.005457,0.004387,1.2439,False,0.558057,steady
pigmentation disorder,pigmentation disorder,,False,sunscreen,2023-12,36,16,36,0.008916,0.000919,9.6971,False,0.53071,emerging
radiation,radiation,,False,sunscreen,2023-09,36,19,36,0.003373,0.005136,0.6567,False,0.477618,declining
signal transduction,signal transduction,,False,sunscreen,2023-09,36,22,36,0.005156,0.003916,1.3167,False,0.636637,steady
archaeology,archaeology,,False,sunscreen,2023-09,35,19,36,0.000358,0.007975,0.0449,False,0.698819,declining
chlamydomonas reinhardtii,chlamydomonas reinhardtii,,False,sunscreen,2023-09,35,23,36,0.003682,0.005447,0.676,False,0.443838,steady
contact dermatitis,contact dermatitis,,False,sunscreen,2023-09,35,22,36,0.003087,0.006102,0.5059,False,0.574462,declining
excited state,excited state,,False,sunscreen,2023-11,35,22,36,0.005906,0.003215,1.8369,False,0.55225,emerging
spreadability,spreadability,,False,sunscreen,2023-09,35,17,36,0.006021,0.003759,1.6018,False,0.483262,emerging
xeroderma pigmentosum,xeroderma pigmentosum,,False,sunscreen,2023-09,35,17,36,0.003436,0.005971,0.5754,False,0.457783,declining
ascorbic acid,ascorbic acid,,False,sunscreen,2023-09,34,21,36,0.006292,0.003283,1.9166,False,0.50368,emerging
bioaccumulation,bioaccumulation,,False,sunscreen,2023-09,34,19,36,0.00521,0.004006,1.3005,False,0.640297,steady
ecotoxicology,ecotoxicology,,False,sunscreen,2023-09,34,22,36,0.006233,0.003371,1.8492,False,0.501333,emerging
narrative review,narrative review,,False,sunscreen,2023-10,34,17,36,0.008091,0.001891,4.2798,False,0.543839,emerging
personal care,personal care,,False,sunscreen,2023-09,34,20,36,0.004112,0.004076,1.009,False,0.535813,steady
viability assay,viability assay,,False,sunscreen,2023-10,34,20,36,0.00524,0.003845,1.3629,False,0.520098,steady
antibacterial activity,antibacterial activity,,False,sunscreen,2023-09,33,18,36,0.005117,0.003195,1.6018,False,0.541986,emerging
aquatic environment,aquatic environment,,False,sunscreen,2023-10,33,17,36,0.006876,0.002747,2.5029,False,0.533083,emerging
climate change,climate change,,False,sunscreen,2023-10,33,20,36,0.004334,0.003582,1.21,False,0.523312,steady
ecotoxicity,ecotoxicity,,False,sunscreen,2023-09,33,17,36,0.00565,0.003582,1.5773,False,0.444985,emerging
internet privacy,internet privacy,,False,sunscreen,2023-12,33,18,36,0.0,0.007611,0.0,False,,declining
nanocarriers,nanocarriers,,False,sunscreen,2023-12,33,20,36,0.006208,0.002604,2.3842,False,0.524589,emerging
photosynthetic efficiency,photosynthetic efficiency,,False,sunscreen,2023-11,33,20,36,0.006992,0.002755,2.5375,False,0.531339,emerging
pollution,pollution,,False,sunscreen,2023-09,33,21,36,0.003293,0.005043,0.6531,False,0.458071,declining
sample (material),sample (material),,False,sunscreen,2023-09,33,20,36,0.006459,0.002704,2.3885,False,0.423604,emerging
zeaxanthin,zeaxanthin,,False,sunscreen,2023-09,33,19,36,0.004727,0.004612,1.0249,False,0.673592,steady
blue light,blue light,,False,sunscreen,2023-09,32,20,36,0.00342,0.004909,0.6967,False,0.409585,steady
clothing,clothing,,False,sunscreen,2023-09,32,15,36,0.005515,0.003173,1.7381,False,0.415265,emerging
density functional theory,density functional theory,,False,sunscreen,2023-09,32,22,36,0.005709,0.003657,1.5613,False,0.562781,emerging
diatom,diatom,,False,sunscreen,2023-09,32,23,36,0.004339,0.00455,0.9536,False,0.606022,steady
fractionation,fractionation,,False,sunscreen,2023-11,32,22,36,0.005997,0.003189,1.8807,False,0.632163,emerging
photodermatosis,photodermatosis,,False,sunscreen,2023-09,32,17,36,0.004461,0.003601,1.2387,False,0.541871,sporadic
STRATUM_CORNEUM,stratum corneum,anatomy,True,sunscreen,2023-10,31,17,36,0.005713,0.003165,1.8051,False,0.524175,emerging
abiotic stress,abiotic stress,,False,sunscreen,2023-09,31,16,36,0.006279,0.001972,3.1836,False,0.59003,emerging
allergic contact dermatitis,allergic contact dermatitis,,False,sunscreen,2023-11,31,19,36,0.004333,0.004545,0.9533,False,0.603547,steady
immune system,immune system,,False,sunscreen,2024-01,31,18,36,0.00744,0.001926,3.8639,False,0.527587,emerging
misinformation,misinformation,,False,sunscreen,2023-11,31,20,36,0.006722,0.00255,2.6356,False,0.501246,emerging
moisturizer,moisturizer,,False,sunscreen,2023-09,31,20,36,0.004904,0.004282,1.1452,False,0.451453,steady
physiology,physiology,,False,sunscreen,2023-09,31,18,36,0.0,0.006817,0.0,False,,declining
polymer chemistry,polymer chemistry,,False,sunscreen,2023-09,31,19,36,0.000358,0.006783,0.0528,False,0.307087,declining
psychiatry,psychiatry,,False,sunscreen,2023-09,31,16,36,0.0,0.007228,0.0,False,,declining
regimen,regimen,,False,sunscreen,2023-09,31,17,36,0.006129,0.002928,2.093,False,0.45362,emerging
systematic review,systematic review,,False,sunscreen,2024-01,31,17,36,0.005105,0.002659,1.9201,False,0.480108,emerging
agriculture,agriculture,,False,sunscreen,2023-10,30,20,36,0.004141,0.004085,1.0139,False,0.55128,steady
bioavailability,bioavailability,,False,sunscreen,2023-09,30,20,36,0.005328,0.003685,1.4457,False,0.628886,steady
doping,doping,,False,sunscreen,2023-09,30,21,36,0.002862,0.00499,0.5736,False,0.700327,declining
electron transport chain,electron transport chain,,False,sunscreen,2023-09,30,21,36,0.006483,0.002545,2.5472,False,0.688748,emerging
keratinocyte,keratinocyte,,False,sunscreen,2023-09,30,20,36,0.005706,0.003167,1.8019,False,0.440973,emerging
photosensitivity,photosensitivity,,False,sunscreen,2023-09,30,18,36,0.004119,0.003586,1.1486,False,0.512505,steady
ultraviolet visible spectroscopy,ultraviolet visible spectroscopy,,False,sunscreen,2023-11,30,17,36,0.005187,0.00223,2.3259,False,0.653421,emerging
MICROBIOME,skin microbiome,mechanism,True,sunscreen,2023-09,29,18,36,0.006421,0.001755,3.6596,False,0.506781,emerging
actinic keratosis,actinic keratosis,,False,sunscreen,2023-09,29,21,36,0.003181,0.004265,0.746,False,0.430336,steady
atopic dermatitis,atopic dermatitis,,False,sunscreen,2023-10,29,20,36,0.00451,0.004127,1.0926,False,0.452681,steady
odds ratio,odds ratio,,False,sunscreen,2023-09,29,20,36,0.004586,0.003343,1.372,False,0.537338,steady
production (economics),production (economics),,False,sunscreen,2024-01,29,18,36,0.003784,0.003222,1.1742,False,0.526625,steady
transdermal,transdermal,,False,sunscreen,2023-11,29,14,36,0.005665,0.001508,3.7562,False,0.492214,emerging
vitiligo,vitiligo,,False,sunscreen,2023-10,29,20,36,0.00397,0.003697,1.0738,False,0.448515,steady
world wide web,world wide web,,False,sunscreen,2023-11,29,17,36,0.0,0.006418,0.0,False,,declining
electromagnetic shielding,electromagnetic shielding,,False,sunscreen,2024-01,28,16,36,0.000585,0.005976,0.0979,False,0.365418,declining
genotoxicity,genotoxicity,,False,sunscreen,2023-09,28,19,36,0.002897,0.004208,0.6886,False,0.492484,steady
lutein,lutein,,False,sunscreen,2023-09,28,20,36,0.002106,0.004851,0.4341,False,0.52835,declining
neuroscience,neuroscience,,False,sunscreen,2023-09,28,17,36,0.0,0.006709,0.0,False,,declining
phototype,phototype,,False,sunscreen,2023-09,28,20,36,0.004462,0.003345,1.334,False,0.486808,steady
polymer science,polymer science,,False,sunscreen,2023-10,28,14,36,0.000358,0.005897,0.0607,False,0.698819,declining
sewage treatment,sewage treatment,,False,sunscreen,2023-11,28,16,36,0.005206,0.002754,1.8905,False,0.588863,emerging
systemic lupus erythematosus,systemic lupus erythematosus,,False,sunscreen,2023-09,28,18,36,0.004252,0.003464,1.2273,False,0.426523,steady
transcription factor,transcription factor,,False,sunscreen,2023-09,28,17,36,0.004335,0.003196,1.3563,False,0.665702,sporadic
arabidopsis thaliana,arabidopsis thaliana,,False,sunscreen,2023-09,27,18,36,0.003152,0.003831,0.8225,False,0.499274,steady
brand awareness,brand awareness,,False,sunscreen,2024-01,27,17,36,0.006364,0.001768,3.6001,False,0.428875,emerging
cancer prevention,cancer prevention,,False,sunscreen,2023-11,27,19,36,0.003286,0.003942,0.8337,False,0.486611,steady
clinical practice,clinical practice,,False,sunscreen,2024-03,27,15,36,0.006627,0.001228,5.3948,False,0.461489,emerging
cohort,cohort,,False,sunscreen,2023-11,27,21,36,0.003218,0.00371,0.8675,False,0.532952,steady
gynecology,gynecology,,False,sunscreen,2023-10,27,9,36,0.0,0.006851,0.0,False,,declining
intense pulsed light,intense pulsed light,,False,sunscreen,2024-02,27,16,36,0.004811,0.002578,1.866,False,0.452427,emerging
light intensity,light intensity,,False,sunscreen,2023-09,27,20,36,0.00362,0.003247,1.1151,False,0.567903,steady
medical education,medical education,,False,sunscreen,2023-12,27,16,36,0.0,0.006499,0.0,False,,declining
metabolism,metabolism,,False,sunscreen,2023-10,27,19,36,0.002463,0.004655,0.5291,False,0.648179,declining
metabolomics,metabolomics,,False,sunscreen,2023-11,27,17,36,0.004873,0.002549,1.9116,False,0.59464,emerging
nanocapsules,nanocapsules,,False,sunscreen,2023-12,27,14,36,0.005405,0.002024,2.6702,False,0.473254,emerging
nonprobability sampling,nonprobability sampling,,False,sunscreen,2023-10,27,17,36,0.005973,0.002261,2.6415,False,0.404372,emerging
risk analysis (engineering),risk analysis (engineering),,False,sunscreen,2023-09,27,16,36,0.0,0.00583,0.0,False,,declining
ultraviolet a,ultraviolet a,,False,sunscreen,2024-01,27,18,36,0.003915,0.003471,1.128,False,0.479468,steady
anatomy,anatomy,,False,sunscreen,2023-10,26,15,36,0.0,0.006137,0.0,False,,declining
astrobiology,astrobiology,,False,sunscreen,2023-11,26,15,36,0.0,0.005743,0.0,False,,declining
component (thermodynamics),component (thermodynamics),,False,sunscreen,2024-08,26,13,36,0.005386,0.001959,2.7494,False,0.43088,emerging
demographics,demographics,,False,sunscreen,2023-09,26,20,36,0.003803,0.003562,1.0678,False,0.397254,steady
descriptive statistics,descriptive statistics,,False,sunscreen,2023-09,26,16,36,0.004759,0.002511,1.895,False,0.476096,emerging
excitation,excitation,,False,sunscreen,2023-12,26,15,36,0.004925,0.001674,2.9423,False,0.493228,emerging
gallic acid,gallic acid,,False,sunscreen,2023-09,26,20,36,0.002781,0.003841,0.7242,False,0.411682,steady
glutathione,glutathione,,False,sunscreen,2023-10,26,16,36,0.004561,0.002517,1.8119,False,0.453654,emerging
inflammation,inflammation,,False,sunscreen,2023-09,26,19,36,0.003504,0.003639,0.963,False,0.640885,steady
metal,metal,,False,sunscreen,2023-10,26,18,36,0.002876,0.003655,0.7869,False,0.689241,steady
perspective (graphical),perspective (graphical),,False,sunscreen,2023-09,26,18,36,0.004392,0.002702,1.6253,False,0.432182,emerging
phase (matter),phase (matter),,False,sunscreen,2024-01,26,16,36,0.004225,0.002768,1.5265,False,0.484443,emerging
photosynthetic reaction centre,photosynthetic reaction centre,,False,sunscreen,2023-09,26,15,36,0.002914,0.003331,0.8749,False,0.553322,sporadic
positive control,positive control,,False,sunscreen,2023-10,26,16,36,0.005376,0.001446,3.7172,False,0.41816,emerging
radiochemistry,radiochemistry,,False,sunscreen,2023-09,26,15,36,0.000716,0.004817,0.1486,False,0.502953,declining
social psychology,social psychology,,False,sunscreen,2023-10,26,15,36,0.0,0.006156,0.0,False,,declining
stereochemistry,stereochemistry,,False,sunscreen,2023-09,26,20,36,0.000358,0.006183,0.0579,False,0.307087,declining
vitamin c,vitamin c,,False,sunscreen,2023-11,26,13,36,0.006092,0.001502,4.0574,False,0.433305,emerging
broad spectrum,broad spectrum,,False,sunscreen,2023-11,25,12,36,0.001612,0.004139,0.3894,False,0.573813,declining
chlorophyll a,chlorophyll a,,False,sunscreen,2023-10,25,17,36,0.004083,0.002527,1.6161,False,0.414863,emerging
coupon,coupon,,False,sunscreen,2025-11,25,5,36,0.008034,0.0,,True,0.400689,sporadic
deep eutectic solvent,deep eutectic solvent,,False,sunscreen,2024-01,25,15,36,0.003484,0.002782,1.2526,False,0.575191,sporadic
face (sociological concept),face (sociological concept),,False,sunscreen,2023-09,25,15,36,0.005668,0.001482,3.8233,False,0.440623,emerging
identification (biology),identification (biology),,False,sunscreen,2024-01,25,15,36,0.00397,0.002581,1.5385,False,0.455714,emerging
in silico,in silico,,False,sunscreen,2023-09,25,18,36,0.003763,0.00273,1.3783,False,0.665797,steady
melanocyte,melanocyte,,False,sunscreen,2023-10,25,16,36,0.003334,0.003677,0.9066,False,0.517776,sporadic
occupational exposure,occupational exposure,,False,sunscreen,2025-03,25,15,36,0.006382,0.001148,5.557,False,0.453758,emerging
pediatrics,pediatrics,,False,sunscreen,2023-09,25,16,36,0.0,0.005927,0.0,False,,declining
preservative,preservative,,False,sunscreen,2023-09,25,17,36,0.004391,0.002337,1.8786,False,0.462815,emerging
psychosocial,psychosocial,,False,sunscreen,2024-05,25,13,36,0.006708,0.001271,5.2794,False,0.445659,emerging
redox,redox,,False,sunscreen,2024-04,25,11,36,0.006459,0.001131,5.7095,False,0.577218,emerging
rosacea,rosacea,,False,sunscreen,2023-11,25,17,36,0.003822,0.003099,1.2331,False,0.524691,sporadic
tolerability,tolerability,,False,sunscreen,2023-09,25,15,36,0.00295,0.00324,0.9106,False,0.400951,sporadic
vitamin e,vitamin e,,False,sunscreen,2023-09,25,13,36,0.005505,0.001734,3.1746,False,0.423259,emerging
young adult,young adult,,False,sunscreen,2023-11,25,15,36,0.005883,0.001237,4.7546,False,0.482555,emerging
biocompatible material,biocompatible material,,False,sunscreen,2023-10,24,13,36,0.004842,0.002275,2.1279,False,0.633,emerging
ex vivo,ex vivo,,False,sunscreen,2023-09,24,14,36,0.002463,0.002818,0.8738,False,0.537395,sporadic
ferulic acid,ferulic acid,,False,sunscreen,2023-11,24,15,36,0.003741,0.003012,1.2423,False,0.570829,sporadic
marketing communication,marketing communication,,False,sunscreen,2024-03,24,15,36,0.005222,0.001205,4.3321,False,0.418623,emerging
meteorology,meteorology,,False,sunscreen,2023-09,24,13,36,0.0,0.005789,0.0,False,,declining
permeation,permeation,,False,sunscreen,2023-09,24,17,36,0.00327,0.003044,1.0741,False,0.435288,sporadic
pickering emulsion,pickering emulsion,,False,sunscreen,2023-10,24,20,36,0.00316,0.003213,0.9833,False,0.499861,steady
reef,reef,,False,sunscreen,2023-11,24,17,36,0.003384,0.00343,0.9865,False,0.491571,sporadic
scalp,scalp,,False,sunscreen,2023-10,24,18,36,0.002519,0.003916,0.6434,False,0.403504,declining
skin whitening,skin whitening,,False,sunscreen,2024-02,24,14,36,0.005618,0.001481,3.7928,False,0.488636,emerging
solid phase extraction,solid phase extraction,,False,sunscreen,2023-09,24,14,36,0.001695,0.004018,0.4218,False,0.552423,declining
solubility,solubility,,False,sunscreen,2023-09,24,13,36,0.005428,0.001541,3.5234,False,0.576969,emerging
test (biology),test (biology),,False,sunscreen,2023-09,24,18,36,0.003465,0.002943,1.1776,False,0.436148,steady
urine,urine,,False,sunscreen,2023-09,24,18,36,0.001307,0.004951,0.2639,False,0.440737,declining
value (mathematics),value (mathematics),,False,sunscreen,2023-09,24,14,36,0.003146,0.003181,0.9888,False,0.383674,sporadic
NIACINAMIDE,niacinamide,ingredient,True,sunscreen,2023-09,23,14,36,0.005111,0.001855,2.7551,False,0.477424,emerging
anthocyanin,anthocyanin,,False,sunscreen,2023-09,23,16,36,0.004572,0.002236,2.0449,False,0.543908,emerging
biomonitoring,biomonitoring,,False,sunscreen,2023-09,23,15,36,0.003661,0.002768,1.3226,False,0.59021,sporadic
downregulation and upregulation,downregulation and upregulation,,False,sunscreen,2023-09,23,16,36,0.004206,0.001664,2.5271,False,0.624966,emerging
fraction (chemistry),fraction (chemistry),,False,sunscreen,2023-12,23,18,36,0.002695,0.003432,0.7852,False,0.383204,steady
health benefits,health benefits,,False,sunscreen,2023-10,23,13,36,0.005113,0.001089,4.6969,False,0.483959,emerging
limiting,limiting,,False,sunscreen,2023-10,23,14,36,0.004715,0.001331,3.5437,False,0.567754,emerging
prospective cohort study,prospective cohort study,,False,sunscreen,2023-10,23,17,36,0.003261,0.002857,1.1418,False,0.480173,sporadic
recreation,recreation,,False,sunscreen,2023-10,23,16,36,0.003037,0.002671,1.1371,False,0.42255,sporadic
rheology,rheology,,False,sunscreen,2024-07,23,12,36,0.004204,0.001828,2.2999,False,0.517724,emerging
risk factor,risk factor,,False,sunscreen,2023-09,23,15,36,0.005961,0.001384,4.3077,False,0.5095,emerging
significant difference,significant difference,,False,sunscreen,2023-10,23,18,36,0.003969,0.002704,1.4681,False,0.400281,steady
singlet oxygen,singlet oxygen,,False,sunscreen,2023-09,23,14,36,0.002713,0.00282,0.9622,False,0.586499,sporadic
statistical analysis,statistical analysis,,False,sunscreen,2023-09,23,16,36,0.005049,0.001655,3.0512,False,0.477473,emerging
LIPOSOME,liposome,formulation,True,sunscreen,2023-10,22,18,36,0.00189,0.003608,0.5239,False,0.60799,declining
absorption spectroscopy,absorption spectroscopy,,False,sunscreen,2023-09,22,16,36,0.005038,0.001301,3.8737,False,0.573036,emerging
astaxanthin,astaxanthin,,False,sunscreen,2023-09,22,13,36,0.001655,0.003773,0.4386,False,0.389129,declining
athletes,athletes,,False,sunscreen,2023-09,22,17,36,0.003022,0.002915,1.0365,False,0.402703,sporadic
chlamydomonas,chlamydomonas,,False,sunscreen,2023-09,22,18,36,0.002252,0.003388,0.6648,False,0.510773,declining
detection limit,detection limit,,False,sunscreen,2023-09,22,16,36,0.002674,0.003548,0.7537,False,0.429936,sporadic
electron transfer,electron transfer,,False,sunscreen,2023-09,22,17,36,0.002855,0.00295,0.968,False,0.562382,sporadic
environmental planning,environmental planning,,False,sunscreen,2023-10,22,14,36,0.0,0.00496,0.0,False,,declining
environmental protection,environmental protection,,False,sunscreen,2023-09,22,15,36,0.0,0.00474,0.0,False,,declining
eutectic system,eutectic system,,False,sunscreen,2024-01,22,16,36,0.002027,0.003313,0.612,False,0.715626,declining
high performance liquid chromatography,high performance liquid chromatography,,False,sunscreen,2023-09,22,17,36,0.003181,0.003145,1.0114,False,0.623962,sporadic
nano,nano,,False,sunscreen,2023-09,22,15,36,0.000797,0.0043,0.1854,False,0.84213,declining
physical therapy,physical therapy,,False,sunscreen,2023-09,22,16,36,0.0,0.005276,0.0,False,,declining
polysaccharide,polysaccharide,,False,sunscreen,2024-07,22,14,36,0.003805,0.002489,1.5289,False,0.573891,emerging
process engineering,process engineering,,False,sunscreen,2024-01,22,14,36,0.000358,0.004455,0.0803,False,0.698819,declining
psoriasis,psoriasis,,False,sunscreen,2023-10,22,15,36,0.002169,0.003774,0.5749,False,0.409323,declining
reflectivity,reflectivity,,False,sunscreen,2023-09,22,17,36,0.003742,0.001961,1.9087,False,0.522428,emerging
salinity,salinity,,False,sunscreen,2023-09,22,14,36,0.004242,0.002294,1.8488,False,0.553913,emerging
sensitive skin,sensitive skin,,False,sunscreen,2023-09,22,13,36,0.004392,0.001729,2.5404,False,0.484961,emerging
solid lipid nanoparticle,solid lipid nanoparticle,,False,sunscreen,2023-12,22,14,36,0.003933,0.001896,2.0741,False,0.562458,emerging
telecommunications,telecommunications,,False,sunscreen,2023-11,22,11,36,0.0,0.004914,0.0,False,,declining
yeast,yeast,,False,sunscreen,2023-10,22,17,36,0.001677,0.003505,0.4784,False,0.575189,declining
SUPEROXIDE_DISMUTASE,superoxide dismutase,enzyme,True,sunscreen,2023-09,21,16,36,0.004062,0.001602,2.5353,False,0.602853,emerging
action (physics),action (physics),,False,sunscreen,2023-10,21,15,36,0.00277,0.00255,1.0866,False,0.442943,sporadic
cultivar,cultivar,,False,sunscreen,2023-12,21,13,36,0.004194,0.001936,2.1668,False,0.535227,emerging
curcumin,curcumin,,False,sunscreen,2023-10,21,17,36,0.001996,0.003451,0.5782,False,0.762046,declining
dentistry,dentistry,,False,sunscreen,2023-09,21,16,36,0.0,0.004934,0.0,False,,declining
dispersity,dispersity,,False,sunscreen,2023-10,21,12,36,0.005725,0.000986,5.8075,False,0.497712,emerging
metabolic pathway,metabolic pathway,,False,sunscreen,2023-12,21,15,36,0.00466,0.001692,2.7536,False,0.563026,emerging
narrative,narrative,,False,sunscreen,2023-09,21,15,36,0.003029,0.002672,1.1333,False,0.592863,sporadic
oncology,oncology,,False,sunscreen,2023-09,21,14,36,0.0,0.004842,0.0,False,,declining
oxygen,oxygen,,False,sunscreen,2023-09,21,17,36,0.002249,0.003533,0.6368,False,0.448374,declining
plant physiology,plant physiology,,False,sunscreen,2023-09,21,16,36,0.004241,0.001966,2.1569,False,0.552269,emerging
self healing hydrogels,self healing hydrogels,,False,sunscreen,2023-09,21,14,36,0.004059,0.001621,2.5033,False,0.583944,emerging
stress (linguistics),stress (linguistics),,False,sunscreen,2024-01,21,14,36,0.001689,0.003068,0.5505,False,0.573058,declining
biomedical engineering,biomedical engineering,,False,sunscreen,2023-09,20,12,36,0.0,0.005024,0.0,False,,declining
chemical physics,chemical physics,,False,sunscreen,2023-09,20,12,36,0.0,0.004487,0.0,False,,declining
curcuma,curcuma,,False,sunscreen,2023-09,20,15,36,0.001674,0.00333,0.5027,False,0.634438,declining
ethnic group,ethnic group,,False,sunscreen,2024-02,20,15,36,0.003593,0.002181,1.6476,False,0.498668,emerging
function (biology),function (biology),,False,sunscreen,2023-11,20,16,36,0.00306,0.002075,1.4748,False,0.48254,sporadic
hazardous waste,hazardous waste,,False,sunscreen,2023-10,20,13,36,0.003407,0.001904,1.7894,False,0.505382,emerging
lichen,lichen,,False,sunscreen,2024-03,20,14,36,0.002664,0.002848,0.9352,False,0.569802,sporadic
lipid peroxidation,lipid peroxidation,,False,sunscreen,2023-09,20,18,36,0.003026,0.002253,1.3434,False,0.563349,steady
nanotoxicology,nanotoxicology,,False,sunscreen,2024-03,20,12,36,0.004375,0.001504,2.908,False,0.59291,emerging
oxidative phosphorylation,oxidative phosphorylation,,False,sunscreen,2024-01,20,15,36,0.003669,0.001711,2.1448,False,0.664478,emerging
photosynthetically active radiation,photosynthetically active radiation,,False,sunscreen,2023-10,20,14,36,0.003123,0.002063,1.5136,False,0.624877,emerging
raman spectroscopy,raman spectroscopy,,False,sunscreen,2023-09,20,15,36,0.004084,0.00145,2.8156,False,0.57686,emerging
seawater,seawater,,False,sunscreen,2023-09,20,16,36,0.002837,0.002415,1.1747,False,0.678918,sporadic
stomatal conductance,stomatal conductance,,False,sunscreen,2023-12,20,15,36,0.004193,0.00151,2.7764,False,0.575568,emerging
supramolecular chemistry,supramolecular chemistry,,False,sunscreen,2024-08,20,8,36,0.00458,0.000715,6.4063,False,0.523347,sporadic
synechocystis,synechocystis,,False,sunscreen,2023-09,20,17,36,0.00334,0.00211,1.583,False,0.638444,emerging
thermal stability,thermal stability,,False,sunscreen,2023-10,20,12,36,0.004674,0.001206,3.8742,False,0.576319,emerging
ultrafast laser spectroscopy,ultrafast laser spectroscopy,,False,sunscreen,2023-10,20,11,36,0.003304,0.001545,2.1386,False,0.439248,emerging
wrinkle,wrinkle,,False,sunscreen,2023-09,20,12,36,0.00432,0.001532,2.8202,False,0.548774,emerging
ENDOCRINE_DISRUPTION,endocrine disruption,regulatory,True,sunscreen,2023-09,19,11,36,0.002124,0.00262,0.8105,False,0.538484,sporadic
NICOTINAMIDE,nicotinamide,ingredient,True,sunscreen,2023-09,19,12,36,0.003774,0.001815,2.0796,False,0.447991,emerging
bioinformatics,bioinformatics,,False,sunscreen,2023-09,19,13,36,0.0,0.004203,0.0,False,,declining
biological system,biological system,,False,sunscreen,2023-09,19,14,36,0.0,0.004636,0.0,False,,declining
biopsy,biopsy,,False,sunscreen,2024-01,19,12,36,0.00401,0.001211,3.311,False,0.419312,emerging
coating,coating,,False,sunscreen,2024-01,19,16,36,0.003498,0.001881,1.8599,False,0.426245,emerging
confidence interval,confidence interval,,False,sunscreen,2023-10,19,14,36,0.003202,0.001693,1.8919,False,0.430431,emerging
data collection,data collection,,False,sunscreen,2024-01,19,13,36,0.004277,0.000875,4.8862,False,0.397604,emerging
green tea,green tea,,False,sunscreen,2023-12,19,12,36,0.003139,0.001486,2.1129,False,0.453448,emerging
hypopigmentation,hypopigmentation,,False,sunscreen,2023-11,19,13,36,0.003915,0.001702,2.3001,False,0.490958,emerging
irradiance,irradiance,,False,sunscreen,2023-12,19,12,36,0.003457,0.002103,1.6442,False,0.514295,emerging
perovskite (structure),perovskite (structure),,False,sunscreen,2024-04,19,13,36,0.0027,0.002081,1.2974,False,0.604516,sporadic
plastid,plastid,,False,sunscreen,2023-09,19,15,36,0.002784,0.002227,1.2504,False,0.648882,sporadic
receptor,receptor,,False,sunscreen,2023-09,19,15,36,0.002686,0.002667,1.0071,False,0.56004,sporadic
skin hyperpigmentation,skin hyperpigmentation,,False,sunscreen,2023-12,19,15,36,0.003382,0.002258,1.4974,False,0.560713,sporadic
socioeconomic status,socioeconomic status,,False,sunscreen,2023-09,19,12,36,0.002778,0.002414,1.1511,False,0.561622,sporadic
staphylococcus aureus,staphylococcus aureus,,False,sunscreen,2023-10,19,12,36,0.002975,0.001821,1.6334,False,0.526775,emerging
water pollution,water pollution,,False,sunscreen,2024-03,19,11,36,0.004948,0.000734,6.7371,False,0.585778,emerging
albinism,albinism,,False,sunscreen,2023-11,18,13,36,0.002916,0.001834,1.5905,False,0.418536,emerging
apoptosis,apoptosis,,False,sunscreen,2023-09,18,15,36,0.00094,0.003224,0.2916,False,0.408707,declining
association (psychology),association (psychology),,False,sunscreen,2023-11,18,15,36,0.00168,0.003166,0.5307,False,0.411742,declining
atmospheric sciences,atmospheric sciences,,False,sunscreen,2023-11,18,14,36,0.0,0.004109,0.0,False,,declining
canopy,canopy,,False,sunscreen,2024-01,18,13,36,0.002767,0.001989,1.3913,False,0.564964,sporadic
cell,cell,,False,sunscreen,2023-10,18,13,36,0.003074,0.002221,1.3846,False,0.48955,sporadic
crop,crop,,False,sunscreen,2023-10,18,11,36,0.003678,0.001658,2.2177,False,0.508762,emerging
dermis,dermis,,False,sunscreen,2023-09,18,14,36,0.001863,0.003099,0.601,False,0.500495,declining
docking (animal),docking (animal),,False,sunscreen,2024-03,18,12,36,0.003048,0.00205,1.4874,False,0.563,sporadic
encapsulation (networking),encapsulation (networking),,False,sunscreen,2023-12,18,13,36,0.002917,0.002135,1.3663,False,0.499618,sporadic
environmental impact of pharmaceuticals and personal care products,environmental impact of pharmaceuticals and personal care products,,False,sunscreen,2023-09,18,12,36,0.003067,0.00201,1.5262,False,0.677541,emerging
evolutionary biology,evolutionary biology,,False,sunscreen,2023-09,18,12,36,0.0,0.004029,0.0,False,,declining
exposure assessment,exposure assessment,,False,sunscreen,2023-09,18,10,36,0.003878,0.001001,3.8737,False,0.569326,emerging
hydrolysis,hydrolysis,,False,sunscreen,2023-12,18,12,36,0.002099,0.002386,0.8797,False,0.494472,sporadic
ionic bonding,ionic bonding,,False,sunscreen,2025-03,18,6,36,0.004629,0.000494,9.3687,False,0.53116,sporadic
microorganism,microorganism,,False,sunscreen,2023-10,18,14,36,0.002835,0.001974,1.4362,False,0.522277,sporadic
molecular dynamics,molecular dynamics,,False,sunscreen,2023-09,18,12,36,0.003347,0.001328,2.5205,False,0.51528,emerging
particle (ecology),particle (ecology),,False,sunscreen,2023-10,18,11,36,0.002548,0.001642,1.5519,False,0.521217,emerging
rash,rash,,False,sunscreen,2024-01,18,15,36,0.002562,0.00207,1.2372,False,0.457566,sporadic
rutin,rutin,,False,sunscreen,2023-09,18,16,36,0.002412,0.002262,1.0665,False,0.49721,sporadic
scale (ratio),scale (ratio),,False,sunscreen,2023-09,18,11,36,0.002587,0.001976,1.309,False,0.454082,sporadic
spectrophotometry,spectrophotometry,,False,sunscreen,2024-09,18,10,36,0.003775,0.000993,3.8027,False,0.440751,emerging
wound healing,wound healing,,False,sunscreen,2023-09,18,14,36,0.002009,0.002155,0.9325,False,0.448571,sporadic
antifungal,antifungal,,False,sunscreen,2023-11,17,11,36,0.004159,0.001324,3.1419,False,0.470018,emerging
astronomy,astronomy,,False,sunscreen,2023-09,17,8,36,0.0,0.003516,0.0,False,,declining
crystallography,crystallography,,False,sunscreen,2023-11,17,12,36,0.001074,0.002926,0.3669,False,0.653543,declining
daphnia magna,daphnia magna,,False,sunscreen,2024-03,17,11,36,0.001448,0.002825,0.5125,False,0.50413,declining
digital marketing,digital marketing,,False,sunscreen,2025-02,17,14,36,0.003663,0.001171,3.1275,False,0.438667,emerging
dosage form,dosage form,,False,sunscreen,2024-06,17,10,36,0.004351,0.000798,5.4555,False,0.419216,emerging
drought tolerance,drought tolerance,,False,sunscreen,2023-11,17,10,36,0.003625,0.00145,2.5005,False,0.540026,emerging
family history,family history,,False,sunscreen,2024-01,17,11,36,0.00237,0.001913,1.2388,False,0.488867,sporadic
habitat,habitat,,False,sunscreen,2023-10,17,13,36,0.001718,0.002791,0.6156,False,0.484103,declining
harm,harm,,False,sunscreen,2024-02,17,10,36,0.004585,0.000553,8.2955,False,0.440425,emerging
laser,laser,,False,sunscreen,2023-09,17,15,36,0.001925,0.002287,0.8416,False,0.496896,sporadic
mediterranean climate,mediterranean climate,,False,sunscreen,2023-09,17,13,36,0.001343,0.002569,0.5228,False,0.647409,declining
melanosome,melanosome,,False,sunscreen,2023-12,17,9,36,0.003176,0.001642,1.9335,False,0.630015,emerging
mesoporous material,mesoporous material,,False,sunscreen,2023-09,17,13,36,0.002721,0.002047,1.3291,False,0.471008,sporadic
microsphere,microsphere,,False,sunscreen,2024-03,17,11,36,0.004192,0.000977,4.2889,False,0.51064,emerging
odds,odds,,False,sunscreen,2023-11,17,12,36,0.003206,0.001549,2.0697,False,0.569774,emerging
patch test,patch test,,False,sunscreen,2023-09,17,11,36,0.003427,0.001757,1.95,False,0.631441,emerging
pharmacy,pharmacy,,False,sunscreen,2023-09,17,14,36,0.001577,0.002923,0.5396,False,0.428536,declining
phycobilisome,phycobilisome,,False,sunscreen,2023-09,17,14,36,0.001341,0.002564,0.523,False,0.772355,declining
profiling (computer programming),profiling (computer programming),,False,sunscreen,2024-12,17,9,36,0.00184,0.00238,0.7729,False,0.658482,sporadic
propolis,propolis,,False,sunscreen,2023-10,17,13,36,0.002446,0.00167,1.4643,False,0.502595,sporadic
resveratrol,resveratrol,,False,sunscreen,2023-11,17,13,36,0.000371,0.004034,0.092,False,0.44898,declining
scanning electron microscope,scanning electron microscope,,False,sunscreen,2023-09,17,14,36,0.00264,0.002029,1.3013,False,0.640102,sporadic
silver nanoparticle,silver nanoparticle,,False,sunscreen,2023-09,17,14,36,0.001969,0.002643,0.7449,False,0.557362,sporadic
thin film,thin film,,False,sunscreen,2023-12,17,15,36,0.002195,0.001726,1.2718,False,0.55042,sporadic
thyroid,thyroid,,False,sunscreen,2024-09,17,11,36,0.003255,0.001663,1.9576,False,0.633247,emerging
urinary system,urinary system,,False,sunscreen,2024-01,17,11,36,0.002309,0.001757,1.3143,False,0.476609,sporadic
HYALURONIC_ACID,hyaluronic acid,ingredient,True,sunscreen,2023-10,16,13,36,0.002952,0.001312,2.2506,False,0.59539,emerging
acute toxicity,acute toxicity,,False,sunscreen,2023-09,16,11,36,0.00328,0.001304,2.515,False,0.430843,emerging
aesthetics,aesthetics,,False,sunscreen,2023-11,16,14,36,0.000358,0.003539,0.1011,False,0.307087,declining
analyte,analyte,,False,sunscreen,2023-10,16,13,36,0.003121,0.00145,2.1533,False,0.535027,emerging
astrophysics,astrophysics,,False,sunscreen,2023-09,16,10,36,0.0,0.003173,0.0,False,,declining
bark (sound),bark (sound),,False,sunscreen,2023-12,16,11,36,0.002974,0.001694,1.7554,False,0.448938,emerging
biofilm,biofilm,,False,sunscreen,2024-01,16,14,36,0.001885,0.001911,0.9863,False,0.488678,sporadic
blocking (statistics),blocking (statistics),,False,sunscreen,2024-01,16,10,36,0.001567,0.002805,0.5588,False,0.359914,declining
business administration,business administration,,False,sunscreen,2024-09,16,10,36,0.0,0.003843,0.0,False,,declining
coronavirus disease 2019 (covid 19),coronavirus disease 2019 (covid 19),,False,sunscreen,2023-10,16,13,36,0.001357,0.003279,0.4139,False,0.643675,declining
diabetes mellitus,diabetes mellitus,,False,sunscreen,2024-02,16,10,36,0.00249,0.00226,1.1019,False,0.397539,sporadic
environmental monitoring,environmental monitoring,,False,sunscreen,2024-02,16,12,36,0.003408,0.001064,3.2013,False,0.555731,emerging
focus group,focus group,,False,sunscreen,2023-10,16,9,36,0.003203,0.001305,2.4549,False,0.606088,emerging
influencer marketing,influencer marketing,,False,sunscreen,2024-07,16,13,36,0.002264,0.001984,1.1416,False,0.503415,sporadic
kinetics,kinetics,,False,sunscreen,2023-09,16,15,36,0.001872,0.002598,0.7206,False,0.401191,sporadic
layer (electronics),layer (electronics),,False,sunscreen,2023-09,16,11,36,0.001924,0.001778,1.0817,False,0.522668,sporadic
light harvesting complex,light harvesting complex,,False,sunscreen,2024-02,16,12,36,0.002866,0.001636,1.7519,False,0.595463,emerging
marine ecosystem,marine ecosystem,,False,sunscreen,2023-10,16,14,36,0.002258,0.002427,0.9302,False,0.469656,sporadic
orange (colour),orange (colour),,False,sunscreen,2023-09,16,9,36,0.00141,0.002495,0.5652,False,0.442628,declining
outpatient clinic,outpatient clinic,,False,sunscreen,2023-10,16,11,36,0.003092,0.001485,2.0817,False,0.449012,emerging
phthalate,phthalate,,False,sunscreen,2023-09,16,11,36,0.000854,0.002936,0.291,False,0.408307,declining
promotion (chess),promotion (chess),,False,sunscreen,2023-11,16,13,36,0.0026,0.001757,1.4802,False,0.412525,sporadic
pulmonary surfactant,pulmonary surfactant,,False,sunscreen,2023-11,16,11,36,0.003228,0.001365,2.3656,False,0.493686,emerging
pyrimidine dimer,pyrimidine dimer,,False,sunscreen,2023-11,16,14,36,0.001705,0.002185,0.7803,False,0.4744,sporadic
refractory (planetary science),refractory (planetary science),,False,sunscreen,2024-07,16,11,36,0.004431,0.000386,11.4914,False,0.420615,emerging
sampling (signal processing),sampling (signal processing),,False,sunscreen,2023-10,16,12,36,0.002663,0.001731,1.5384,False,0.475895,emerging
scarring alopecia,scarring alopecia,,False,sunscreen,2024-03,16,13,36,0.001559,0.00237,0.6578,False,0.678479,declining
thermal,thermal,,False,sunscreen,2023-09,16,13,36,0.002503,0.002007,1.2475,False,0.635836,sporadic
titanium,titanium,,False,sunscreen,2023-12,16,14,36,0.001584,0.002335,0.6786,False,0.480919,sporadic
tourism,tourism,,False,sunscreen,2023-11,16,13,36,0.002287,0.001505,1.52,False,0.475293,emerging
violaxanthin,violaxanthin,,False,sunscreen,2023-09,16,13,36,0.003056,0.001612,1.8957,False,0.63645,emerging
visual arts,visual arts,,False,sunscreen,2023-09,16,12,36,0.000358,0.003381,0.1059,False,0.307087,declining
white (mutation),white (mutation),,False,sunscreen,2023-09,16,12,36,0.000607,0.002908,0.2088,False,0.411824,declining
abscisic acid,abscisic acid,,False,sunscreen,2023-10,15,9,36,0.003742,0.000787,4.7565,False,0.521964,emerging
affect (linguistics),affect (linguistics),,False,sunscreen,2023-10,15,13,36,0.002633,0.001537,1.7134,False,0.406433,emerging
antheraxanthin,antheraxanthin,,False,sunscreen,2023-09,15,12,36,0.002935,0.001724,1.7024,False,0.762767,emerging
bay,bay,,False,sunscreen,2023-10,15,13,36,0.00234,0.002055,1.1386,False,0.571344,sporadic
benthic zone,benthic zone,,False,sunscreen,2024-01,15,11,36,0.002217,0.001458,1.5206,False,0.412495,emerging
biodegradation,biodegradation,,False,sunscreen,2023-10,15,13,36,0.002182,0.002285,0.955,False,0.505043,sporadic
biofuel,biofuel,,False,sunscreen,2023-10,15,8,36,0.002538,0.001375,1.846,False,0.630919,sporadic
catalase,catalase,,False,sunscreen,2023-09,15,12,36,0.003779,0.000568,6.6491,False,0.564508,emerging
chemical composition,chemical composition,,False,sunscreen,2024-01,15,13,36,0.002252,0.001271,1.7725,False,0.478044,emerging
chitosan,chitosan,,False,sunscreen,2023-09,15,11,36,0.002265,0.002012,1.1257,False,0.429214,sporadic
chlorella,chlorella,,False,sunscreen,2023-09,15,12,36,0.002565,0.001527,1.6801,False,0.552676,emerging
chlorogenic acid,chlorogenic acid,,False,sunscreen,2023-09,15,13,36,0.002091,0.001721,1.215,False,0.557648,sporadic
consumer behaviour,consumer behaviour,,False,sunscreen,2025-01,15,9,36,0.004027,0.000484,8.312,False,0.5239,emerging
current (fluid),current (fluid),,False,sunscreen,2024-01,15,11,36,0.001009,0.002484,0.4062,False,0.439447,declining
cyclodextrin,cyclodextrin,,False,sunscreen,2023-09,15,13,36,0.001452,0.002699,0.5378,False,0.741103,declining
distribution (mathematics),distribution (mathematics),,False,sunscreen,2024-01,15,11,36,0.002497,0.001448,1.7244,False,0.537071,emerging
effluent,effluent,,False,sunscreen,2023-11,15,10,36,0.000936,0.003404,0.2749,False,0.757067,declining
epidermis (zoology),epidermis (zoology),,False,sunscreen,2023-10,15,10,36,0.001545,0.002928,0.5275,False,0.409942,declining
fibroblast,fibroblast,,False,sunscreen,2023-10,15,9,36,0.002224,0.001215,1.8307,False,0.433223,emerging
focus (optics),focus (optics),,False,sunscreen,2024-01,15,12,36,0.002306,0.001809,1.2744,False,0.453539,sporadic
genodermatosis,genodermatosis,,False,sunscreen,2024-04,15,8,36,0.004059,0.000856,4.7392,False,0.412495,sporadic
genome,genome,,False,sunscreen,2023-09,15,13,36,0.001526,0.002444,0.6243,False,0.561618,declining
germination,germination,,False,sunscreen,2023-09,15,12,36,0.00224,0.001847,1.2127,False,0.605858,sporadic
histopathology,histopathology,,False,sunscreen,2023-10,15,9,36,0.004233,0.000477,8.882,False,0.466054,emerging
intracellular,intracellular,,False,sunscreen,2023-09,15,11,36,0.003276,0.001136,2.8845,False,0.814876,emerging
keratosis,keratosis,,False,sunscreen,2023-11,15,12,36,0.001704,0.002334,0.7302,False,0.430551,sporadic
multidisciplinary approach,multidisciplinary approach,,False,sunscreen,2024-05,15,12,36,0.003412,0.000786,4.3433,False,0.537425,emerging
mutation,mutation,,False,sunscreen,2023-09,15,9,36,0.001565,0.002618,0.5977,False,0.475274,declining
nanocellulose,nanocellulose,,False,sunscreen,2023-09,15,12,36,0.001776,0.001782,0.9968,False,0.623757,sporadic
occupational safety and health,occupational safety and health,,False,sunscreen,2024-06,15,9,36,0.00282,0.001051,2.6835,False,0.499846,emerging
photosynthetic pigment,photosynthetic pigment,,False,sunscreen,2023-09,15,10,36,0.002657,0.001503,1.7672,False,0.579232,emerging
phytoplankton,phytoplankton,,False,sunscreen,2023-09,15,13,36,0.001933,0.002202,0.8778,False,0.423268,sporadic
qualitative research,qualitative research,,False,sunscreen,2023-12,15,10,36,0.003374,0.001348,2.5025,False,0.470415,emerging
quantum,quantum,,False,sunscreen,2024-01,15,10,36,0.003206,0.001087,2.9494,False,0.441866,emerging
range (aeronautics),range (aeronautics),,False,sunscreen,2024-04,15,10,36,0.003842,0.001164,3.3017,False,0.441016,emerging
response surface methodology,response surface methodology,,False,sunscreen,2025-01,15,11,36,0.003455,0.000691,4.9977,False,0.545417,emerging
sample preparation,sample preparation,,False,sunscreen,2023-11,15,14,36,0.002199,0.001709,1.2865,False,0.579136,sporadic
sediment,sediment,,False,sunscreen,2024-01,15,13,36,0.002304,0.001642,1.4031,False,0.686926,sporadic
seedling,seedling,,False,sunscreen,2023-09,15,10,36,0.002764,0.00108,2.5592,False,0.626951,emerging
selection (genetic algorithm),selection (genetic algorithm),,False,sunscreen,2024-02,15,11,36,0.002402,0.001811,1.3264,False,0.449141,sporadic
sustainable production,sustainable production,,False,sunscreen,2024-09,15,7,36,0.004219,0.000239,17.6189,False,0.500717,sporadic
thermodynamics,thermodynamics,,False,sunscreen,2023-12,15,12,36,0.0,0.003477,0.0,False,,declining
tranexamic acid,tranexamic acid,,False,sunscreen,2023-10,15,12,36,0.002183,0.001722,1.2681,False,0.454192,sporadic
transmittance,transmittance,,False,sunscreen,2023-12,15,11,36,0.003084,0.001008,3.058,False,0.480792,emerging
CENTELLA,Centella asiatica,ingredient,True,sunscreen,2024-11,14,10,36,0.001833,0.001433,1.2794,False,0.67189,sporadic
acne treatment,acne treatment,,False,sunscreen,2024-03,14,8,36,0.003547,0.000885,4.0095,False,0.473187,sporadic
benzothiazole,benzothiazole,,False,sunscreen,2025-01,14,3,36,0.00269,0.000515,5.2256,False,0.494083,sporadic
cell culture,cell culture,,False,sunscreen,2023-10,14,11,36,0.001275,0.002078,0.6133,False,0.40665,declining
composition (language),composition (language),,False,sunscreen,2024-01,14,11,36,0.001316,0.001588,0.8284,False,0.538961,sporadic
controlled release,controlled release,,False,sunscreen,2025-01,14,7,36,0.003898,0.000291,13.4093,False,0.448311,sporadic
crop yield,crop yield,,False,sunscreen,2024-04,14,10,36,0.003329,0.0008,4.1623,False,0.621092,emerging
daphnia,daphnia,,False,sunscreen,2024-07,14,10,36,0.001056,0.002539,0.4158,False,0.552202,declining
dielectric,dielectric,,False,sunscreen,2024-01,14,11,36,0.002305,0.001253,1.8399,False,0.590042,emerging
dynamics (music),dynamics (music),,False,sunscreen,2025-01,14,9,36,0.002065,0.001046,1.9746,False,0.428846,emerging
electrical engineering,electrical engineering,,False,sunscreen,2023-12,14,12,36,0.0,0.003292,0.0,False,,declining
estuary,estuary,,False,sunscreen,2023-09,14,10,36,0.00234,0.001185,1.9748,False,0.614087,emerging
factorial experiment,factorial experiment,,False,sunscreen,2023-12,14,10,36,0.003587,0.000614,5.8458,False,0.586925,emerging
gas chromatography–mass spectrometry,gas chromatography–mass spectrometry,,False,sunscreen,2023-09,14,10,36,0.000411,0.003145,0.1308,False,0.289593,declining
hydrogen peroxide,hydrogen peroxide,,False,sunscreen,2023-11,14,13,36,0.00251,0.001866,1.3455,False,0.532899,sporadic
light energy,light energy,,False,sunscreen,2024-09,14,11,36,0.002148,0.001667,1.2884,False,0.73638,sporadic
linguistics,linguistics,,False,sunscreen,2023-11,14,11,36,0.000716,0.002753,0.26,False,0.307087,declining
lycopene,lycopene,,False,sunscreen,2023-09,14,12,36,0.001812,0.001763,1.0274,False,0.54654,sporadic
medicinal plants,medicinal plants,,False,sunscreen,2025-03,14,7,36,0.004382,0.000269,16.2987,False,0.486274,sporadic
melatonin,melatonin,,False,sunscreen,2023-10,14,11,36,0.002618,0.00141,1.8574,False,0.523812,emerging
monomer,monomer,,False,sunscreen,2023-09,14,9,36,0.00243,0.001712,1.4194,False,0.538665,sporadic
moringa,moringa,,False,sunscreen,2023-12,14,12,36,0.001913,0.001869,1.0232,False,0.426338,sporadic
olive oil,olive oil,,False,sunscreen,2024-06,14,10,36,0.003633,0.000681,5.3381,False,0.473972,emerging
oxidative damage,oxidative damage,,False,sunscreen,2024-04,14,8,36,0.003601,0.000544,6.6251,False,0.43969,sporadic
particulates,particulates,,False,sunscreen,2024-06,14,9,36,0.002476,0.000881,2.809,False,0.587153,emerging
pesticide,pesticide,,False,sunscreen,2024-02,14,11,36,0.00124,0.002523,0.4916,False,0.54094,declining
phaeodactylum tricornutum,phaeodactylum tricornutum,,False,sunscreen,2023-09,14,11,36,0.000639,0.003052,0.2093,False,0.703956,declining
photodynamic therapy,photodynamic therapy,,False,sunscreen,2023-11,14,9,36,0.003153,0.000713,4.4197,False,0.659816,emerging
photoexcitation,photoexcitation,,False,sunscreen,2024-03,14,10,36,0.002589,0.000931,2.7793,False,0.499613,emerging
photovoltaic system,photovoltaic system,,False,sunscreen,2023-09,14,11,36,0.002072,0.001926,1.0755,False,0.503906,sporadic
popularity,popularity,,False,sunscreen,2024-06,14,7,36,0.004088,0.000471,8.6817,False,0.434321,sporadic
quantum dot,quantum dot,,False,sunscreen,2024-02,14,10,36,0.001433,0.002185,0.6558,False,0.421722,declining
relaxation (psychology),relaxation (psychology),,False,sunscreen,2024-09,14,8,36,0.003795,0.000239,15.8468,False,0.544299,sporadic
retrospective cohort study,retrospective cohort study,,False,sunscreen,2023-09,14,12,36,0.003009,0.001143,2.6321,False,0.438739,emerging
space (punctuation),space (punctuation),,False,sunscreen,2024-03,14,7,36,0.00277,0.001031,2.6863,False,0.436335,sporadic
starch,starch,,False,sunscreen,2025-01,14,10,36,0.002576,0.001221,2.1097,False,0.570491,emerging
surface water,surface water,,False,sunscreen,2024-02,14,10,36,0.003022,0.001069,2.827,False,0.508507,emerging
PEPTIDE,peptide,ingredient,True,sunscreen,2024-01,13,9,36,0.00256,0.000968,2.6463,False,0.502947,emerging
antibody,antibody,,False,sunscreen,2023-10,13,12,36,0.001458,0.00214,0.6813,False,0.487238,sporadic
applications of nanotechnology,applications of nanotechnology,,False,sunscreen,2023-12,13,9,36,0.002563,0.000874,2.9331,False,0.59198,emerging
arctic,arctic,,False,sunscreen,2023-11,13,9,36,0.001359,0.002052,0.662,False,0.531851,declining
bagasse,bagasse,,False,sunscreen,2024-01,13,10,36,0.002072,0.001186,1.748,False,0.704714,emerging
camellia sinensis,camellia sinensis,,False,sunscreen,2024-01,13,11,36,0.001824,0.001431,1.274,False,0.41691,sporadic
cerium,cerium,,False,sunscreen,2024-02,13,10,36,0.001937,0.002119,0.9141,False,0.444313,sporadic
cohort study,cohort study,,False,sunscreen,2023-11,13,12,36,0.001519,0.001662,0.914,False,0.715768,sporadic
comet assay,comet assay,,False,sunscreen,2023-10,13,8,36,0.001806,0.001425,1.2677,False,0.525015,sporadic
connective tissue disease,connective tissue disease,,False,sunscreen,2023-10,13,11,36,0.00278,0.000975,2.8503,False,0.394315,emerging
content (measure theory),content (measure theory),,False,sunscreen,2024-06,13,10,36,0.001735,0.001852,0.9367,False,0.498584,sporadic
dark skin,dark skin,,False,sunscreen,2023-09,13,10,36,0.002799,0.001056,2.6506,False,0.481044,emerging
differential diagnosis,differential diagnosis,,False,sunscreen,2023-11,13,9,36,0.003449,0.000506,6.8179,False,0.545933,emerging
electrode,electrode,,False,sunscreen,2024-02,13,10,36,0.000789,0.002288,0.3447,False,0.438897,declining
embryo,embryo,,False,sunscreen,2023-11,13,9,36,0.001489,0.001905,0.7816,False,0.472369,sporadic
environmental resource management,environmental resource management,,False,sunscreen,2023-10,13,10,36,0.0,0.003134,0.0,False,,declining
escherichia coli,escherichia coli,,False,sunscreen,2023-09,13,10,36,0.002073,0.001456,1.4243,False,0.441646,sporadic
etiology,etiology,,False,sunscreen,2024-01,13,12,36,0.002838,0.000787,3.6055,False,0.388678,emerging
european union,european union,,False,sunscreen,2023-09,13,8,36,0.003499,0.00062,5.6443,False,0.483937,sporadic
feature (linguistics),feature (linguistics),,False,sunscreen,2024-10,13,9,36,0.003137,0.000614,5.1069,False,0.418389,emerging
fermentation,fermentation,,False,sunscreen,2023-09,13,11,36,0.000896,0.002133,0.4199,False,0.438897,declining
greenhouse,greenhouse,,False,sunscreen,2025-01,13,10,36,0.002056,0.000995,2.0669,False,0.452038,emerging
health professionals,health professionals,,False,sunscreen,2023-10,13,9,36,0.002597,0.000998,2.6028,False,0.478436,emerging
heat stress,heat stress,,False,sunscreen,2023-09,13,10,36,0.002118,0.001369,1.5463,False,0.551169,emerging
hygiene,hygiene,,False,sunscreen,2023-10,13,9,36,0.002247,0.001111,2.0232,False,0.50156,emerging
intramolecular force,intramolecular force,,False,sunscreen,2025-04,13,7,36,0.003778,0.000218,17.315,False,0.650584,sporadic
mesoporous silica,mesoporous silica,,False,sunscreen,2023-09,13,9,36,0.002074,0.001254,1.6539,False,0.426573,emerging
methanol,methanol,,False,sunscreen,2024-01,13,11,36,0.001955,0.001466,1.3335,False,0.505286,sporadic
national health and nutrition examination survey,national health and nutrition examination survey,,False,sunscreen,2023-09,13,9,36,0.002478,0.001223,2.025,False,0.46856,emerging
obesity,obesity,,False,sunscreen,2023-09,13,11,36,0.001769,0.001878,0.9417,False,0.505432,sporadic
patch testing,patch testing,,False,sunscreen,2023-09,13,11,36,0.001654,0.001836,0.9008,False,0.433227,sporadic
photobiology,photobiology,,False,sunscreen,2023-12,13,9,36,0.001357,0.002048,0.6626,False,0.406594,declining
photosynthetic capacity,photosynthetic capacity,,False,sunscreen,2024-02,13,11,36,0.001813,0.001902,0.9537,False,0.536126,sporadic
phytotoxicity,phytotoxicity,,False,sunscreen,2023-10,13,10,36,0.001707,0.001901,0.898,False,0.641593,sporadic
preference,preference,,False,sunscreen,2025-01,13,7,36,0.002989,0.000429,6.9606,False,0.43684,sporadic
regression analysis,regression analysis,,False,sunscreen,2024-08,13,8,36,0.003245,0.000608,5.3352,False,0.539721,sporadic
rutile,rutile,,False,sunscreen,2023-10,13,11,36,0.002515,0.001031,2.4397,False,0.553848,emerging
solanum,solanum,,False,sunscreen,2023-09,13,11,36,0.001377,0.001767,0.7791,False,0.448087,sporadic
strain (injury),strain (injury),,False,sunscreen,2023-10,13,11,36,0.001075,0.002107,0.5103,False,0.654494,declining
tertiary care,tertiary care,,False,sunscreen,2023-11,13,10,36,0.001938,0.001847,1.049,False,0.406594,sporadic
textile,textile,,False,sunscreen,2023-10,13,9,36,0.002818,0.001066,2.6442,False,0.472058,emerging
transpiration,transpiration,,False,sunscreen,2023-12,13,9,36,0.002868,0.000736,3.8994,False,0.537537,emerging
trophic level,trophic level,,False,sunscreen,2023-09,13,9,36,0.002705,0.001119,2.416,False,0.547926,emerging
water treatment,water treatment,,False,sunscreen,2024-01,13,8,36,0.002352,0.000987,2.3825,False,0.509185,sporadic
wavelength,wavelength,,False,sunscreen,2023-10,13,9,36,0.002306,0.000883,2.6123,False,0.477314,emerging
word of mouth,word of mouth,,False,sunscreen,2024-11,13,11,36,0.001418,0.002009,0.7058,False,0.417191,sporadic
actinic keratoses,actinic keratoses,,False,sunscreen,2023-09,12,10,36,0.002458,0.001056,2.3279,False,0.458087,emerging
antibiotics,antibiotics,,False,sunscreen,2023-10,12,11,36,0.000864,0.001998,0.4326,False,0.454738,declining
aquatic animal,aquatic animal,,False,sunscreen,2024-01,12,6,36,0.001155,0.001727,0.6689,False,0.643881,declining
atomic physics,atomic physics,,False,sunscreen,2023-11,12,9,36,0.0,0.002374,0.0,False,,declining
autoimmune disease,autoimmune disease,,False,sunscreen,2023-10,12,9,36,0.0019,0.001274,1.4917,False,0.43839,sporadic
body mass index,body mass index,,False,sunscreen,2023-09,12,8,36,0.000789,0.002086,0.3781,False,0.687978,declining
calibration,calibration,,False,sunscreen,2025-01,12,7,36,0.002396,0.000327,7.3206,False,0.525799,sporadic
cleanser,cleanser,,False,sunscreen,2023-09,12,9,36,0.002497,0.000867,2.882,False,0.496358,emerging
computer vision,computer vision,,False,sunscreen,2023-09,12,8,36,0.0,0.002286,0.0,False,,declining
crustacean,crustacean,,False,sunscreen,2023-10,12,8,36,0.000227,0.002087,0.1089,False,0.42375,declining
danio,danio,,False,sunscreen,2023-11,12,12,36,0.000924,0.002444,0.378,False,0.412482,declining
depigmentation,depigmentation,,False,sunscreen,2024-05,12,9,36,0.003225,0.000451,7.1564,False,0.416101,emerging
distilled water,distilled water,,False,sunscreen,2024-06,12,9,36,0.002616,0.000543,4.815,False,0.440751,emerging
drug carrier,drug carrier,,False,sunscreen,2024-02,12,5,36,0.003541,0.000344,10.2826,False,0.455514,sporadic
engineering physics,engineering physics,,False,sunscreen,2024-01,12,9,36,0.0,0.002724,0.0,False,,declining
field (mathematics),field (mathematics),,False,sunscreen,2024-11,12,9,36,0.002612,0.000745,3.5056,False,0.407496,emerging
health communication,health communication,,False,sunscreen,2024-04,12,8,36,0.002964,0.000606,4.8903,False,0.47435,sporadic
health education,health education,,False,sunscreen,2023-10,12,11,36,0.002232,0.001451,1.5377,False,0.404803,emerging
homogeneous,homogeneous,,False,sunscreen,2024-03,12,10,36,0.002091,0.001284,1.6279,False,0.396578,emerging
immunopathology,immunopathology,,False,sunscreen,2023-11,12,10,36,0.002655,0.001033,2.5688,False,0.586654,emerging
in vitro toxicology,in vitro toxicology,,False,sunscreen,2024-03,12,9,36,0.00322,0.000819,3.9317,False,0.628527,emerging
infrared,infrared,,False,sunscreen,2023-09,12,10,36,0.002035,0.001231,1.6529,False,0.606363,emerging
ion,ion,,False,sunscreen,2023-09,12,9,36,0.0011,0.00185,0.5946,False,0.378034,declining
lavender,lavender,,False,sunscreen,2025-02,12,7,36,0.002683,0.000527,5.0899,False,0.405007,sporadic
linear regression,linear regression,,False,sunscreen,2024-10,12,7,36,0.002747,0.000576,4.768,False,0.439812,sporadic
literacy,literacy,,False,sunscreen,2023-09,12,10,36,0.001335,0.002122,0.629,False,0.501244,declining
malignancy,malignancy,,False,sunscreen,2024-02,12,10,36,0.001608,0.001215,1.3235,False,0.553244,sporadic
mapk erk pathway,mapk erk pathway,,False,sunscreen,2023-09,12,7,36,0.001528,0.001381,1.1064,False,0.452033,sporadic
matrix (chemical analysis),matrix (chemical analysis),,False,sunscreen,2023-10,12,10,36,0.001899,0.001232,1.5408,False,0.437561,emerging
matrix metalloproteinase,matrix metalloproteinase,,False,sunscreen,2023-09,12,10,36,0.001592,0.001409,1.1303,False,0.479777,sporadic
mediterranean sea,mediterranean sea,,False,sunscreen,2024-01,12,9,36,0.000554,0.001897,0.2921,False,0.738421,declining
ophthalmology,ophthalmology,,False,sunscreen,2023-10,12,9,36,0.0,0.002471,0.0,False,,declining
photometry (optics),photometry (optics),,False,sunscreen,2023-09,12,8,36,0.002268,0.000687,3.3014,False,0.702977,sporadic
premature aging,premature aging,,False,sunscreen,2024-03,12,10,36,0.002867,0.000752,3.8122,False,0.552275,emerging
primary prevention,primary prevention,,False,sunscreen,2024-03,12,10,36,0.001294,0.001909,0.6778,False,0.462109,sporadic
protocol (science),protocol (science),,False,sunscreen,2024-04,12,8,36,0.00246,0.000835,2.9457,False,0.517171,sporadic
proton,proton,,False,sunscreen,2024-01,12,9,36,0.003171,0.000337,9.4212,False,0.570867,emerging
punica,punica,,False,sunscreen,2023-09,12,10,36,0.001704,0.001695,1.0053,False,0.478501,sporadic
purchasing decision,purchasing decision,,False,sunscreen,2023-10,12,8,36,0.002509,0.000918,2.7338,False,0.492399,sporadic
quantum mechanics,quantum mechanics,,False,sunscreen,2024-01,12,10,36,0.0,0.002377,0.0,False,,declining
quantum yield,quantum yield,,False,sunscreen,2024-02,12,10,36,0.00241,0.001461,1.6493,False,0.515742,emerging
reproduction,reproduction,,False,sunscreen,2023-11,12,8,36,0.001074,0.001975,0.5437,False,0.515092,declining
retinal,retinal,,False,sunscreen,2023-09,12,10,36,0.002113,0.001233,1.7132,False,0.652383,emerging
risk perception,risk perception,,False,sunscreen,2023-10,12,9,36,0.002056,0.001189,1.7292,False,0.734484,emerging
seagrass,seagrass,,False,sunscreen,2023-12,12,11,36,0.000595,0.002225,0.2675,False,0.656056,declining
targeted drug delivery,targeted drug delivery,,False,sunscreen,2025-11,12,6,36,0.003855,0.0,,True,0.443922,sporadic
toxicokinetics,toxicokinetics,,False,sunscreen,2023-11,12,8,36,0.001254,0.002286,0.5485,False,0.400585,declining
transparency (behavior),transparency (behavior),,False,sunscreen,2024-03,12,6,36,0.003006,0.000515,5.8409,False,0.414059,sporadic
variety (cybernetics),variety (cybernetics),,False,sunscreen,2025-11,12,6,36,0.004148,0.0,,True,0.421304,sporadic
animal science,animal science,,False,sunscreen,2023-09,11,10,36,0.0,0.002908,0.0,False,,declining
aqueous extract,aqueous extract,,False,sunscreen,2023-09,11,8,36,0.002309,0.00075,3.0803,False,0.410528,sporadic
autophagy,autophagy,,False,sunscreen,2023-09,11,11,36,0.000973,0.002087,0.4662,False,0.675092,declining
benzotriazole,benzotriazole,,False,sunscreen,2024-01,11,9,36,0.000692,0.001822,0.3798,False,0.380566,declining
biodiversity,biodiversity,,False,sunscreen,2023-11,11,8,36,0.00155,0.001329,1.1666,False,0.390345,sporadic
biomarker,biomarker,,False,sunscreen,2024-01,11,7,36,0.001562,0.001167,1.3377,False,0.675272,sporadic
boosting (machine learning),boosting (machine learning),,False,sunscreen,2023-10,11,9,36,0.001424,0.001432,0.9944,False,0.42692,sporadic
circadian rhythm,circadian rhythm,,False,sunscreen,2023-12,11,9,36,0.001721,0.001095,1.5721,False,0.575158,emerging
condensed matter physics,condensed matter physics,,False,sunscreen,2023-09,11,8,36,0.0,0.00218,0.0,False,,declining
conical intersection,conical intersection,,False,sunscreen,2024-07,11,7,36,0.002923,0.000523,5.5895,False,0.575684,sporadic
cosmetology,cosmetology,,False,sunscreen,2024-01,11,7,36,0.001393,0.001123,1.2406,False,0.444313,sporadic
delivery system,delivery system,,False,sunscreen,2024-01,11,9,36,0.00305,0.00022,13.8306,False,0.457318,emerging
dermatoscopy,dermatoscopy,,False,sunscreen,2024-06,11,8,36,0.002082,0.00091,2.2883,False,0.438092,sporadic
desiccation,desiccation,,False,sunscreen,2024-07,11,9,36,0.002986,0.000558,5.3551,False,0.536172,emerging
detector,detector,,False,sunscreen,2023-11,11,5,36,0.001613,0.001528,1.0555,False,0.405561,sporadic
developmental psychology,developmental psychology,,False,sunscreen,2023-10,11,8,36,0.0,0.002603,0.0,False,,declining
dynamic light scattering,dynamic light scattering,,False,sunscreen,2023-10,11,10,36,0.001458,0.001782,0.8182,False,0.62602,sporadic
electrochemical gradient,electrochemical gradient,,False,sunscreen,2023-12,11,9,36,0.001856,0.001302,1.4255,False,0.579982,sporadic
environmental remediation,environmental remediation,,False,sunscreen,2024-12,11,9,36,0.001357,0.0011,1.2337,False,0.625132,sporadic
hydroxychloroquine,hydroxychloroquine,,False,sunscreen,2023-11,11,11,36,0.001047,0.002005,0.5221,False,0.367759,declining
lesion,lesion,,False,sunscreen,2023-11,11,8,36,0.00283,0.000525,5.3918,False,0.414367,sporadic
literature,literature,,False,sunscreen,2023-09,11,10,36,0.000358,0.002478,0.1444,False,0.931102,declining
microemulsion,microemulsion,,False,sunscreen,2024-01,11,7,36,0.001678,0.001243,1.3492,False,0.476108,sporadic
moisture,moisture,,False,sunscreen,2024-09,11,9,36,0.002522,0.000683,3.6932,False,0.506577,emerging
moss,moss,,False,sunscreen,2024-07,11,7,36,0.002625,0.000785,3.3434,False,0.441886,sporadic
neurotoxicity,neurotoxicity,,False,sunscreen,2023-11,11,9,36,0.001181,0.001983,0.5955,False,0.418815,declining
nitrogen,nitrogen,,False,sunscreen,2023-12,11,8,36,0.001822,0.001145,1.592,False,0.48604,sporadic
organosolv,organosolv,,False,sunscreen,2024-01,11,8,36,0.001544,0.001067,1.4478,False,0.771011,sporadic
pharmacokinetics,pharmacokinetics,,False,sunscreen,2024-04,11,7,36,0.001361,0.001814,0.7502,False,0.391838,sporadic
polymerization,polymerization,,False,sunscreen,2023-09,11,11,36,0.001264,0.001898,0.6659,False,0.694997,declining
post hoc,post hoc,,False,sunscreen,2023-10,11,4,36,0.001294,0.001522,0.8501,False,0.439447,sporadic
pulp (tooth),pulp (tooth),,False,sunscreen,2023-09,11,9,36,0.00203,0.000975,2.0822,False,0.421622,emerging
reliability (semiconductor),reliability (semiconductor),,False,sunscreen,2024-02,11,9,36,0.002234,0.001067,2.0934,False,0.573629,emerging
remote sensing,remote sensing,,False,sunscreen,2023-09,11,9,36,0.0,0.002447,0.0,False,,declining
renewable energy,renewable energy,,False,sunscreen,2025-04,11,5,36,0.002097,0.000407,5.1571,False,0.430013,sporadic
review article,review article,,False,sunscreen,2025-09,11,8,36,0.003564,0.0,,True,0.519481,sporadic
safer,safer,,False,sunscreen,2023-12,11,7,36,0.001735,0.001097,1.5815,False,0.435065,sporadic
scars,scars,,False,sunscreen,2023-12,11,9,36,0.002001,0.000802,2.4948,False,0.431982,emerging
shading,shading,,False,sunscreen,2024-07,11,8,36,0.002842,0.000594,4.7855,False,0.571818,sporadic
shoot,shoot,,False,sunscreen,2025-09,11,6,36,0.003427,0.0,,True,0.508097,sporadic
skin colour,skin colour,,False,sunscreen,2023-11,11,9,36,0.003293,0.000285,11.5408,False,0.460882,emerging
stars,stars,,False,sunscreen,2023-09,11,9,36,0.001499,0.001428,1.0497,False,0.763722,sporadic
stem cell,stem cell,,False,sunscreen,2024-04,11,8,36,0.002219,0.001086,2.0432,False,0.657426,sporadic
sustainable development,sustainable development,,False,sunscreen,2024-01,11,9,36,0.002644,0.000694,3.8078,False,0.389924,emerging
tannin,tannin,,False,sunscreen,2023-10,11,7,36,0.000607,0.001228,0.4947,False,0.708752,declining
tea tree oil,tea tree oil,,False,sunscreen,2023-11,11,7,36,0.002987,0.000285,10.4653,False,0.505437,sporadic
temperate climate,temperate climate,,False,sunscreen,2024-06,11,8,36,0.001357,0.001529,0.8876,False,0.415056,sporadic
topical agents,topical agents,,False,sunscreen,2024-06,11,7,36,0.002937,0.000233,12.6145,False,0.517809,sporadic
triclosan,triclosan,,False,sunscreen,2023-09,11,10,36,0.0018,0.001326,1.357,False,0.612662,sporadic
triplet state,triplet state,,False,sunscreen,2023-10,11,7,36,0.002344,0.001002,2.3383,False,0.576147,sporadic
ultimate tensile strength,ultimate tensile strength,,False,sunscreen,2023-10,11,9,36,0.001792,0.001083,1.655,False,0.638143,emerging
viscosity,viscosity,,False,sunscreen,2023-12,11,7,36,0.001752,0.001185,1.4783,False,0.461434,sporadic
water quality,water quality,,False,sunscreen,2023-11,11,8,36,0.002713,0.000712,3.8098,False,0.622444,sporadic
RETINOL,retinol,ingredient,True,sunscreen,2024-01,10,9,36,0.00108,0.001528,0.7065,False,0.535408,sporadic
allergen,allergen,,False,sunscreen,2024-07,10,8,36,0.002763,0.000477,5.7898,False,0.478982,sporadic
aquatic toxicology,aquatic toxicology,,False,sunscreen,2023-10,10,7,36,0.002253,0.000649,3.469,False,0.570953,sporadic
auxin,auxin,,False,sunscreen,2025-07,10,5,36,0.003069,0.000189,16.2785,False,0.523197,sporadic
biopolymer,biopolymer,,False,sunscreen,2023-12,10,10,36,0.000867,0.001509,0.5747,False,0.612271,declining
bioremediation,bioremediation,,False,sunscreen,2024-09,10,5,36,0.00239,0.00087,2.7467,False,0.556654,sporadic
blowing a raspberry,blowing a raspberry,,False,sunscreen,2023-10,10,8,36,0.001124,0.001603,0.7013,False,0.488421,sporadic
carcinogen,carcinogen,,False,sunscreen,2023-09,10,7,36,0.002124,0.001077,1.9716,False,0.405541,sporadic
cerium oxide,cerium oxide,,False,sunscreen,2024-02,10,9,36,0.001802,0.0014,1.2867,False,0.398059,sporadic
chalcone,chalcone,,False,sunscreen,2023-09,10,9,36,0.001895,0.00096,1.9734,False,0.540342,emerging
china,china,,False,sunscreen,2023-11,10,7,36,0.000566,0.001767,0.3203,False,0.465179,declining
chlorella vulgaris,chlorella vulgaris,,False,sunscreen,2023-09,10,8,36,0.002131,0.000618,3.4469,False,0.663414,sporadic
chlorophyta,chlorophyta,,False,sunscreen,2024-01,10,8,36,0.001693,0.000825,2.0528,False,0.407109,sporadic
clinical psychology,clinical psychology,,False,sunscreen,2023-11,10,7,36,0.0,0.002337,0.0,False,,declining
clitoria ternatea,clitoria ternatea,,False,sunscreen,2024-03,10,7,36,0.001108,0.001801,0.6152,False,0.42509,declining
confocal,confocal,,False,sunscreen,2024-09,10,7,36,0.002886,0.000239,12.0503,False,0.44795,sporadic
consistency (knowledge bases),consistency (knowledge bases),,False,sunscreen,2024-04,10,5,36,0.002458,0.000304,8.0816,False,0.390812,sporadic
contact allergy,contact allergy,,False,sunscreen,2023-09,10,8,36,0.001397,0.001341,1.0417,False,0.855422,sporadic
content analysis,content analysis,,False,sunscreen,2024-10,10,5,36,0.002402,0.000478,5.0208,False,0.529767,sporadic
delphi method,delphi method,,False,sunscreen,2024-04,10,8,36,0.002144,0.000624,3.4342,False,0.654667,sporadic
dermatological diseases,dermatological diseases,,False,sunscreen,2024-04,10,8,36,0.002303,0.000879,2.6193,False,0.399959,sporadic
desiccation tolerance,desiccation tolerance,,False,sunscreen,2024-07,10,8,36,0.002986,0.000283,10.5339,False,0.536172,sporadic
discoid lupus erythematosus,discoid lupus erythematosus,,False,sunscreen,2024-05,10,8,36,0.000929,0.001341,0.6932,False,0.441392,sporadic
emerging technologies,emerging technologies,,False,sunscreen,2025-11,10,8,36,0.0031,0.0,,True,0.462371,sporadic
energy (signal processing),energy (signal processing),,False,sunscreen,2024-01,10,9,36,0.001718,0.000649,2.6495,False,0.35195,emerging
epigenetics,epigenetics,,False,sunscreen,2023-10,10,7,36,0.002423,0.000272,8.8972,False,0.69878,sporadic
food and drug administration,food and drug administration,,False,sunscreen,2023-10,10,8,36,0.002393,0.000787,3.0408,False,0.584614,sporadic
fucoxanthin,fucoxanthin,,False,sunscreen,2023-09,10,9,36,0.002349,0.000787,2.9844,False,0.440901,emerging
functional food,functional food,,False,sunscreen,2024-07,10,7,36,0.00265,0.000488,5.4341,False,0.779252,sporadic
genotype,genotype,,False,sunscreen,2024-04,10,10,36,0.001532,0.001489,1.0286,False,0.38052,sporadic
government (linguistics),government (linguistics),,False,sunscreen,2024-03,10,10,36,0.002138,0.000954,2.241,False,0.417964,emerging
graphene,graphene,,False,sunscreen,2023-09,10,9,36,0.001677,0.001093,1.5338,False,0.521527,emerging
immunosuppression,immunosuppression,,False,sunscreen,2024-06,10,8,36,0.00124,0.00112,1.1069,False,0.547012,sporadic
ingestion,ingestion,,False,sunscreen,2023-09,10,8,36,0.001694,0.001421,1.1926,False,0.481837,sporadic
knowledge level,knowledge level,,False,sunscreen,2024-04,10,9,36,0.002379,0.000537,4.4317,False,0.500272,emerging
larva,larva,,False,sunscreen,2024-01,10,10,36,0.000953,0.00148,0.644,False,0.5886,declining
leachate,leachate,,False,sunscreen,2023-11,10,6,36,0.001069,0.001606,0.6656,False,0.52694,declining
mineralogy,mineralogy,,False,sunscreen,2023-10,10,8,36,0.000358,0.001938,0.1847,False,0.962598,declining
nail (fastener),nail (fastener),,False,sunscreen,2023-09,10,8,36,0.000866,0.00167,0.5186,False,0.356672,declining
negative control,negative control,,False,sunscreen,2023-10,10,6,36,0.00226,0.000617,3.6641,False,0.432539,sporadic
obstetrics,obstetrics,,False,sunscreen,2023-09,10,6,36,0.0,0.002133,0.0,False,,declining
oleic acid,oleic acid,,False,sunscreen,2023-11,10,8,36,0.001678,0.001094,1.533,False,0.595069,sporadic
order (exchange),order (exchange),,False,sunscreen,2024-06,10,7,36,0.002724,0.000335,8.1334,False,0.400689,sporadic
paleontology,paleontology,,False,sunscreen,2024-01,10,7,36,0.0,0.001701,0.0,False,,declining
patient satisfaction,patient satisfaction,,False,sunscreen,2024-01,10,8,36,0.001124,0.001369,0.8209,False,0.488421,sporadic
pattern recognition (psychology),pattern recognition (psychology),,False,sunscreen,2023-09,10,8,36,0.002044,0.000706,2.8939,False,0.651018,sporadic
phenotype,phenotype,,False,sunscreen,2023-12,10,8,36,0.001003,0.001675,0.5985,False,0.620098,declining
phenotypic plasticity,phenotypic plasticity,,False,sunscreen,2024-11,10,6,36,0.002566,0.000476,5.3878,False,0.42233,sporadic
phosphorylation,phosphorylation,,False,sunscreen,2023-10,10,7,36,0.002404,0.000719,3.3451,False,0.474548,sporadic
photodetector,photodetector,,False,sunscreen,2024-02,10,5,36,0.00184,0.000635,2.8975,False,0.405561,sporadic
photoisomerization,photoisomerization,,False,sunscreen,2024-08,10,7,36,0.002605,0.000532,4.9001,False,0.658573,sporadic
polyvinyl alcohol,polyvinyl alcohol,,False,sunscreen,2025-08,10,5,36,0.002765,0.000417,6.6371,False,0.672794,sporadic
porosity,porosity,,False,sunscreen,2023-12,10,8,36,0.001416,0.000946,1.4973,False,0.657946,sporadic
productivity,productivity,,False,sunscreen,2024-04,10,9,36,0.001573,0.001085,1.4492,False,0.60238,sporadic
reduction (mathematics),reduction (mathematics),,False,sunscreen,2023-12,10,7,36,0.001302,0.0013,1.0017,False,0.442164,sporadic
resilience (materials science),resilience (materials science),,False,sunscreen,2024-03,10,8,36,0.001886,0.000822,2.2935,False,0.530536,sporadic
resource (disambiguation),resource (disambiguation),,False,sunscreen,2024-01,10,9,36,0.001106,0.001417,0.7801,False,0.409942,sporadic
rosmarinus,rosmarinus,,False,sunscreen,2025-04,10,4,36,0.003025,0.000218,13.8647,False,0.502641,sporadic
saccharomyces cerevisiae,saccharomyces cerevisiae,,False,sunscreen,2023-10,10,10,36,0.000708,0.001616,0.4381,False,0.445109,declining
sargassum,sargassum,,False,sunscreen,2024-09,10,7,36,0.000716,0.001522,0.4703,False,0.307087,declining
secondary metabolite,secondary metabolite,,False,sunscreen,2023-10,10,7,36,0.002307,0.000773,2.9858,False,0.559716,sporadic
solar energy,solar energy,,False,sunscreen,2025-09,10,7,36,0.002776,0.0,,True,0.543099,sporadic
state (computer science),state (computer science),,False,sunscreen,2024-05,10,7,36,0.001443,0.000923,1.5643,False,0.431294,sporadic
sugar,sugar,,False,sunscreen,2024-10,10,7,36,0.002979,0.000492,6.0513,False,0.405999,sporadic
surface modification,surface modification,,False,sunscreen,2023-10,10,9,36,0.001903,0.001058,1.7982,False,0.956358,emerging
symbiosis,symbiosis,,False,sunscreen,2023-10,10,8,36,0.000746,0.001896,0.3932,False,0.620899,declining
virology,virology,,False,sunscreen,2023-09,10,8,36,0.000269,0.00217,0.1239,False,0.494083,declining
x ray photoelectron spectroscopy,x ray photoelectron spectroscopy,,False,sunscreen,2023-09,10,8,36,0.000524,0.001704,0.3078,False,0.715013,declining
amorphous solid,amorphous solid,,False,sunscreen,2025-01,9,8,36,0.000977,0.001133,0.862,False,0.41463,unrated
aquatic plant,aquatic plant,,False,sunscreen,2024-12,9,7,36,0.001899,0.000643,2.9562,False,0.426338,unrated
bacteriochlorophyll,bacteriochlorophyll,,False,sunscreen,2024-01,9,7,36,0.000439,0.001415,0.3103,False,0.396135,unrated
benzene,benzene,,False,sunscreen,2024-01,9,7,36,0.001655,0.000817,2.0245,False,0.421675,unrated
biorefinery,biorefinery,,False,sunscreen,2024-01,9,9,36,0.00127,0.000925,1.3721,False,0.557341,unrated
calcination,calcination,,False,sunscreen,2023-11,9,8,36,0.001371,0.000833,1.6451,False,0.449207,unrated
carbon fixation,carbon fixation,,False,sunscreen,2023-10,9,7,36,0.002145,0.000785,2.733,False,0.674055,unrated
catechin,catechin,,False,sunscreen,2023-09,9,8,36,0.0,0.002262,0.0,False,,unrated
chlorine,chlorine,,False,sunscreen,2023-12,9,8,36,0.000561,0.001621,0.3463,False,0.438897,unrated
colloid,colloid,,False,sunscreen,2024-10,9,8,36,0.001873,0.000765,2.4491,False,0.5618,unrated
consumption (sociology),consumption (sociology),,False,sunscreen,2024-01,9,8,36,0.00175,0.000923,1.8953,False,0.415325,unrated
copolymer,copolymer,,False,sunscreen,2023-12,9,7,36,0.001195,0.001327,0.9004,False,0.565704,unrated
cryptochrome,cryptochrome,,False,sunscreen,2023-09,9,7,36,0.000891,0.001354,0.6581,False,0.436275,unrated
crystal (programming language),crystal (programming language),,False,sunscreen,2024-03,9,9,36,0.002052,0.000617,3.3268,False,0.417764,unrated
deposition (geology),deposition (geology),,False,sunscreen,2023-11,9,8,36,0.000724,0.00119,0.6082,False,0.458917,unrated
dermal fibroblast,dermal fibroblast,,False,sunscreen,2023-11,9,7,36,0.001131,0.000824,1.3731,False,0.619572,unrated
dry skin,dry skin,,False,sunscreen,2023-11,9,7,36,0.002043,0.000285,7.16,False,0.621441,unrated
ectotherm,ectotherm,,False,sunscreen,2025-07,9,3,36,0.001133,0.001131,1.0016,False,0.428415,unrated
electrochemistry,electrochemistry,,False,sunscreen,2024-02,9,9,36,0.0009,0.001504,0.5984,False,0.624866,unrated
electronic structure,electronic structure,,False,sunscreen,2024-01,9,7,36,0.001453,0.000591,2.4606,False,0.45183,unrated
ellagic acid,ellagic acid,,False,sunscreen,2024-03,9,5,36,0.001468,0.000719,2.0423,False,0.479793,unrated
environmental impact assessment,environmental impact assessment,,False,sunscreen,2025-05,9,6,36,0.002456,0.000225,10.9034,False,0.449162,unrated
exposome,exposome,,False,sunscreen,2023-11,9,8,36,0.000821,0.001248,0.6583,False,0.552562,unrated
fabrication,fabrication,,False,sunscreen,2024-07,9,6,36,0.001681,0.000579,2.9006,False,0.45183,unrated
fatty acid,fatty acid,,False,sunscreen,2023-11,9,8,36,0.000512,0.001555,0.3295,False,0.453255,unrated
fetus,fetus,,False,sunscreen,2023-10,9,9,36,0.000977,0.001572,0.6218,False,0.614041,unrated
gas chromatography,gas chromatography,,False,sunscreen,2023-09,9,8,36,0.00114,0.001569,0.7267,False,0.348553,unrated
green algae,green algae,,False,sunscreen,2024-07,9,7,36,0.000985,0.001388,0.7095,False,0.547731,unrated
hazard,hazard,,False,sunscreen,2023-10,9,7,36,0.001424,0.000683,2.0857,False,0.42692,unrated
health protection,health protection,,False,sunscreen,2024-01,9,4,36,0.000455,0.000904,0.5028,False,0.42375,unrated
health risk,health risk,,False,sunscreen,2024-07,9,8,36,0.001838,0.000859,2.1407,False,0.635335,unrated
hydrology (agriculture),hydrology (agriculture),,False,sunscreen,2024-03,9,7,36,0.002155,0.000575,3.7465,False,0.602925,unrated
ic50,ic50,,False,sunscreen,2023-12,9,8,36,0.000358,0.002105,0.17,False,0.307087,unrated
inclusion (mineral),inclusion (mineral),,False,sunscreen,2023-12,9,9,36,0.000846,0.001266,0.6684,False,0.631018,unrated
inoculation,inoculation,,False,sunscreen,2023-09,9,7,36,0.002703,0.000476,5.6741,False,0.626583,unrated
insect,insect,,False,sunscreen,2025-01,9,6,36,0.000411,0.001432,0.2872,False,0.289593,unrated
isolation (microbiology),isolation (microbiology),,False,sunscreen,2024-09,9,8,36,0.001527,0.000891,1.7132,False,0.450585,unrated
isomerization,isomerization,,False,sunscreen,2023-10,9,8,36,0.001629,0.001042,1.563,False,0.618309,unrated
isotretinoin,isotretinoin,,False,sunscreen,2024-01,9,6,36,0.001746,0.001012,1.7243,False,0.421337,unrated
jasmonic acid,jasmonic acid,,False,sunscreen,2023-10,9,7,36,0.001632,0.000815,2.0013,False,0.626357,unrated
laser treatment,laser treatment,,False,sunscreen,2024-03,9,9,36,0.001324,0.001073,1.2346,False,0.614977,unrated
lipstick,lipstick,,False,sunscreen,2023-11,9,8,36,0.001752,0.000847,2.0683,False,0.475037,unrated
mechanical engineering,mechanical engineering,,False,sunscreen,2023-09,9,8,36,0.000358,0.001836,0.1949,False,0.698819,unrated
medical physics,medical physics,,False,sunscreen,2023-11,9,7,36,0.0,0.002249,0.0,False,,unrated
medicinal herbs,medicinal herbs,,False,sunscreen,2024-01,9,7,36,0.001262,0.001116,1.1304,False,0.41463,unrated
mineral,mineral,,False,sunscreen,2024-01,9,6,36,0.001547,0.000549,2.8183,False,0.393377,unrated
mitochondrion,mitochondrion,,False,sunscreen,2025-01,9,7,36,0.002216,0.000102,21.6953,False,0.745075,unrated
modulation (music),modulation (music),,False,sunscreen,2023-09,9,6,36,0.001551,0.000924,1.678,False,0.732417,unrated
multivariate analysis,multivariate analysis,,False,sunscreen,2025-10,9,6,36,0.003133,0.0,,True,0.520746,unrated
natural product,natural product,,False,sunscreen,2025-05,9,5,36,0.002383,0.000225,10.5821,False,0.512323,unrated
oculocutaneous albinism,oculocutaneous albinism,,False,sunscreen,2023-11,9,8,36,0.001947,0.000518,3.7571,False,0.418536,unrated
optical filter,optical filter,,False,sunscreen,2023-09,9,7,36,0.001335,0.00058,2.3009,False,0.398701,unrated
organelle,organelle,,False,sunscreen,2023-11,9,7,36,0.001547,0.000942,1.6424,False,0.675318,unrated
organic chemicals,organic chemicals,,False,sunscreen,2024-03,9,6,36,0.002307,0.000306,7.5309,False,0.641877,unrated
osmoprotectant,osmoprotectant,,False,sunscreen,2025-06,9,8,36,0.002167,0.000382,5.6674,False,0.492156,unrated
ozone,ozone,,False,sunscreen,2024-01,9,7,36,0.000724,0.001121,0.6458,False,0.439447,unrated
p700,p700,,False,sunscreen,2023-10,9,8,36,0.002216,0.000576,3.8435,False,0.732366,unrated
phenols,phenols,,False,sunscreen,2023-10,9,5,36,0.000992,0.00096,1.0339,False,0.76973,unrated
phosphorus,phosphorus,,False,sunscreen,2024-05,9,9,36,0.001699,0.000727,2.3376,False,0.593908,unrated
physical activity,physical activity,,False,sunscreen,2024-02,9,7,36,0.001549,0.000751,2.0636,False,0.425916,unrated
physical examination,physical examination,,False,sunscreen,2024-07,9,7,36,0.002478,0.000386,6.4273,False,0.40126,unrated
plastoquinone,plastoquinone,,False,sunscreen,2024-01,9,7,36,0.002487,0.000387,6.4217,False,0.653977,unrated
pomace,pomace,,False,sunscreen,2023-10,9,8,36,0.000585,0.001793,0.3264,False,0.600418,unrated
potency,potency,,False,sunscreen,2023-10,9,9,36,0.00107,0.001495,0.7159,False,0.428818,unrated
proanthocyanidin,proanthocyanidin,,False,sunscreen,2023-11,9,6,36,0.000823,0.001947,0.4227,False,0.615385,unrated
proline,proline,,False,sunscreen,2024-01,9,9,36,0.001981,0.000546,3.6254,False,0.559768,unrated
psychological resilience,psychological resilience,,False,sunscreen,2025-01,9,6,36,0.002302,0.000204,11.2687,False,0.684138,unrated
seasonality,seasonality,,False,sunscreen,2023-11,9,8,36,0.001234,0.001096,1.1262,False,0.542054,unrated
solid phase microextraction,solid phase microextraction,,False,sunscreen,2023-09,9,7,36,0.000724,0.001365,0.53,False,0.458917,unrated
stability (learning theory),stability (learning theory),,False,sunscreen,2024-01,9,8,36,0.000227,0.001574,0.1444,False,0.42375,unrated
stage (stratigraphy),stage (stratigraphy),,False,sunscreen,2024-01,9,8,36,0.000955,0.001178,0.8108,False,0.420708,unrated
structural equation modeling,structural equation modeling,,False,sunscreen,2025-09,9,6,36,0.003141,0.0,,True,0.414826,unrated
survey research,survey research,,False,sunscreen,2025-01,9,8,36,0.002004,0.000565,3.5477,False,0.454828,unrated
systemic disease,systemic disease,,False,sunscreen,2024-07,9,8,36,0.001355,0.000713,1.9013,False,0.442303,unrated
syzygium,syzygium,,False,sunscreen,2023-12,9,8,36,0.000603,0.001562,0.3862,False,0.474063,unrated
term (time),term (time),,False,sunscreen,2024-03,9,8,36,0.001054,0.001512,0.6974,False,0.359813,unrated
triazine,triazine,,False,sunscreen,2025-06,9,6,36,0.001603,0.000571,2.8075,False,0.459217,unrated
trolox,trolox,,False,sunscreen,2023-09,9,8,36,0.001381,0.000956,1.4443,False,0.548074,unrated
ultrashort pulse,ultrashort pulse,,False,sunscreen,2024-04,9,6,36,0.00155,0.00121,1.2815,False,0.57613,unrated
variation (astronomy),variation (astronomy),,False,sunscreen,2024-01,9,7,36,0.000297,0.001367,0.2173,False,0.926471,unrated
zooplankton,zooplankton,,False,sunscreen,2024-04,9,8,36,0.000908,0.001283,0.7076,False,0.402475,unrated
RETINOID,retinoid,ingredient,True,sunscreen,2023-09,8,8,36,0.001398,0.000908,1.5397,False,0.645948,unrated
UVB,UVB radiation,spec,True,sunscreen,2024-02,8,8,36,0.000995,0.001361,0.7313,False,0.436014,unrated
agency (philosophy),agency (philosophy),,False,sunscreen,2023-12,8,7,36,0.001772,0.000466,3.8065,False,0.439105,unrated
andrology,andrology,,False,sunscreen,2023-10,8,8,36,0.0,0.001901,0.0,False,,unrated
bioassay,bioassay,,False,sunscreen,2024-01,8,7,36,0.000867,0.000887,0.9774,False,0.455604,unrated
biostatistics,biostatistics,,False,sunscreen,2023-09,8,8,36,0.001375,0.000926,1.4854,False,0.47637,unrated
canthaxanthin,canthaxanthin,,False,sunscreen,2023-09,8,6,36,0.000666,0.001152,0.5783,False,0.409942,unrated
chemical energy,chemical energy,,False,sunscreen,2024-10,8,6,36,0.001673,0.000274,6.1047,False,0.693877,unrated
citric acid,citric acid,,False,sunscreen,2023-12,8,8,36,0.001748,0.000585,2.9899,False,0.628387,unrated
climatology,climatology,,False,sunscreen,2024-01,8,6,36,0.0,0.001773,0.0,False,,unrated
clinical efficacy,clinical efficacy,,False,sunscreen,2023-10,8,7,36,0.001919,0.000481,3.9916,False,0.433582,unrated
cobalt,cobalt,,False,sunscreen,2024-02,8,8,36,0.001443,0.000927,1.5575,False,0.667739,unrated
compatibility (geochemistry),compatibility (geochemistry),,False,sunscreen,2024-07,8,6,36,0.001928,0.000552,3.4903,False,0.38869,unrated
competition (biology),competition (biology),,False,sunscreen,2024-05,8,8,36,0.000867,0.000791,1.0968,False,0.455604,unrated
compliance (psychology),compliance (psychology),,False,sunscreen,2024-09,8,7,36,0.001345,0.000988,1.3613,False,0.422089,unrated
computer assisted web interviewing,computer assisted web interviewing,,False,sunscreen,2024-03,8,6,36,0.001988,0.000306,6.49,False,0.424803,unrated
confocal microscopy,confocal microscopy,,False,sunscreen,2023-09,8,7,36,0.001673,0.00074,2.2604,False,0.415643,unrated
conjugated system,conjugated system,,False,sunscreen,2024-01,8,8,36,0.000392,0.001694,0.2313,False,0.952586,unrated
consumer safety,consumer safety,,False,sunscreen,2025-01,8,6,36,0.00195,0.000296,6.59,False,0.421606,unrated
coumaric acid,coumaric acid,,False,sunscreen,2023-11,8,8,36,0.001418,0.00101,1.4032,False,0.517374,unrated
customer satisfaction,customer satisfaction,,False,sunscreen,2025-06,8,7,36,0.001348,0.00061,2.2079,False,0.545459,unrated
cutaneous lupus erythematosus,cutaneous lupus erythematosus,,False,sunscreen,2024-01,8,6,36,0.001142,0.001004,1.1376,False,0.3335,unrated
dermatomyositis,dermatomyositis,,False,sunscreen,2024-01,8,8,36,0.001523,0.000975,1.5625,False,0.379295,unrated
drought stress,drought stress,,False,sunscreen,2024-02,8,8,36,0.000644,0.001205,0.5348,False,0.420708,unrated
dysbiosis,dysbiosis,,False,sunscreen,2023-12,8,6,36,0.0018,0.000638,2.8233,False,0.469747,unrated
ecophysiology,ecophysiology,,False,sunscreen,2024-02,8,7,36,0.00088,0.001141,0.7717,False,0.435065,unrated
electronic band structure,electronic band structure,,False,sunscreen,2023-09,8,8,36,0.001691,0.000668,2.5304,False,0.600194,unrated
environmental pollution,environmental pollution,,False,sunscreen,2025-07,8,5,36,0.002179,0.000189,11.5591,False,0.428851,unrated
environmental stress,environmental stress,,False,sunscreen,2024-01,8,5,36,0.001606,0.000392,4.0915,False,0.786334,unrated
epistemology,epistemology,,False,sunscreen,2023-10,8,7,36,0.0,0.001535,0.0,False,,unrated
fight or flight response,fight or flight response,,False,sunscreen,2024-01,8,8,36,0.00083,0.000948,0.8757,False,0.780013,unrated
flux (metallurgy),flux (metallurgy),,False,sunscreen,2023-09,8,7,36,0.001494,0.000452,3.3049,False,0.642461,unrated
forestry,forestry,,False,sunscreen,2024-01,8,7,36,0.0,0.001819,0.0,False,,unrated
freshwater fish,freshwater fish,,False,sunscreen,2025-07,8,3,36,0.000677,0.001131,0.5983,False,0.632544,unrated
gastroenterology,gastroenterology,,False,sunscreen,2023-10,8,6,36,0.0,0.002092,0.0,False,,unrated
gene knockdown,gene knockdown,,False,sunscreen,2023-10,8,6,36,0.000297,0.001737,0.171,False,0.436275,unrated
glycolic acid,glycolic acid,,False,sunscreen,2024-02,8,7,36,0.001157,0.001045,1.1072,False,0.425916,unrated
glycolysis,glycolysis,,False,sunscreen,2023-10,8,8,36,0.000371,0.001587,0.2338,False,0.44898,unrated
hairless,hairless,,False,sunscreen,2024-02,8,7,36,0.001238,0.00118,1.0493,False,0.456005,unrated
halophyte,halophyte,,False,sunscreen,2024-01,8,6,36,0.001371,0.001003,1.3667,False,0.43697,unrated
health literacy,health literacy,,False,sunscreen,2023-09,8,8,36,0.000692,0.001677,0.4127,False,0.380566,unrated
health promotion,health promotion,,False,sunscreen,2023-11,8,8,36,0.000846,0.001188,0.7123,False,0.453518,unrated
healthy aging,healthy aging,,False,sunscreen,2025-10,8,6,36,0.002354,0.0,,True,0.499289,unrated
hyperkeratosis,hyperkeratosis,,False,sunscreen,2023-11,8,7,36,0.000782,0.001548,0.5055,False,0.369286,unrated
internal conversion,internal conversion,,False,sunscreen,2024-07,8,5,36,0.002385,0.000283,8.4136,False,0.596084,unrated
invertebrate,invertebrate,,False,sunscreen,2024-01,8,6,36,0.00124,0.000857,1.4478,False,0.487134,unrated
lens (geology),lens (geology),,False,sunscreen,2024-11,8,7,36,0.001629,0.000546,2.9815,False,0.586584,unrated
library science,library science,,False,sunscreen,2023-10,8,6,36,0.0,0.001973,0.0,False,,unrated
lignocellulosic biomass,lignocellulosic biomass,,False,sunscreen,2024-01,8,6,36,0.001225,0.000828,1.4792,False,0.44516,unrated
likert scale,likert scale,,False,sunscreen,2023-11,8,6,36,0.001234,0.001272,0.9701,False,0.289593,unrated
lipid bilayer,lipid bilayer,,False,sunscreen,2025-05,8,6,36,0.001946,0.00045,4.3209,False,0.599529,unrated
lipid metabolism,lipid metabolism,,False,sunscreen,2024-12,8,6,36,0.002044,0.000206,9.9121,False,0.675323,unrated
malondialdehyde,malondialdehyde,,False,sunscreen,2023-12,8,7,36,0.001527,0.000359,4.2488,False,0.630564,unrated
mangifera,mangifera,,False,sunscreen,2023-12,8,7,36,0.001861,0.000463,4.0155,False,0.505643,unrated
marine invertebrates,marine invertebrates,,False,sunscreen,2023-12,8,7,36,0.000882,0.00102,0.8648,False,0.585231,unrated
marine pollution,marine pollution,,False,sunscreen,2024-01,8,7,36,0.000285,0.001146,0.2487,False,0.482759,unrated
mathematics education,mathematics education,,False,sunscreen,2024-03,8,8,36,0.0,0.001854,0.0,False,,unrated
methylene blue,methylene blue,,False,sunscreen,2024-09,8,5,36,0.001195,0.000754,1.5847,False,0.940955,unrated
monolayer,monolayer,,False,sunscreen,2023-11,8,4,36,0.002018,0.000525,3.8455,False,0.501751,unrated
mtt assay,mtt assay,,False,sunscreen,2023-10,8,6,36,0.00057,0.001123,0.5074,False,0.482759,unrated
mutagenesis,mutagenesis,,False,sunscreen,2023-10,8,7,36,0.001123,0.001089,1.031,False,0.525085,unrated
nanostructure,nanostructure,,False,sunscreen,2023-11,8,7,36,0.001259,0.000608,2.071,False,0.431682,unrated
new product development,new product development,,False,sunscreen,2025-06,8,5,36,0.002257,0.000194,11.647,False,0.418471,unrated
officinalis,officinalis,,False,sunscreen,2024-06,8,7,36,0.001118,0.001093,1.0227,False,0.512582,unrated
offspring,offspring,,False,sunscreen,2023-11,8,8,36,0.000579,0.001368,0.4235,False,0.661717,unrated
optometry,optometry,,False,sunscreen,2024-06,8,7,36,0.0,0.001579,0.0,False,,unrated
organic solvent,organic solvent,,False,sunscreen,2024-12,8,6,36,0.002257,0.000206,10.9417,False,0.548492,unrated
outreach,outreach,,False,sunscreen,2023-09,8,7,36,0.001835,0.000706,2.5986,False,0.371725,unrated
phenylpropanoid,phenylpropanoid,,False,sunscreen,2024-02,8,8,36,0.001308,0.001123,1.165,False,0.725989,unrated
photoluminescence,photoluminescence,,False,sunscreen,2023-09,8,6,36,0.001147,0.001147,1.0002,False,0.952959,unrated
photon,photon,,False,sunscreen,2025-05,8,5,36,0.001359,0.000225,6.036,False,0.543962,unrated
phototaxis,phototaxis,,False,sunscreen,2023-09,8,7,36,0.000411,0.001196,0.344,False,0.289593,unrated
poison control,poison control,,False,sunscreen,2024-07,8,6,36,0.001762,0.000509,3.4649,False,0.400443,unrated
posidonia oceanica,posidonia oceanica,,False,sunscreen,2024-01,8,7,36,0.000512,0.001597,0.3208,False,0.453255,unrated
power (physics),power (physics),,False,sunscreen,2024-08,8,7,36,0.001115,0.000853,1.3078,False,0.425916,unrated
presentation (obstetrics),presentation (obstetrics),,False,sunscreen,2024-09,8,7,36,0.000595,0.001309,0.4548,False,0.435065,unrated
proinflammatory cytokine,proinflammatory cytokine,,False,sunscreen,2023-11,8,6,36,0.001087,0.001191,0.9128,False,0.378034,unrated
quantitative analysis (chemistry),quantitative analysis (chemistry),,False,sunscreen,2025-09,8,5,36,0.002571,0.0,,True,0.524447,unrated
race (biology),race (biology),,False,sunscreen,2023-09,8,8,36,0.000358,0.001629,0.2197,False,0.307087,unrated
reactivity (psychology),reactivity (psychology),,False,sunscreen,2023-11,8,7,36,0.000566,0.001416,0.3997,False,0.465179,unrated
regeneration (biology),regeneration (biology),,False,sunscreen,2024-01,8,5,36,0.001767,0.000327,5.4079,False,0.427976,unrated
relationship marketing,relationship marketing,,False,sunscreen,2024-09,8,7,36,0.000724,0.00138,0.5248,False,0.670123,unrated
resistance (ecology),resistance (ecology),,False,sunscreen,2024-02,8,5,36,0.001693,0.000563,3.0096,False,0.455604,unrated
retina,retina,,False,sunscreen,2023-09,8,8,36,0.001016,0.000951,1.0674,False,0.577459,unrated
retinal pigment epithelium,retinal pigment epithelium,,False,sunscreen,2024-01,8,7,36,0.001548,0.000613,2.5238,False,0.569644,unrated
rhizome,rhizome,,False,sunscreen,2023-09,8,7,36,0.000269,0.00146,0.1843,False,0.494083,unrated
rural area,rural area,,False,sunscreen,2024-01,8,5,36,0.001828,0.000237,7.7231,False,0.516699,unrated
salicylic acid,salicylic acid,,False,sunscreen,2024-03,8,7,36,0.001376,0.000846,1.6278,False,0.527568,unrated
scavenging,scavenging,,False,sunscreen,2024-03,8,6,36,0.001424,0.001077,1.3222,False,0.60564,unrated
scope (computer science),scope (computer science),,False,sunscreen,2023-10,8,6,36,0.002192,0.000272,8.0476,False,0.436154,unrated
service (business),service (business),,False,sunscreen,2025-06,8,5,36,0.001761,0.000581,3.0287,False,0.402516,unrated
singlet state,singlet state,,False,sunscreen,2025-10,8,5,36,0.00228,0.0,,True,0.562528,unrated
skin biopsy,skin biopsy,,False,sunscreen,2024-01,8,6,36,0.002025,0.00038,5.3231,False,0.417191,unrated
skin lesion,skin lesion,,False,sunscreen,2025-05,8,5,36,0.002531,0.000225,11.2377,False,0.417191,unrated
stressor,stressor,,False,sunscreen,2023-10,8,8,36,0.000598,0.000956,0.6258,False,0.436365,unrated
thallus,thallus,,False,sunscreen,2023-10,8,8,36,0.001024,0.001234,0.8299,False,0.662901,unrated
thermogravimetric analysis,thermogravimetric analysis,,False,sunscreen,2023-10,8,8,36,0.001357,0.00092,1.4747,False,0.512191,unrated
titanium oxide,titanium oxide,,False,sunscreen,2023-09,8,8,36,0.000371,0.001557,0.2383,False,0.44898,unrated
transgene,transgene,,False,sunscreen,2023-10,8,8,36,0.000909,0.001307,0.6953,False,0.567361,unrated
vitis vinifera,vitis vinifera,,False,sunscreen,2023-12,8,8,36,0.000334,0.001348,0.2479,False,0.454044,unrated
water stress,water stress,,False,sunscreen,2024-01,8,7,36,0.000888,0.000791,1.1229,False,0.56672,unrated
water use efficiency,water use efficiency,,False,sunscreen,2024-10,8,6,36,0.002641,0.000274,9.6326,False,0.621731,unrated
zooxanthellae,zooxanthellae,,False,sunscreen,2023-10,8,5,36,0.00124,0.001157,1.071,False,0.547012,unrated
abundance (ecology),abundance (ecology),,False,sunscreen,2023-10,7,6,36,0.000631,0.000956,0.6603,False,0.690257,unrated
adme,adme,,False,sunscreen,2024-03,7,6,36,0.00108,0.000729,1.4813,False,0.645879,unrated
aerosol,aerosol,,False,sunscreen,2023-11,7,5,36,0.001175,0.00116,1.0132,False,0.416205,unrated
allium,allium,,False,sunscreen,2023-10,7,7,36,0.000334,0.001557,0.2146,False,0.454044,unrated
anatase,anatase,,False,sunscreen,2023-11,7,6,36,0.000955,0.001193,0.8001,False,0.662602,unrated
art history,art history,,False,sunscreen,2023-09,7,5,36,0.0,0.001494,0.0,False,,unrated
assimilation (phonology),assimilation (phonology),,False,sunscreen,2024-06,7,6,36,0.001787,0.000233,7.6752,False,0.569732,unrated
atp synthase,atp synthase,,False,sunscreen,2023-12,7,7,36,0.000859,0.000946,0.9077,False,0.438023,unrated
bioactive compound,bioactive compound,,False,sunscreen,2024-07,7,6,36,0.001653,0.000509,3.25,False,0.707329,unrated
biochar,biochar,,False,sunscreen,2023-11,7,7,36,0.001394,0.000727,1.919,False,0.617955,unrated
biogenesis,biogenesis,,False,sunscreen,2023-11,7,4,36,0.000909,0.000687,1.3229,False,0.69,unrated
biological activity,biological activity,,False,sunscreen,2025-02,7,7,36,0.001907,0.000302,6.3157,False,0.632194,unrated
biota,biota,,False,sunscreen,2023-12,7,5,36,0.001801,0.000376,4.7957,False,0.590595,unrated
biotransformation,biotransformation,,False,sunscreen,2023-12,7,5,36,0.000846,0.001069,0.7914,False,0.694634,unrated
brand management,brand management,,False,sunscreen,2023-09,7,7,36,0.001161,0.000808,1.4362,False,0.318865,unrated
breast cancer,breast cancer,,False,sunscreen,2024-02,7,6,36,0.000411,0.001485,0.277,False,0.289593,unrated
broadband,broadband,,False,sunscreen,2024-02,7,6,36,0.000269,0.001588,0.1694,False,0.494083,unrated
caffeic acid,caffeic acid,,False,sunscreen,2024-11,7,5,36,0.000682,0.000902,0.7561,False,0.768333,unrated
camphor,camphor,,False,sunscreen,2023-11,7,6,36,0.000561,0.001338,0.4197,False,0.687978,unrated
candida albicans,candida albicans,,False,sunscreen,2023-11,7,7,36,0.000937,0.000848,1.1051,False,0.623178,unrated
carbon nanotube,carbon nanotube,,False,sunscreen,2023-10,7,4,36,0.001523,0.00053,2.8756,False,0.628439,unrated
checklist,checklist,,False,sunscreen,2023-11,7,6,36,0.000496,0.000956,0.5189,False,0.458917,unrated
chemical toxicity,chemical toxicity,,False,sunscreen,2025-10,7,5,36,0.002367,0.0,,True,0.498875,unrated
coconut oil,coconut oil,,False,sunscreen,2024-03,7,4,36,0.001475,0.000409,3.6117,False,0.474063,unrated
cognitive psychology,cognitive psychology,,False,sunscreen,2023-10,7,7,36,0.0,0.001814,0.0,False,,unrated
construct (python library),construct (python library),,False,sunscreen,2023-12,7,4,36,0.001866,0.000257,7.2548,False,0.475274,unrated
consumer awareness,consumer awareness,,False,sunscreen,2023-11,7,7,36,0.001151,0.000592,1.9455,False,0.54522,unrated
core (optical fiber),core (optical fiber),,False,sunscreen,2024-05,7,5,36,0.001249,0.000466,2.6796,False,0.801284,unrated
crystallite,crystallite,,False,sunscreen,2023-11,7,6,36,0.001236,0.00085,1.4541,False,0.500162,unrated
crystallization,crystallization,,False,sunscreen,2023-12,7,7,36,0.000961,0.000868,1.1072,False,0.418405,unrated
cytotoxic t cell,cytotoxic t cell,,False,sunscreen,2023-10,7,6,36,0.000358,0.001311,0.2731,False,0.826772,unrated
dinoflagellate,dinoflagellate,,False,sunscreen,2024-03,7,6,36,0.002104,0.000306,6.8671,False,0.590341,unrated
dispersion (optics),dispersion (optics),,False,sunscreen,2024-02,7,7,36,0.000781,0.000846,0.9237,False,0.466864,unrated
diversity (politics),diversity (politics),,False,sunscreen,2024-02,7,6,36,0.000566,0.001065,0.5316,False,0.465179,unrated
economic growth,economic growth,,False,sunscreen,2023-11,7,7,36,0.000358,0.001559,0.2296,False,0.698819,unrated
elastomer,elastomer,,False,sunscreen,2024-03,7,5,36,0.001443,0.000801,1.8014,False,0.469882,unrated
electron paramagnetic resonance,electron paramagnetic resonance,,False,sunscreen,2024-02,7,6,36,0.001092,0.000957,1.141,False,0.48177,unrated
environmental risk assessment,environmental risk assessment,,False,sunscreen,2025-05,7,4,36,0.001675,0.00045,3.7176,False,0.442258,unrated
excellence,excellence,,False,sunscreen,2025-07,7,3,36,0.00153,0.000189,8.113,False,0.405561,unrated
extracellular matrix,extracellular matrix,,False,sunscreen,2025-07,7,6,36,0.001666,0.000377,4.4174,False,0.654347,unrated
eyelid,eyelid,,False,sunscreen,2023-10,7,5,36,0.000692,0.000889,0.7781,False,0.380566,unrated
femtosecond,femtosecond,,False,sunscreen,2024-05,7,6,36,0.001693,0.000545,3.1027,False,0.443547,unrated
filter paper,filter paper,,False,sunscreen,2024-01,7,6,36,0.000334,0.000976,0.3424,False,0.952206,unrated
flow (mathematics),flow (mathematics),,False,sunscreen,2024-01,7,7,36,0.000736,0.001045,0.7047,False,0.646881,unrated
food products,food products,,False,sunscreen,2025-09,7,7,36,0.002032,0.0,,True,0.629568,unrated
forehead,forehead,,False,sunscreen,2024-03,7,6,36,0.001108,0.000539,2.0542,False,0.431294,unrated
freshwater ecosystem,freshwater ecosystem,,False,sunscreen,2025-07,7,2,36,0.000371,0.001131,0.328,False,0.44898,unrated
galaxy,galaxy,,False,sunscreen,2023-09,7,6,36,0.000411,0.001068,0.3852,False,0.977376,unrated
gender studies,gender studies,,False,sunscreen,2023-11,7,6,36,0.0,0.001514,0.0,False,,unrated
green tea extract,green tea extract,,False,sunscreen,2023-12,7,6,36,0.000835,0.000756,1.1042,False,0.465179,unrated
growing season,growing season,,False,sunscreen,2024-10,7,5,36,0.001822,0.00048,3.7921,False,0.580907,unrated
hatching,hatching,,False,sunscreen,2023-10,7,7,36,0.000919,0.00103,0.8929,False,0.568189,unrated
histology,histology,,False,sunscreen,2025-01,7,4,36,0.000582,0.000677,0.8594,False,0.459517,unrated
hydrothermal circulation,hydrothermal circulation,,False,sunscreen,2024-04,7,6,36,0.000797,0.000986,0.8088,False,0.351611,unrated
ice cream,ice cream,,False,sunscreen,2024-09,7,6,36,0.000823,0.00089,0.9241,False,0.431294,unrated
index (typography),index (typography),,False,sunscreen,2024-04,7,6,36,0.001344,0.000824,1.6302,False,0.560378,unrated
intertidal zone,intertidal zone,,False,sunscreen,2024-01,7,6,36,0.000708,0.000917,0.7725,False,0.542798,unrated
ionic liquid,ionic liquid,,False,sunscreen,2023-10,7,6,36,0.000358,0.00122,0.2934,False,0.698819,unrated
kinetic energy,kinetic energy,,False,sunscreen,2023-12,7,5,36,0.000358,0.001212,0.2954,False,0.307087,unrated
laser therapy,laser therapy,,False,sunscreen,2024-03,7,5,36,0.001555,0.000568,2.7349,False,0.52385,unrated
lime,lime,,False,sunscreen,2024-04,7,6,36,0.00031,0.001175,0.2641,False,0.387372,unrated
linoleic acid,linoleic acid,,False,sunscreen,2023-11,7,7,36,0.000708,0.00127,0.5578,False,0.362934,unrated
lipophilicity,lipophilicity,,False,sunscreen,2024-11,7,5,36,0.001911,0.000238,8.0277,False,0.458346,unrated
luminescence,luminescence,,False,sunscreen,2023-11,7,7,36,0.00087,0.00094,0.9258,False,0.623036,unrated
machine learning,machine learning,,False,sunscreen,2024-01,7,6,36,0.0,0.001507,0.0,False,,unrated
macular degeneration,macular degeneration,,False,sunscreen,2024-01,7,7,36,0.001152,0.00062,1.859,False,0.462393,unrated
mechanics,mechanics,,False,sunscreen,2023-12,7,7,36,0.0,0.001404,0.0,False,,unrated
meta analysis,meta analysis,,False,sunscreen,2023-09,7,7,36,0.000603,0.001182,0.5103,False,0.723144,unrated
metabolic engineering,metabolic engineering,,False,sunscreen,2023-11,7,6,36,0.001123,0.000712,1.577,False,0.766817,unrated
modalities,modalities,,False,sunscreen,2024-02,7,7,36,0.000933,0.001054,0.8845,False,0.442258,unrated
mucocutaneous zone,mucocutaneous zone,,False,sunscreen,2025-05,7,7,36,0.001662,0.000434,3.8329,False,0.492348,unrated
municipal solid waste,municipal solid waste,,False,sunscreen,2026-01,7,3,36,0.002232,0.0,,True,0.593002,unrated
mussel,mussel,,False,sunscreen,2023-09,7,7,36,0.000708,0.000942,0.7523,False,0.542798,unrated
mytilus,mytilus,,False,sunscreen,2023-09,7,7,36,0.000411,0.001297,0.3172,False,0.649321,unrated
nanofiber,nanofiber,,False,sunscreen,2023-12,7,5,36,0.001181,0.000976,1.2099,False,0.62187,unrated
niosome,niosome,,False,sunscreen,2024-12,7,5,36,0.002177,0.000206,10.5547,False,0.689389,unrated
organic matter,organic matter,,False,sunscreen,2023-11,7,6,36,0.000496,0.000936,0.5302,False,0.458917,unrated
organism,organism,,False,sunscreen,2023-09,7,6,36,0.00101,0.000814,1.2404,False,0.594832,unrated
osmolyte,osmolyte,,False,sunscreen,2025-03,7,7,36,0.00209,0.000269,7.7753,False,0.617145,unrated
osmotic shock,osmotic shock,,False,sunscreen,2024-08,7,6,36,0.001803,0.000306,5.8852,False,0.471786,unrated
paraben,paraben,,False,sunscreen,2023-09,7,6,36,0.000227,0.00126,0.1803,False,0.42375,unrated
pathogenesis,pathogenesis,,False,sunscreen,2024-08,7,7,36,0.001168,0.000855,1.3664,False,0.384067,unrated
pathological,pathological,,False,sunscreen,2024-06,7,6,36,0.001504,0.000535,2.8126,False,0.435715,unrated
patient care,patient care,,False,sunscreen,2023-09,7,6,36,0.002068,0.000244,8.4889,False,0.539279,unrated
pentose phosphate pathway,pentose phosphate pathway,,False,sunscreen,2023-10,7,6,36,0.001308,0.000792,1.6526,False,0.459779,unrated
photolyase,photolyase,,False,sunscreen,2023-11,7,7,36,0.000297,0.001367,0.2174,False,0.436275,unrated
photorespiration,photorespiration,,False,sunscreen,2024-05,7,6,36,0.001674,0.0005,3.3466,False,0.544271,unrated
photothermal therapy,photothermal therapy,,False,sunscreen,2024-09,7,6,36,0.00142,0.000239,5.9293,False,0.746585,unrated
placebo,placebo,,False,sunscreen,2024-04,7,7,36,0.000627,0.001125,0.557,False,0.596451,unrated
polyester,polyester,,False,sunscreen,2024-01,7,5,36,0.000269,0.001049,0.2565,False,0.494083,unrated
polyethylene,polyethylene,,False,sunscreen,2023-09,7,7,36,0.000655,0.001158,0.5656,False,0.616779,unrated
polyethylene glycol,polyethylene glycol,,False,sunscreen,2024-08,7,7,36,0.001442,0.00077,1.8729,False,0.529077,unrated
polypropylene,polypropylene,,False,sunscreen,2024-01,7,4,36,0.001491,0.000323,4.622,False,0.461751,unrated
porphyria,porphyria,,False,sunscreen,2024-01,7,6,36,0.000392,0.001009,0.3882,False,0.359914,unrated
predation,predation,,False,sunscreen,2023-09,7,7,36,0.000411,0.00133,0.3093,False,0.289593,unrated
pseudomonas,pseudomonas,,False,sunscreen,2023-09,7,6,36,0.000661,0.00092,0.7182,False,0.426999,unrated
psidium,psidium,,False,sunscreen,2024-01,7,6,36,0.000977,0.000344,2.8449,False,0.40665,unrated
quantum chemical,quantum chemical,,False,sunscreen,2024-01,7,5,36,0.001204,0.000555,2.1713,False,0.74844,unrated
radiation therapy,radiation therapy,,False,sunscreen,2026-01,7,4,36,0.002374,0.0,,True,0.568797,unrated
radiative transfer,radiative transfer,,False,sunscreen,2024-05,7,7,36,0.000655,0.000997,0.6569,False,0.371681,unrated
radiology,radiology,,False,sunscreen,2023-10,7,6,36,0.0,0.001682,0.0,False,,unrated
red algae,red algae,,False,sunscreen,2023-10,7,6,36,0.000746,0.001099,0.6784,False,0.371818,unrated
referral,referral,,False,sunscreen,2024-02,7,7,36,0.000668,0.001384,0.4829,False,0.442628,unrated
rejuvenation,rejuvenation,,False,sunscreen,2024-05,7,5,36,0.000872,0.000684,1.2741,False,0.599063,unrated
reproducibility,reproducibility,,False,sunscreen,2025-02,7,4,36,0.001856,0.000604,3.0738,False,0.667323,unrated
senescence,senescence,,False,sunscreen,2024-05,7,5,36,0.001427,0.000536,2.6622,False,0.549762,unrated
sensitivity (control systems),sensitivity (control systems),,False,sunscreen,2024-10,7,6,36,0.0,0.001217,0.0,False,,unrated
sensory system,sensory system,,False,sunscreen,2023-11,7,6,36,0.000782,0.001182,0.6622,False,0.719965,unrated
sentiment analysis,sentiment analysis,,False,sunscreen,2024-03,7,3,36,0.001136,0.000409,2.7818,False,0.42375,unrated
shell (structure),shell (structure),,False,sunscreen,2024-01,7,6,36,0.000585,0.000773,0.7568,False,0.625261,unrated
skin reaction,skin reaction,,False,sunscreen,2023-09,7,5,36,0.001979,0.000244,8.1206,False,0.419756,unrated
socioeconomics,socioeconomics,,False,sunscreen,2024-04,7,6,36,0.0,0.001643,0.0,False,,unrated
soil water,soil water,,False,sunscreen,2023-12,7,7,36,0.001084,0.001046,1.0361,False,0.610585,unrated
sorghum,sorghum,,False,sunscreen,2023-11,7,6,36,0.000894,0.000976,0.9161,False,0.799182,unrated
spinach,spinach,,False,sunscreen,2025-04,7,4,36,0.000812,0.000894,0.909,False,0.365418,unrated
stabilizer (aeronautics),stabilizer (aeronautics),,False,sunscreen,2024-01,7,5,36,0.000763,0.001062,0.7181,False,0.713714,unrated
stearic acid,stearic acid,,False,sunscreen,2023-10,7,7,36,0.000579,0.001308,0.443,False,0.440727,unrated
sunflower oil,sunflower oil,,False,sunscreen,2024-01,7,6,36,0.001147,0.000851,1.3479,False,0.445109,unrated
table (database),table (database),,False,sunscreen,2026-02,7,4,36,0.002117,0.0,,True,0.444313,unrated
tacrolimus,tacrolimus,,False,sunscreen,2024-06,7,6,36,0.001773,0.000335,5.2936,False,0.513871,unrated
teledermatology,teledermatology,,False,sunscreen,2025-12,7,3,36,0.002305,0.0,,True,0.497633,unrated
telescope,telescope,,False,sunscreen,2023-09,7,5,36,0.000411,0.001075,0.3828,False,0.289593,unrated
terpenoid,terpenoid,,False,sunscreen,2023-10,7,7,36,0.001626,0.000461,3.5283,False,0.475293,unrated
trait,trait,,False,sunscreen,2024-10,7,7,36,0.001349,0.000645,2.0905,False,0.417233,unrated
variable (mathematics),variable (mathematics),,False,sunscreen,2024-08,7,6,36,0.001479,0.000575,2.5706,False,0.435715,unrated
variables,variables,,False,sunscreen,2024-08,7,5,36,0.002042,0.000306,6.6638,False,0.387424,unrated
vegetation (pathology),vegetation (pathology),,False,sunscreen,2024-01,7,5,36,0.001113,0.000713,1.5617,False,0.534917,unrated
vulnerability (computing),vulnerability (computing),,False,sunscreen,2024-01,7,5,36,0.001246,0.000459,2.7173,False,0.445109,unrated
wax,wax,,False,sunscreen,2023-10,7,6,36,0.000746,0.001135,0.657,False,0.371818,unrated
western blot,western blot,,False,sunscreen,2023-11,7,6,36,0.001099,0.000504,2.1833,False,0.623346,unrated
acetone,acetone,,False,sunscreen,2024-06,6,5,36,0.001766,0.000233,7.5881,False,0.509326,unrated
acoustics,acoustics,,False,sunscreen,2023-09,6,5,36,0.0,0.001048,0.0,False,,unrated
activator (genetics),activator (genetics),,False,sunscreen,2025-06,6,5,36,0.001347,0.000194,6.9503,False,0.601784,unrated
adapalene,adapalene,,False,sunscreen,2023-12,6,6,36,0.000726,0.00099,0.7332,False,0.406979,unrated
adjuvant,adjuvant,,False,sunscreen,2023-09,6,4,36,0.001216,0.000527,2.3065,False,0.435065,unrated
alcohol,alcohol,,False,sunscreen,2023-12,6,6,36,0.0,0.001364,0.0,False,,unrated
alopecia areata,alopecia areata,,False,sunscreen,2024-03,6,6,36,0.000439,0.001346,0.3262,False,0.396135,unrated
anti inflammatory,anti inflammatory,,False,sunscreen,2024-01,6,4,36,0.0,0.001035,0.0,False,,unrated
anxiety,anxiety,,False,sunscreen,2024-01,6,6,36,0.000949,0.000681,1.3937,False,0.366905,unrated
aquaculture,aquaculture,,False,sunscreen,2024-01,6,6,36,0.000835,0.000687,1.2153,False,0.415799,unrated
arabic,arabic,,False,sunscreen,2024-01,6,4,36,0.001557,0.000118,13.1531,False,0.410015,unrated
arbutin,arbutin,,False,sunscreen,2024-02,6,5,36,0.001421,0.000582,2.4391,False,0.389496,unrated
artemia salina,artemia salina,,False,sunscreen,2023-09,6,6,36,0.0,0.001363,0.0,False,,unrated
attenuation,attenuation,,False,sunscreen,2024-06,6,5,36,0.000977,0.000684,1.4291,False,0.545207,unrated
bacterial cellulose,bacterial cellulose,,False,sunscreen,2024-09,6,4,36,0.001408,0.000239,5.8799,False,0.453518,unrated
basal (medicine),basal (medicine),,False,sunscreen,2024-08,6,6,36,0.000831,0.00099,0.8393,False,0.378024,unrated
bioenergy,bioenergy,,False,sunscreen,2024-12,6,5,36,0.000793,0.000601,1.3199,False,0.614768,unrated
biofouling,biofouling,,False,sunscreen,2023-09,6,5,36,0.001369,0.000501,2.7332,False,0.416717,unrated
brown algae,brown algae,,False,sunscreen,2024-06,6,6,36,0.000705,0.000749,0.942,False,0.451512,unrated
calcium,calcium,,False,sunscreen,2024-09,6,6,36,0.000705,0.000972,0.7259,False,0.700593,unrated
camouflage,camouflage,,False,sunscreen,2025-01,6,6,36,0.001341,0.00031,4.3188,False,0.403442,unrated
cancer treatment,cancer treatment,,False,sunscreen,2025-09,6,5,36,0.002138,0.0,,True,0.706918,unrated
carbon dioxide,carbon dioxide,,False,sunscreen,2024-12,6,6,36,0.000773,0.000603,1.2823,False,0.71736,unrated
carbon quantum dots,carbon quantum dots,,False,sunscreen,2024-07,6,4,36,0.000668,0.000938,0.7128,False,0.454044,unrated
carboxymethyl cellulose,carboxymethyl cellulose,,False,sunscreen,2023-11,6,5,36,0.000227,0.001129,0.2014,False,0.42375,unrated
carcinogenesis,carcinogenesis,,False,sunscreen,2024-02,6,5,36,0.001651,0.000344,4.7948,False,0.646483,unrated
carica,carica,,False,sunscreen,2025-02,6,4,36,0.00057,0.000738,0.7721,False,0.482759,unrated
cell growth,cell growth,,False,sunscreen,2023-10,6,5,36,0.001502,0.000272,5.5146,False,0.410925,unrated
center (category theory),center (category theory),,False,sunscreen,2024-06,6,6,36,0.000595,0.000999,0.5956,False,0.435065,unrated
chemical products,chemical products,,False,sunscreen,2025-11,6,5,36,0.001658,0.0,,True,0.41723,unrated
chemotherapy,chemotherapy,,False,sunscreen,2023-11,6,6,36,0.0,0.001397,0.0,False,,unrated
cinahl,cinahl,,False,sunscreen,2024-02,6,4,36,0.000807,0.000953,0.847,False,0.494083,unrated
circadian clock,circadian clock,,False,sunscreen,2023-09,6,6,36,0.000867,0.000731,1.1867,False,0.789822,unrated
cladocera,cladocera,,False,sunscreen,2024-09,6,6,36,0.0,0.001331,0.0,False,,unrated
clay minerals,clay minerals,,False,sunscreen,2023-10,6,6,36,0.000285,0.001214,0.2348,False,0.482759,unrated
clinical study,clinical study,,False,sunscreen,2026-06,6,3,36,0.001377,0.0,,True,0.488421,unrated
closing (real estate),closing (real estate),,False,sunscreen,2026-01,6,3,36,0.001721,0.0,,True,0.436335,unrated
cognition,cognition,,False,sunscreen,2024-07,6,4,36,0.000904,0.000761,1.189,False,0.632814,unrated
cold stress,cold stress,,False,sunscreen,2025-02,6,4,36,0.001427,0.000302,4.7277,False,0.613111,unrated
colorectal cancer,colorectal cancer,,False,sunscreen,2023-10,6,5,36,0.0,0.0015,0.0,False,,unrated
consumer protection,consumer protection,,False,sunscreen,2025-01,6,5,36,0.001774,0.000102,17.3691,False,0.378586,unrated
control (management),control (management),,False,sunscreen,2025-03,6,5,36,0.001444,0.000463,3.1217,False,0.398755,unrated
cosmetic techniques,cosmetic techniques,,False,sunscreen,2025-01,6,5,36,0.001193,0.00031,3.8424,False,0.626392,unrated
coupling (piping),coupling (piping),,False,sunscreen,2024-10,6,5,36,0.001574,0.000274,5.7409,False,0.561396,unrated
credibility,credibility,,False,sunscreen,2025-11,6,6,36,0.002011,0.0,,True,0.501528,unrated
crosstalk,crosstalk,,False,sunscreen,2024-01,6,6,36,0.000942,0.000327,2.8819,False,0.795592,unrated
crystal structure,crystal structure,,False,sunscreen,2024-01,6,5,36,0.000909,0.000504,1.8037,False,0.471531,unrated
curriculum,curriculum,,False,sunscreen,2024-07,6,5,36,0.001653,0.000283,5.8299,False,0.442303,unrated
cytochrome b6f complex,cytochrome b6f complex,,False,sunscreen,2023-12,6,6,36,0.001082,0.00087,1.2432,False,0.613831,unrated
delphi,delphi,,False,sunscreen,2024-04,6,4,36,0.00162,0.000304,5.3268,False,0.804437,unrated
depression (economics),depression (economics),,False,sunscreen,2025-01,6,6,36,0.001218,0.00032,3.8025,False,0.398699,unrated
derivative (finance),derivative (finance),,False,sunscreen,2024-03,6,6,36,0.000607,0.001093,0.5557,False,0.411824,unrated
dermabrasion,dermabrasion,,False,sunscreen,2024-03,6,4,36,0.001351,0.000306,4.4102,False,0.633531,unrated
diffuse reflectance infrared fourier transform,diffuse reflectance infrared fourier transform,,False,sunscreen,2023-10,6,5,36,0.000439,0.000924,0.4751,False,0.396135,unrated
digital media,digital media,,False,sunscreen,2025-04,6,5,36,0.001442,0.000218,6.6088,False,0.438069,unrated
discontinuation,discontinuation,,False,sunscreen,2023-10,6,6,36,0.001019,0.000862,1.1816,False,0.387028,unrated
dorsum,dorsum,,False,sunscreen,2024-01,6,6,36,0.001038,0.000676,1.5349,False,0.579622,unrated
dual (grammatical number),dual (grammatical number),,False,sunscreen,2024-05,6,5,36,0.0,0.001088,0.0,False,,unrated
elastase,elastase,,False,sunscreen,2024-06,6,6,36,0.000904,0.000666,1.3574,False,0.422141,unrated
endangered species,endangered species,,False,sunscreen,2025-02,6,3,36,0.000621,0.000883,0.7025,False,0.387372,unrated
endogeny,endogeny,,False,sunscreen,2023-11,6,6,36,0.000913,0.000543,1.6835,False,0.445166,unrated
energy storage,energy storage,,False,sunscreen,2024-06,6,5,36,0.000371,0.001077,0.3447,False,0.934694,unrated
engineering ethics,engineering ethics,,False,sunscreen,2023-10,6,6,36,0.0,0.001445,0.0,False,,unrated
enzymatic hydrolysis,enzymatic hydrolysis,,False,sunscreen,2024-01,6,6,36,0.000512,0.000787,0.6512,False,0.453255,unrated
epidermodysplasia verruciformis,epidermodysplasia verruciformis,,False,sunscreen,2024-06,6,6,36,0.000722,0.000858,0.8412,False,0.338483,unrated
eugenol,eugenol,,False,sunscreen,2023-09,6,6,36,0.001047,0.000437,2.3923,False,0.589056,unrated
euglena gracilis,euglena gracilis,,False,sunscreen,2024-10,6,4,36,0.001003,0.000708,1.4168,False,0.454044,unrated
evergreen,evergreen,,False,sunscreen,2024-04,6,6,36,0.001292,0.000588,2.199,False,0.541683,unrated
exciton,exciton,,False,sunscreen,2024-01,6,5,36,0.001394,0.000337,4.1419,False,0.507796,unrated
extracellular,extracellular,,False,sunscreen,2024-03,6,5,36,0.001023,0.000511,2.0036,False,0.580143,unrated
flavonols,flavonols,,False,sunscreen,2023-11,6,5,36,0.000765,0.000518,1.476,False,0.626551,unrated
fluorescence lifetime imaging microscopy,fluorescence lifetime imaging microscopy,,False,sunscreen,2023-11,6,5,36,0.001234,0.000479,2.5759,False,0.422145,unrated
fluorescence microscope,fluorescence microscope,,False,sunscreen,2025-01,6,5,36,0.001234,0.000296,4.171,False,0.422145,unrated
food packaging,food packaging,,False,sunscreen,2023-12,6,6,36,0.000995,0.000797,1.2481,False,0.576818,unrated
foraging,foraging,,False,sunscreen,2023-11,6,4,36,0.001127,0.000722,1.5619,False,0.706058,unrated
genomics,genomics,,False,sunscreen,2024-02,6,6,36,0.001406,0.000618,2.274,False,0.54165,unrated
gestation,gestation,,False,sunscreen,2024-06,6,6,36,0.00108,0.000745,1.4491,False,0.391616,unrated
global warming,global warming,,False,sunscreen,2023-11,6,4,36,0.001479,0.000285,5.1827,False,0.475274,unrated
hair care,hair care,,False,sunscreen,2024-01,6,4,36,0.000846,0.000118,7.1499,False,0.720539,unrated
halloysite,halloysite,,False,sunscreen,2023-09,6,6,36,0.000666,0.000924,0.7209,False,0.644942,unrated
heavy metals,heavy metals,,False,sunscreen,2024-01,6,5,36,0.001142,0.000537,2.1245,False,0.3335,unrated
herb,herb,,False,sunscreen,2024-01,6,6,36,0.000285,0.001131,0.252,False,0.482759,unrated
herbivore,herbivore,,False,sunscreen,2025-04,6,6,36,0.000746,0.00084,0.8873,False,0.371818,unrated
heterojunction,heterojunction,,False,sunscreen,2023-09,6,5,36,0.000455,0.000807,0.5635,False,0.42375,unrated
hexane,hexane,,False,sunscreen,2024-03,6,5,36,0.00057,0.001093,0.5214,False,0.482759,unrated
human life,human life,,False,sunscreen,2024-01,6,6,36,0.001342,0.000425,3.1599,False,0.422587,unrated
human studies,human studies,,False,sunscreen,2025-09,6,5,36,0.001518,0.0,,True,0.564469,unrated
hydrolysate,hydrolysate,,False,sunscreen,2024-01,6,6,36,0.00031,0.000945,0.3284,False,0.387372,unrated
hydroquinone,hydroquinone,,False,sunscreen,2024-01,6,6,36,0.000566,0.000639,0.8852,False,0.465179,unrated
ile de france,ile de france,,False,sunscreen,2025-07,6,4,36,0.001354,0.000189,7.18,False,0.421337,unrated
in situ,in situ,,False,sunscreen,2024-03,6,6,36,0.000285,0.001276,0.2233,False,0.482759,unrated
inflammatory bowel disease,inflammatory bowel disease,,False,sunscreen,2024-03,6,4,36,0.0,0.001497,0.0,False,,unrated
intensity (physics),intensity (physics),,False,sunscreen,2024-11,6,5,36,0.000716,0.000767,0.9336,False,0.797244,unrated
irritant contact dermatitis,irritant contact dermatitis,,False,sunscreen,2024-03,6,6,36,0.000334,0.001327,0.2519,False,0.454044,unrated
kaempferol,kaempferol,,False,sunscreen,2024-03,6,5,36,0.000269,0.001308,0.2056,False,0.494083,unrated
kappaphycus alvarezii,kappaphycus alvarezii,,False,sunscreen,2024-06,6,4,36,0.001178,0.000427,2.7615,False,0.471531,unrated
kojic acid,kojic acid,,False,sunscreen,2024-02,6,5,36,0.000797,0.001095,0.7282,False,0.351611,unrated
labelling,labelling,,False,sunscreen,2023-09,6,6,36,0.001475,0.000362,4.0729,False,0.594779,unrated
lactuca,lactuca,,False,sunscreen,2023-10,6,6,36,0.0,0.001531,0.0,False,,unrated
leaching (pedology),leaching (pedology),,False,sunscreen,2023-12,6,5,36,0.001594,0.00049,3.2531,False,0.685951,unrated
legislation,legislation,,False,sunscreen,2023-09,6,4,36,0.000269,0.001302,0.2066,False,0.494083,unrated
life cycle assessment,life cycle assessment,,False,sunscreen,2024-06,6,5,36,0.001039,0.000676,1.5369,False,0.442628,unrated
liquid chromatography–mass spectrometry,liquid chromatography–mass spectrometry,,False,sunscreen,2023-09,6,5,36,0.000297,0.000868,0.3422,False,0.436275,unrated
lung,lung,,False,sunscreen,2023-12,6,5,36,0.0,0.001205,0.0,False,,unrated
luxury goods,luxury goods,,False,sunscreen,2026-01,6,2,36,0.001787,0.0,,True,0.409942,unrated
magnesium,magnesium,,False,sunscreen,2024-09,6,6,36,0.00114,0.00058,1.9673,False,0.521782,unrated
marketing management,marketing management,,False,sunscreen,2024-09,6,5,36,0.0,0.00138,0.0,False,,unrated
masking (illustration),masking (illustration),,False,sunscreen,2025-09,6,3,36,0.001909,0.0,,True,0.479722,unrated
medical prescription,medical prescription,,False,sunscreen,2024-10,6,5,36,0.001735,0.000274,6.3286,False,0.461682,unrated
micelle,micelle,,False,sunscreen,2024-01,6,5,36,0.000708,0.000993,0.7133,False,0.848982,unrated
microphthalmia associated transcription factor,microphthalmia associated transcription factor,,False,sunscreen,2023-09,6,6,36,0.000595,0.001034,0.5759,False,0.656056,unrated
microrna,microrna,,False,sunscreen,2023-09,6,6,36,0.000619,0.000884,0.7004,False,0.694634,unrated
microscopy,microscopy,,False,sunscreen,2025-06,6,4,36,0.001484,0.000194,7.6563,False,0.445585,unrated
mineralization (soil science),mineralization (soil science),,False,sunscreen,2024-02,6,6,36,0.000696,0.00118,0.5901,False,0.56604,unrated
multispectral image,multispectral image,,False,sunscreen,2023-09,6,4,36,0.000803,0.001016,0.7902,False,0.60869,unrated
mythology,mythology,,False,sunscreen,2024-11,6,6,36,0.001363,0.000507,2.6884,False,0.487991,unrated
nanoscopic scale,nanoscopic scale,,False,sunscreen,2024-04,6,4,36,0.001408,0.000304,4.6291,False,0.475208,unrated
nicotinamide adenine dinucleotide,nicotinamide adenine dinucleotide,,False,sunscreen,2025-05,6,3,36,0.001367,0.000225,6.0707,False,0.453255,unrated
nonlinear system,nonlinear system,,False,sunscreen,2024-03,6,5,36,0.000621,0.00085,0.7304,False,0.387372,unrated
nuclear receptor,nuclear receptor,,False,sunscreen,2024-05,6,6,36,0.001113,0.000568,1.9589,False,0.676988,unrated
palm oil,palm oil,,False,sunscreen,2025-04,6,4,36,0.001382,0.000218,6.3367,False,0.535109,unrated
parenteral nutrition,parenteral nutrition,,False,sunscreen,2023-12,6,6,36,0.000846,0.000666,1.2715,False,0.453518,unrated
peg ratio,peg ratio,,False,sunscreen,2024-04,6,5,36,0.000668,0.001155,0.5785,False,0.633066,unrated
pharmaceutical industry,pharmaceutical industry,,False,sunscreen,2025-12,6,4,36,0.002011,0.0,,True,0.422504,unrated
photobioreactor,photobioreactor,,False,sunscreen,2023-10,6,6,36,0.000619,0.000943,0.6566,False,0.391832,unrated
photochromism,photochromism,,False,sunscreen,2023-10,6,6,36,0.000977,0.000785,1.2443,False,0.583579,unrated
photosensitizer,photosensitizer,,False,sunscreen,2023-10,6,6,36,0.000496,0.000964,0.5146,False,0.458917,unrated
physical geography,physical geography,,False,sunscreen,2023-11,6,4,36,0.0,0.001238,0.0,False,,unrated
poikiloderma,poikiloderma,,False,sunscreen,2024-01,6,5,36,0.00125,0.000327,3.8269,False,0.456005,unrated
pollen,pollen,,False,sunscreen,2024-01,6,6,36,0.001208,0.000565,2.1395,False,0.330938,unrated
portulaca,portulaca,,False,sunscreen,2023-12,6,5,36,0.000358,0.001195,0.2994,False,0.895669,unrated
precipitation,precipitation,,False,sunscreen,2023-11,6,5,36,0.0,0.001407,0.0,False,,unrated
precision medicine,precision medicine,,False,sunscreen,2025-05,6,5,36,0.001859,0.000225,8.2546,False,0.871069,unrated
preprocessor,preprocessor,,False,sunscreen,2025-12,6,3,36,0.001637,0.0,,True,0.639998,unrated
probiotic,probiotic,,False,sunscreen,2024-09,6,4,36,0.000807,0.00061,1.3219,False,0.494083,unrated
proteomics,proteomics,,False,sunscreen,2024-01,6,6,36,0.001063,0.000327,3.2542,False,0.569424,unrated
public policy,public policy,,False,sunscreen,2025-05,6,5,36,0.001335,0.000225,5.9274,False,0.424643,unrated
pyrolysis,pyrolysis,,False,sunscreen,2023-11,6,6,36,0.000692,0.001108,0.6246,False,0.576431,unrated
quantitative structure–activity relationship,quantitative structure–activity relationship,,False,sunscreen,2025-03,6,5,36,0.001309,0.000269,4.8675,False,0.548729,unrated
ranking (information retrieval),ranking (information retrieval),,False,sunscreen,2026-03,6,4,36,0.001671,0.0,,True,0.446433,unrated
recall,recall,,False,sunscreen,2023-09,6,6,36,0.001406,0.000346,4.0671,False,0.399408,unrated
regulation of gene expression,regulation of gene expression,,False,sunscreen,2025-09,6,6,36,0.001993,0.0,,True,0.540924,unrated
rootstock,rootstock,,False,sunscreen,2025-02,6,2,36,0.00179,0.000302,5.9273,False,0.307087,unrated
rosmarinic acid,rosmarinic acid,,False,sunscreen,2023-12,6,5,36,0.001254,0.000559,2.2421,False,0.582877,unrated
salience (neuroscience),salience (neuroscience),,False,sunscreen,2023-12,6,3,36,0.001424,0.000257,5.536,False,0.436365,unrated
salt (chemistry),salt (chemistry),,False,sunscreen,2024-02,6,6,36,0.000439,0.001444,0.3041,False,0.396135,unrated
scalability,scalability,,False,sunscreen,2025-08,6,5,36,0.001476,0.000208,7.0839,False,0.550068,unrated
selectivity,selectivity,,False,sunscreen,2024-05,6,5,36,0.000227,0.001383,0.1643,False,0.42375,unrated
sensitization,sensitization,,False,sunscreen,2024-03,6,5,36,0.001238,0.00058,2.133,False,0.456005,unrated
shampoo,shampoo,,False,sunscreen,2023-12,6,6,36,0.001501,0.000257,5.8375,False,0.420783,unrated
shrimp,shrimp,,False,sunscreen,2023-09,6,6,36,0.00031,0.001305,0.2378,False,0.387372,unrated
silk,silk,,False,sunscreen,2023-10,6,5,36,0.0,0.00153,0.0,False,,unrated
small molecule,small molecule,,False,sunscreen,2024-01,6,5,36,0.000455,0.000696,0.6536,False,0.705625,unrated
spatial distribution,spatial distribution,,False,sunscreen,2025-01,6,6,36,0.001411,0.000327,4.3092,False,0.740623,unrated
spectrum (functional analysis),spectrum (functional analysis),,False,sunscreen,2024-09,6,5,36,0.0,0.001144,0.0,False,,unrated
standardization,standardization,,False,sunscreen,2024-12,6,4,36,0.00159,0.000206,7.7087,False,0.420034,unrated
substrate (aquarium),substrate (aquarium),,False,sunscreen,2025-01,6,5,36,0.001313,0.000102,12.8532,False,0.636488,unrated
support vector machine,support vector machine,,False,sunscreen,2024-03,6,6,36,0.000859,0.000597,1.438,False,0.760744,unrated
swift,swift,,False,sunscreen,2024-01,6,5,36,0.000411,0.000427,0.9639,False,0.289593,unrated
tandem mass spectrometry,tandem mass spectrometry,,False,sunscreen,2023-09,6,6,36,0.000631,0.001169,0.5402,False,0.44516,unrated
tap water,tap water,,False,sunscreen,2023-09,6,6,36,0.000538,0.001106,0.4861,False,0.668359,unrated
tertiary level,tertiary level,,False,sunscreen,2023-11,6,5,36,0.000594,0.001081,0.5498,False,0.436275,unrated
the arctic,the arctic,,False,sunscreen,2024-08,6,5,36,0.000561,0.001059,0.5303,False,0.438897,unrated
thematic analysis,thematic analysis,,False,sunscreen,2023-12,6,6,36,0.001339,0.000602,2.2267,False,0.445134,unrated
theory of planned behavior,theory of planned behavior,,False,sunscreen,2023-10,6,4,36,0.001382,0.00051,2.7079,False,0.552484,unrated
transcription (linguistics),transcription (linguistics),,False,sunscreen,2025-01,6,5,36,0.001181,0.000327,3.6071,False,0.610184,unrated
transformation (genetics),transformation (genetics),,False,sunscreen,2024-03,6,6,36,0.000538,0.000871,0.617,False,0.405561,unrated
transmission electron microscopy,transmission electron microscopy,,False,sunscreen,2024-01,6,6,36,0.001288,0.00022,5.84,False,0.647306,unrated
transplantation,transplantation,,False,sunscreen,2024-06,6,4,36,0.001215,0.000451,2.6937,False,0.534373,unrated
treatment modality,treatment modality,,False,sunscreen,2024-03,6,5,36,0.000797,0.000894,0.8918,False,0.453255,unrated
triclocarban,triclocarban,,False,sunscreen,2023-09,6,5,36,0.001086,0.000516,2.1043,False,0.601422,unrated
urocanic acid,urocanic acid,,False,sunscreen,2024-01,6,5,36,0.000692,0.000822,0.8418,False,0.576431,unrated
valorisation,valorisation,,False,sunscreen,2023-11,6,4,36,0.001523,0.000285,5.3378,False,0.492543,unrated
vegetable oil,vegetable oil,,False,sunscreen,2023-11,6,4,36,0.000455,0.00049,0.9284,False,0.42375,unrated
vitamin a deficiency,vitamin a deficiency,,False,sunscreen,2024-01,6,6,36,0.000797,0.001033,0.7716,False,0.582288,unrated
winemaking,winemaking,,False,sunscreen,2023-11,6,4,36,0.000866,0.000804,1.0776,False,0.474171,unrated
acanthosis,acanthosis,,False,sunscreen,2023-11,5,4,36,0.000582,0.000854,0.6814,False,0.459517,unrated
acartia tonsa,acartia tonsa,,False,sunscreen,2025-04,5,4,36,0.000585,0.000625,0.9365,False,0.65971,unrated
acropora,acropora,,False,sunscreen,2023-11,5,5,36,0.0,0.001171,0.0,False,,unrated
acrylate,acrylate,,False,sunscreen,2024-05,5,4,36,0.001377,0.000262,5.2538,False,0.422145,unrated
activated carbon,activated carbon,,False,sunscreen,2023-12,5,5,36,0.000227,0.000784,0.2899,False,0.99375,unrated
adhesion,adhesion,,False,sunscreen,2025-03,5,3,36,0.001286,0.000269,4.783,False,0.394923,unrated
adjunctive treatment,adjunctive treatment,,False,sunscreen,2025-11,5,5,36,0.001639,0.0,,True,0.425325,unrated
agar diffusion test,agar diffusion test,,False,sunscreen,2023-12,5,4,36,0.000784,0.000682,1.1498,False,0.359914,unrated
age groups,age groups,,False,sunscreen,2024-05,5,4,36,0.001333,0.000262,5.0866,False,0.430551,unrated
algal bloom,algal bloom,,False,sunscreen,2024-02,5,5,36,0.00031,0.000941,0.3296,False,0.387372,unrated
algorithm,algorithm,,False,sunscreen,2024-02,5,5,36,0.0,0.001167,0.0,False,,unrated
alloy,alloy,,False,sunscreen,2025-02,5,4,36,0.000297,0.001066,0.2786,False,0.926471,unrated
anthozoa,anthozoa,,False,sunscreen,2023-11,5,5,36,0.000598,0.00071,0.8426,False,0.671365,unrated
anthropology,anthropology,,False,sunscreen,2024-01,5,5,36,0.0,0.001044,0.0,False,,unrated
anti nuclear antibody,anti nuclear antibody,,False,sunscreen,2023-10,5,4,36,0.000831,0.00077,1.0794,False,0.378024,unrated
applied psychology,applied psychology,,False,sunscreen,2023-12,5,4,36,0.0,0.001271,0.0,False,,unrated
artificial light,artificial light,,False,sunscreen,2024-01,5,5,36,0.000809,0.000118,6.8373,False,0.447595,unrated
asteraceae,asteraceae,,False,sunscreen,2024-03,5,5,36,0.0,0.000922,0.0,False,,unrated
atmosphere (unit),atmosphere (unit),,False,sunscreen,2024-11,5,4,36,0.000227,0.000665,0.3419,False,0.42375,unrated
azadirachta,azadirachta,,False,sunscreen,2024-01,5,4,36,0.001081,0.000425,2.5446,False,0.398095,unrated
benzoyl peroxide,benzoyl peroxide,,False,sunscreen,2023-11,5,5,36,0.0,0.001361,0.0,False,,unrated
berry,berry,,False,sunscreen,2023-09,5,5,36,0.000496,0.000689,0.7199,False,0.458917,unrated
biocide,biocide,,False,sunscreen,2024-02,5,5,36,0.000666,0.000857,0.7777,False,0.702213,unrated
biomass partitioning,biomass partitioning,,False,sunscreen,2024-12,5,5,36,0.000974,0.000395,2.4669,False,0.426316,unrated
biotic stress,biotic stress,,False,sunscreen,2024-11,5,5,36,0.001026,0.000446,2.2985,False,0.874416,unrated
bisphenol a,bisphenol a,,False,sunscreen,2023-10,5,5,36,0.000297,0.000978,0.3038,False,0.436275,unrated
block (permutation group theory),block (permutation group theory),,False,sunscreen,2025-01,5,4,36,0.000784,0.000596,1.3146,False,0.359914,unrated
blubber,blubber,,False,sunscreen,2025-06,5,3,36,0.000411,0.00077,0.5343,False,0.771493,unrated
body weight,body weight,,False,sunscreen,2023-09,5,5,36,0.000358,0.000975,0.3672,False,0.307087,unrated
bridging (networking),bridging (networking),,False,sunscreen,2024-08,5,5,36,0.000895,0.000532,1.6845,False,0.903997,unrated
bromide,bromide,,False,sunscreen,2024-02,5,4,36,0.000566,0.000761,0.7439,False,0.710277,unrated
cadmium,cadmium,,False,sunscreen,2024-05,5,4,36,0.001026,0.000468,2.1911,False,0.666152,unrated
carcinoma,carcinoma,,False,sunscreen,2024-04,5,4,36,0.000411,0.001054,0.3903,False,0.997738,unrated
cartography,cartography,,False,sunscreen,2024-09,5,4,36,0.0,0.001049,0.0,False,,unrated
cascade,cascade,,False,sunscreen,2023-11,5,5,36,0.0,0.001323,0.0,False,,unrated
cell damage,cell damage,,False,sunscreen,2023-09,5,5,36,0.0011,0.000346,3.1819,False,0.65425,unrated
chemical stability,chemical stability,,False,sunscreen,2025-01,5,4,36,0.001479,0.000102,14.4805,False,0.570761,unrated
cinnamaldehyde,cinnamaldehyde,,False,sunscreen,2024-05,5,5,36,0.001148,0.000495,2.3192,False,0.556463,unrated
cinnamomum,cinnamomum,,False,sunscreen,2024-06,5,5,36,0.000803,0.00072,1.1159,False,0.324754,unrated
circular economy,circular economy,,False,sunscreen,2025-04,5,3,36,0.001033,0.000436,2.3685,False,0.416205,unrated
cluster (spacecraft),cluster (spacecraft),,False,sunscreen,2024-01,5,4,36,0.000797,0.000539,1.4797,False,0.547477,unrated
cognitive reframing,cognitive reframing,,False,sunscreen,2026-01,5,2,36,0.001424,0.0,,True,0.514698,unrated
colored,colored,,False,sunscreen,2024-05,5,4,36,0.0,0.001095,0.0,False,,unrated
complication,complication,,False,sunscreen,2024-06,5,5,36,0.000598,0.000335,1.7866,False,0.436365,unrated
concomitant,concomitant,,False,sunscreen,2023-09,5,5,36,0.000439,0.000889,0.4942,False,0.396135,unrated
confusion,confusion,,False,sunscreen,2024-11,5,5,36,0.000781,0.000456,1.7124,False,0.623531,unrated
connective tissue,connective tissue,,False,sunscreen,2023-10,5,4,36,0.001466,0.000272,5.3818,False,0.359813,unrated
construct validity,construct validity,,False,sunscreen,2026-06,5,1,36,0.001425,0.0,,True,0.482759,unrated
copper,copper,,False,sunscreen,2024-04,5,4,36,0.001262,0.000304,4.1508,False,0.789416,unrated
coral reef protection,coral reef protection,,False,sunscreen,2025-03,5,5,36,0.000929,0.000487,1.9083,False,0.390345,unrated
cover (algebra),cover (algebra),,False,sunscreen,2024-11,5,4,36,0.00127,0.000456,2.784,False,0.378024,unrated
crispr,crispr,,False,sunscreen,2023-10,5,5,36,0.000803,0.000694,1.1579,False,0.977536,unrated
crystallinity,crystallinity,,False,sunscreen,2024-06,5,5,36,0.001005,0.000516,1.9473,False,0.640232,unrated
cucumis,cucumis,,False,sunscreen,2023-10,5,4,36,0.001026,0.000391,2.6269,False,0.380566,unrated
cuticle (hair),cuticle (hair),,False,sunscreen,2025-04,5,5,36,0.000953,0.000218,4.3695,False,0.412569,unrated
daucus carota,daucus carota,,False,sunscreen,2023-12,5,5,36,0.000803,0.000475,1.6896,False,0.565704,unrated
decomposition,decomposition,,False,sunscreen,2024-01,5,4,36,0.0,0.000837,0.0,False,,unrated
deet,deet,,False,sunscreen,2024-08,5,5,36,0.001117,0.000515,2.1695,False,0.397539,unrated
diel vertical migration,diel vertical migration,,False,sunscreen,2024-05,5,5,36,0.000639,0.000364,1.7537,False,0.591672,unrated
diethyl phthalate,diethyl phthalate,,False,sunscreen,2025-04,5,2,36,0.000358,0.000873,0.4102,False,0.307087,unrated
disease management,disease management,,False,sunscreen,2025-01,5,5,36,0.000978,0.000102,9.581,False,0.626712,unrated
dissolution,dissolution,,False,sunscreen,2024-01,5,5,36,0.001462,0.000118,12.3529,False,0.540902,unrated
dosing,dosing,,False,sunscreen,2025-01,5,3,36,0.000661,0.000306,2.1569,False,0.426999,unrated
durability,durability,,False,sunscreen,2024-03,5,5,36,0.001321,0.000306,4.3132,False,0.390812,unrated
eisenia fetida,eisenia fetida,,False,sunscreen,2023-12,5,4,36,0.000358,0.001074,0.3332,False,0.307087,unrated
electrospinning,electrospinning,,False,sunscreen,2023-10,5,5,36,0.000411,0.001015,0.4051,False,0.961538,unrated
elution,elution,,False,sunscreen,2024-01,5,5,36,0.0009,0.000425,2.1195,False,0.461467,unrated
energy transfer,energy transfer,,False,sunscreen,2025-04,5,5,36,0.001307,0.000218,5.99,False,0.573282,unrated
environmental toxicology,environmental toxicology,,False,sunscreen,2023-09,5,4,36,0.00105,0.000546,1.9245,False,0.446604,unrated
epidermoid carcinoma,epidermoid carcinoma,,False,sunscreen,2024-05,5,4,36,0.001555,0.000262,5.9349,False,0.412936,unrated
epidermolysis bullosa,epidermolysis bullosa,,False,sunscreen,2025-04,5,4,36,0.001404,0.000218,6.4375,False,0.42713,unrated
estimation,estimation,,False,sunscreen,2025-03,5,3,36,0.000784,0.000731,1.0715,False,0.571121,unrated
euglena,euglena,,False,sunscreen,2025-05,5,3,36,0.001442,0.000225,6.4022,False,0.655766,unrated
excretion,excretion,,False,sunscreen,2024-01,5,5,36,0.000371,0.00091,0.4078,False,0.44898,unrated
exploratory research,exploratory research,,False,sunscreen,2025-01,5,5,36,0.00087,0.000371,2.3458,False,0.404532,unrated
extreme environment,extreme environment,,False,sunscreen,2024-02,5,4,36,0.00132,0.000344,3.8327,False,0.703486,unrated
extremophile,extremophile,,False,sunscreen,2024-01,5,5,36,0.001121,0.000402,2.7893,False,0.919747,unrated
fiber,fiber,,False,sunscreen,2023-09,5,4,36,0.000969,0.000432,2.2428,False,0.436365,unrated
fibroin,fibroin,,False,sunscreen,2023-10,5,5,36,0.000285,0.000982,0.2901,False,0.482759,unrated
filtration (mathematics),filtration (mathematics),,False,sunscreen,2025-06,5,3,36,0.000742,0.00061,1.2156,False,0.44898,unrated
flavor,flavor,,False,sunscreen,2023-12,5,4,36,0.000966,0.000514,1.8786,False,0.439704,unrated
fluorescence spectroscopy,fluorescence spectroscopy,,False,sunscreen,2024-06,5,4,36,0.000538,0.00069,0.7791,False,0.494083,unrated
gelatin,gelatin,,False,sunscreen,2024-03,5,4,36,0.001206,0.000306,3.9355,False,0.372736,unrated
gene expression profiling,gene expression profiling,,False,sunscreen,2024-12,5,4,36,0.000928,0.000424,2.1863,False,0.394923,unrated
gene regulatory network,gene regulatory network,,False,sunscreen,2023-10,5,5,36,0.001335,0.000272,4.9007,False,0.559448,unrated
glycyrrhiza,glycyrrhiza,,False,sunscreen,2023-11,5,4,36,0.000538,0.000802,0.671,False,0.494083,unrated
groundwater,groundwater,,False,sunscreen,2024-03,5,4,36,0.000392,0.001144,0.3426,False,0.782328,unrated
habit,habit,,False,sunscreen,2023-10,5,5,36,0.000951,0.000374,2.5409,False,0.615374,unrated
hair dyes,hair dyes,,False,sunscreen,2025-01,5,4,36,0.000696,0.000473,1.472,False,0.670112,unrated
health behavior,health behavior,,False,sunscreen,2023-11,5,4,36,0.000538,0.000827,0.6506,False,0.494083,unrated
hesperidin,hesperidin,,False,sunscreen,2025-03,5,5,36,0.000227,0.000671,0.3387,False,0.95625,unrated
heterologous expression,heterologous expression,,False,sunscreen,2024-01,5,4,36,0.000285,0.000506,0.5633,False,0.482759,unrated
homeostasis,homeostasis,,False,sunscreen,2025-10,5,5,36,0.001556,0.0,,False,0.701044,unrated
homogeneity (statistics),homogeneity (statistics),,False,sunscreen,2023-12,5,5,36,0.000227,0.00081,0.2805,False,0.42375,unrated
human use,human use,,False,sunscreen,2024-01,5,5,36,0.001323,0.000118,11.1725,False,0.437906,unrated
hyperspectral imaging,hyperspectral imaging,,False,sunscreen,2023-11,5,5,36,0.000953,0.000518,1.8397,False,0.73529,unrated
identity (music),identity (music),,False,sunscreen,2025-01,5,5,36,0.001038,0.000291,3.572,False,0.363588,unrated
inflammasome,inflammasome,,False,sunscreen,2023-09,5,5,36,0.000582,0.000871,0.668,False,0.459517,unrated
investment (military),investment (military),,False,sunscreen,2023-09,5,4,36,0.000823,0.000546,1.5083,False,0.488421,unrated
islam,islam,,False,sunscreen,2024-09,5,5,36,0.000227,0.000882,0.2578,False,0.42375,unrated
janus kinase,janus kinase,,False,sunscreen,2024-08,5,4,36,0.000752,0.000546,1.377,False,0.547512,unrated
json,json,,False,sunscreen,2026-01,5,1,36,0.001136,0.0,,True,0.42375,unrated
juvenile,juvenile,,False,sunscreen,2024-01,5,5,36,0.001242,0.00042,2.956,False,0.537838,unrated
kidney transplantation,kidney transplantation,,False,sunscreen,2025-04,5,4,36,0.000848,0.000443,1.9122,False,0.405561,unrated
kraft paper,kraft paper,,False,sunscreen,2024-06,5,4,36,0.000823,0.00056,1.4688,False,0.640271,unrated
lavender oil,lavender oil,,False,sunscreen,2025-10,5,4,36,0.001631,0.0,,True,0.405007,unrated
longevity,longevity,,False,sunscreen,2025-06,5,3,36,0.001417,0.000194,7.3115,False,0.603884,unrated
luminosity,luminosity,,False,sunscreen,2023-10,5,5,36,0.000769,0.000581,1.3247,False,0.642232,unrated
lung cancer,lung cancer,,False,sunscreen,2024-05,5,3,36,0.000285,0.000888,0.3208,False,0.482759,unrated
male gender,male gender,,False,sunscreen,2024-12,5,3,36,0.001303,0.000206,6.3158,False,0.362934,unrated
mangrove,mangrove,,False,sunscreen,2024-09,5,5,36,0.000582,0.00056,1.0399,False,0.459517,unrated
mediator,mediator,,False,sunscreen,2024-01,5,5,36,0.001218,0.000118,10.2855,False,0.581302,unrated
medicinal chemistry,medicinal chemistry,,False,sunscreen,2024-03,5,5,36,0.0,0.001264,0.0,False,,unrated
melanosis,melanosis,,False,sunscreen,2023-12,5,5,36,0.000913,0.000602,1.5185,False,0.445166,unrated
mercury (programming language),mercury (programming language),,False,sunscreen,2025-05,5,3,36,0.000702,0.000676,1.0391,False,0.594633,unrated
metabolome,metabolome,,False,sunscreen,2023-12,5,5,36,0.000358,0.000943,0.3796,False,0.962598,unrated
methacrylate,methacrylate,,False,sunscreen,2024-06,5,3,36,0.001606,0.000233,6.9008,False,0.324754,unrated
methyl methacrylate,methyl methacrylate,,False,sunscreen,2024-06,5,3,36,0.001606,0.000233,6.9008,False,0.324754,unrated
methylparaben,methylparaben,,False,sunscreen,2025-07,5,5,36,0.001316,0.000189,6.9789,False,0.497273,unrated
microbial population biology,microbial population biology,,False,sunscreen,2024-01,5,5,36,0.000769,0.000613,1.2543,False,0.478204,unrated
micronucleus test,micronucleus test,,False,sunscreen,2023-09,5,4,36,0.0,0.001147,0.0,False,,unrated
monoclinic crystal system,monoclinic crystal system,,False,sunscreen,2024-07,5,5,36,0.00101,0.000386,2.6187,False,0.387441,unrated
morning,morning,,False,sunscreen,2024-05,5,4,36,0.000722,0.000713,1.0126,False,0.338483,unrated
mortality rate,mortality rate,,False,sunscreen,2024-07,5,3,36,0.001313,0.000283,4.6318,False,0.420708,unrated
motility,motility,,False,sunscreen,2024-02,5,5,36,0.000269,0.000964,0.2789,False,0.494083,unrated
multicenter study,multicenter study,,False,sunscreen,2023-11,5,3,36,0.001473,0.000285,5.1604,False,0.398095,unrated
musa × paradisiaca,musa × paradisiaca,,False,sunscreen,2023-10,5,5,36,0.000729,0.000834,0.8745,False,0.378034,unrated
nanogel,nanogel,,False,sunscreen,2025-03,5,4,36,0.001155,0.000494,2.3375,False,0.404447,unrated
natural rubber,natural rubber,,False,sunscreen,2024-01,5,5,36,0.000496,0.000708,0.7007,False,0.458917,unrated
neoxanthin,neoxanthin,,False,sunscreen,2025-05,5,5,36,0.001169,0.000225,5.1899,False,0.42536,unrated
nickel,nickel,,False,sunscreen,2025-01,5,4,36,0.000639,0.000473,1.3499,False,0.641671,unrated
nicotiana tabacum,nicotiana tabacum,,False,sunscreen,2023-11,5,4,36,0.00031,0.000994,0.312,False,0.829352,unrated
nose,nose,,False,sunscreen,2024-05,5,5,36,0.000702,0.000776,0.9052,False,0.373643,unrated
oxygen radical absorbance capacity,oxygen radical absorbance capacity,,False,sunscreen,2023-09,5,4,36,0.000598,0.000773,0.7744,False,0.436365,unrated
ozone layer,ozone layer,,False,sunscreen,2024-01,5,5,36,0.001072,0.000425,2.5243,False,0.381197,unrated
pandemic,pandemic,,False,sunscreen,2023-10,5,5,36,0.0,0.001411,0.0,False,,unrated
passiflora,passiflora,,False,sunscreen,2024-08,5,3,36,0.000891,0.000546,1.6329,False,0.436275,unrated
pathophysiology,pathophysiology,,False,sunscreen,2025-01,5,4,36,0.000752,0.000296,2.54,False,0.675111,unrated
patient education,patient education,,False,sunscreen,2023-11,5,5,36,0.001151,0.000285,4.0342,False,0.415299,unrated
patient safety,patient safety,,False,sunscreen,2025-08,5,5,36,0.001233,0.000208,5.9162,False,0.56011,unrated
pedagogy,pedagogy,,False,sunscreen,2024-02,5,5,36,0.0,0.001302,0.0,False,,unrated
pentose,pentose,,False,sunscreen,2023-10,5,5,36,0.000668,0.000792,0.8441,False,0.442628,unrated
peroxidase,peroxidase,,False,sunscreen,2024-03,5,5,36,0.000782,0.000513,1.5264,False,0.369286,unrated
personal protective equipment,personal protective equipment,,False,sunscreen,2024-06,5,5,36,0.001188,0.000233,5.1048,False,0.650799,unrated
persuasion,persuasion,,False,sunscreen,2024-02,5,5,36,0.000392,0.000942,0.4159,False,0.359914,unrated
pharmaceutical technology,pharmaceutical technology,,False,sunscreen,2023-09,5,5,36,0.000705,0.000657,1.0728,False,0.451512,unrated
pharmacist,pharmacist,,False,sunscreen,2023-11,5,5,36,0.000851,0.000687,1.2377,False,0.342864,unrated
phosphate,phosphate,,False,sunscreen,2024-05,5,5,36,0.000724,0.000553,1.3102,False,0.439447,unrated
photochemical reflectance index,photochemical reflectance index,,False,sunscreen,2024-01,5,5,36,0.00103,0.00022,4.6733,False,0.547043,unrated
photomorphogenesis,photomorphogenesis,,False,sunscreen,2023-09,5,3,36,0.000891,0.000506,1.7624,False,0.436275,unrated
phototroph,phototroph,,False,sunscreen,2024-03,5,5,36,0.000607,0.000615,0.988,False,0.411824,unrated
phylogenetics,phylogenetics,,False,sunscreen,2023-09,5,5,36,0.000595,0.000641,0.9293,False,0.435065,unrated
physical medicine and rehabilitation,physical medicine and rehabilitation,,False,sunscreen,2024-06,5,5,36,0.000358,0.000778,0.4599,False,0.307087,unrated
phytochemistry,phytochemistry,,False,sunscreen,2023-09,5,2,36,0.001337,0.000244,5.4866,False,0.454044,unrated
phytoene,phytoene,,False,sunscreen,2024-01,5,4,36,0.000821,0.000307,2.6765,False,0.696263,unrated
pirfenidone,pirfenidone,,False,sunscreen,2024-09,5,5,36,0.001082,0.000342,3.1679,False,0.549111,unrated
plastic pollution,plastic pollution,,False,sunscreen,2025-05,5,3,36,0.000621,0.000659,0.9419,False,0.387372,unrated
polar,polar,,False,sunscreen,2024-11,5,5,36,0.000297,0.000809,0.3673,False,0.926471,unrated
polycystic ovary,polycystic ovary,,False,sunscreen,2023-10,5,5,36,0.000851,0.000609,1.3969,False,0.65395,unrated
polyurethane,polyurethane,,False,sunscreen,2024-02,5,5,36,0.000769,0.000913,0.8428,False,0.29834,unrated
porphyra,porphyra,,False,sunscreen,2024-06,5,4,36,0.000668,0.000633,1.0563,False,0.703125,unrated
position (finance),position (finance),,False,sunscreen,2024-05,5,4,36,0.000538,0.000466,1.1528,False,0.640561,unrated
primary (astronomy),primary (astronomy),,False,sunscreen,2024-01,5,5,36,0.000358,0.000797,0.4491,False,0.307087,unrated
product category,product category,,False,sunscreen,2025-12,5,2,36,0.001302,0.0,,True,0.405561,unrated
public relations,public relations,,False,sunscreen,2024-05,5,5,36,0.0,0.00125,0.0,False,,unrated
qualitative analysis,qualitative analysis,,False,sunscreen,2025-01,5,5,36,0.001347,0.000102,13.1879,False,0.40089,unrated
quality standard,quality standard,,False,sunscreen,2024-12,5,4,36,0.00088,0.000395,2.2297,False,0.435065,unrated
quechers,quechers,,False,sunscreen,2025-05,5,5,36,0.001351,0.000225,6.0005,False,0.476861,unrated
raw data,raw data,,False,sunscreen,2025-09,5,3,36,0.001548,0.0,,True,0.392406,unrated
reaction rate constant,reaction rate constant,,False,sunscreen,2023-09,5,5,36,0.000285,0.001023,0.2785,False,0.482759,unrated
reagent,reagent,,False,sunscreen,2024-01,5,4,36,0.000227,0.000541,0.4203,False,0.42375,unrated
refractive index,refractive index,,False,sunscreen,2023-09,5,5,36,0.000924,0.000529,1.7459,False,0.587992,unrated
relevance (law),relevance (law),,False,sunscreen,2025-01,5,4,36,0.001118,0.000404,2.7668,False,0.406979,unrated
reliability engineering,reliability engineering,,False,sunscreen,2024-12,5,4,36,0.000358,0.000599,0.5975,False,0.94685,unrated
reproductive toxicity,reproductive toxicity,,False,sunscreen,2025-05,5,3,36,0.001485,0.000225,6.5943,False,0.29834,unrated
research methodology,research methodology,,False,sunscreen,2024-10,5,3,36,0.001404,0.000274,5.1227,False,0.373643,unrated
residence,residence,,False,sunscreen,2023-09,5,4,36,0.0,0.001277,0.0,False,,unrated
residue (chemistry),residue (chemistry),,False,sunscreen,2023-11,5,5,36,0.000831,0.00073,1.1388,False,0.608701,unrated
respondent,respondent,,False,sunscreen,2024-01,5,4,36,0.000872,0.000118,7.3672,False,0.474063,unrated
safety profile,safety profile,,False,sunscreen,2025-06,5,4,36,0.00093,0.000402,2.312,False,0.711481,unrated
scopus,scopus,,False,sunscreen,2024-08,5,5,36,0.000512,0.000615,0.8333,False,0.453255,unrated
seborrheic keratosis,seborrheic keratosis,,False,sunscreen,2024-05,5,5,36,0.000782,0.000778,1.0053,False,0.369286,unrated
semiotics,semiotics,,False,sunscreen,2023-11,5,5,36,0.000681,0.000656,1.0381,False,0.639166,unrated
series (stratigraphy),series (stratigraphy),,False,sunscreen,2024-06,5,3,36,0.0,0.000813,0.0,False,,unrated
sewage,sewage,,False,sunscreen,2023-11,5,4,36,0.000655,0.000915,0.7157,False,0.567547,unrated
sewage sludge,sewage sludge,,False,sunscreen,2023-11,5,4,36,0.000989,0.000571,1.733,False,0.529713,unrated
silicon,silicon,,False,sunscreen,2024-02,5,5,36,0.000496,0.000744,0.6667,False,0.458917,unrated
silicone,silicone,,False,sunscreen,2023-09,5,5,36,0.000269,0.001034,0.26,False,0.494083,unrated
single center,single center,,False,sunscreen,2024-02,5,5,36,0.000358,0.001035,0.3459,False,0.307087,unrated
sky,sky,,False,sunscreen,2023-10,5,4,36,0.000621,0.000498,1.2472,False,0.608362,unrated
snow,snow,,False,sunscreen,2023-11,5,5,36,0.000269,0.001144,0.2351,False,0.494083,unrated
sodium,sodium,,False,sunscreen,2023-11,5,5,36,0.000512,0.000685,0.7474,False,0.688254,unrated
sonication,sonication,,False,sunscreen,2023-10,5,4,36,0.000765,0.000461,1.6603,False,0.458917,unrated
specific leaf area,specific leaf area,,False,sunscreen,2023-11,5,4,36,0.001087,0.000592,1.8368,False,0.378034,unrated
spectral analysis,spectral analysis,,False,sunscreen,2024-03,5,5,36,0.000708,0.000721,0.9823,False,0.445109,unrated
spectral line,spectral line,,False,sunscreen,2023-12,5,5,36,0.000566,0.000376,1.5072,False,0.465179,unrated
spirulina (dietary supplement),spirulina (dietary supplement),,False,sunscreen,2025-01,5,4,36,0.000896,0.000291,3.0816,False,0.438897,unrated
standard of care,standard of care,,False,sunscreen,2025-12,5,3,36,0.001442,0.0,,True,0.415799,unrated
stratified sampling,stratified sampling,,False,sunscreen,2025-07,5,3,36,0.001411,0.000189,7.4813,False,0.451512,unrated
stromal cell,stromal cell,,False,sunscreen,2024-10,5,5,36,0.000708,0.000737,0.9616,False,0.362934,unrated
subject (documents),subject (documents),,False,sunscreen,2023-10,5,4,36,0.001106,0.000391,2.8298,False,0.525281,unrated
sunflower,sunflower,,False,sunscreen,2024-01,5,5,36,0.000708,0.000515,1.3744,False,0.675786,unrated
tautomer,tautomer,,False,sunscreen,2024-09,5,4,36,0.00106,0.000342,3.1024,False,0.62243,unrated
tazarotene,tazarotene,,False,sunscreen,2023-12,5,5,36,0.000334,0.001018,0.3282,False,0.454044,unrated
telomere,telomere,,False,sunscreen,2025-01,5,5,36,0.000949,0.000327,2.8989,False,0.527538,unrated
ternary operation,ternary operation,,False,sunscreen,2023-10,5,5,36,0.000227,0.000922,0.2465,False,0.42375,unrated
the internet,the internet,,False,sunscreen,2023-12,5,5,36,0.000512,0.000451,1.1359,False,0.453255,unrated
thermal decomposition,thermal decomposition,,False,sunscreen,2023-10,5,4,36,0.000285,0.000685,0.4161,False,0.482759,unrated
threatened species,threatened species,,False,sunscreen,2023-10,5,4,36,0.000846,0.000481,1.7608,False,0.509332,unrated
training set,training set,,False,sunscreen,2025-12,5,4,36,0.001203,0.0,,False,0.598867,unrated
triethanolamine,triethanolamine,,False,sunscreen,2023-11,5,5,36,0.000358,0.000853,0.4196,False,0.698819,unrated
trypan blue,trypan blue,,False,sunscreen,2024-01,5,5,36,0.000702,0.000576,1.2194,False,0.58485,unrated
tumor necrosis factor alpha,tumor necrosis factor alpha,,False,sunscreen,2023-10,5,4,36,0.0,0.001053,0.0,False,,unrated
ultra violet,ultra violet,,False,sunscreen,2025-01,5,4,36,0.000538,0.000296,1.8178,False,0.494083,unrated
ulva lactuca,ulva lactuca,,False,sunscreen,2024-12,5,5,36,0.000692,0.000777,0.8907,False,0.380566,unrated
univariate,univariate,,False,sunscreen,2025-12,5,3,36,0.001857,0.0,,True,0.412517,unrated
urbanization,urbanization,,False,sunscreen,2023-11,5,3,36,0.00128,0.000285,4.4853,False,0.59296,unrated
viral marketing,viral marketing,,False,sunscreen,2025-01,5,5,36,0.001136,0.00032,3.5453,False,0.54328,unrated
water pollutants,water pollutants,,False,sunscreen,2023-12,5,5,36,0.000439,0.000802,0.5475,False,0.396135,unrated
wetting,wetting,,False,sunscreen,2024-06,5,4,36,0.000789,0.000451,1.749,False,0.438897,unrated
wildlife,wildlife,,False,sunscreen,2024-06,5,3,36,0.0015,0.000233,6.4416,False,0.463422,unrated
window (computing),window (computing),,False,sunscreen,2026-04,5,3,36,0.001178,0.0,,False,0.471531,unrated
xenobiotic,xenobiotic,,False,sunscreen,2024-01,5,5,36,0.000782,0.000483,1.6215,False,0.369286,unrated
xylem,xylem,,False,sunscreen,2024-10,5,4,36,0.000603,0.000478,1.2609,False,0.723144,unrated
zinc compounds,zinc compounds,,False,sunscreen,2025-12,5,3,36,0.001158,0.0,,False,0.479225,unrated
zostera,zostera,,False,sunscreen,2023-12,5,5,36,0.000823,0.000359,2.2891,False,0.57862,unrated
abelmoschus,abelmoschus,,False,sunscreen,2024-01,4,2,36,0.0,0.000614,0.0,False,,unrated
abiogenesis,abiogenesis,,False,sunscreen,2025-06,4,2,36,0.001318,0.000194,6.7988,False,0.396135,unrated
acetylcholinesterase,acetylcholinesterase,,False,sunscreen,2023-11,4,4,36,0.000909,0.000285,3.184,False,0.744861,unrated
achillea millefolium,achillea millefolium,,False,sunscreen,2024-01,4,4,36,0.000392,0.000643,0.6094,False,0.877155,unrated
active carbon,active carbon,,False,sunscreen,2025-12,4,4,36,0.001418,0.0,,False,0.417191,unrated
adaptability,adaptability,,False,sunscreen,2025-10,4,4,36,0.00139,0.0,,False,0.543285,unrated
adventure,adventure,,False,sunscreen,2025-11,4,2,36,0.000784,0.0,,False,0.359914,unrated
aerospace engineering,aerospace engineering,,False,sunscreen,2023-10,4,4,36,0.0,0.000999,0.0,False,,unrated
agar,agar,,False,sunscreen,2024-05,4,3,36,0.001053,0.000262,4.0174,False,0.426999,unrated
agonist,agonist,,False,sunscreen,2024-01,4,4,36,0.000726,0.000425,1.7092,False,0.618186,unrated
agricultural engineering,agricultural engineering,,False,sunscreen,2024-01,4,4,36,0.0,0.00091,0.0,False,,unrated
agricultural waste,agricultural waste,,False,sunscreen,2025-08,4,2,36,0.000682,0.000208,3.2727,False,0.42375,unrated
agroforestry,agroforestry,,False,sunscreen,2023-12,4,3,36,0.0,0.00101,0.0,False,,unrated
alcohol consumption,alcohol consumption,,False,sunscreen,2023-12,4,4,36,0.000285,0.000638,0.447,False,0.482759,unrated
amazon rainforest,amazon rainforest,,False,sunscreen,2025-01,4,3,36,0.000708,0.000204,3.4672,False,0.445109,unrated
amphiphile,amphiphile,,False,sunscreen,2023-11,4,4,36,0.000782,0.000492,1.5916,False,0.610236,unrated
annealing (glass),annealing (glass),,False,sunscreen,2024-01,4,4,36,0.000297,0.000612,0.4851,False,0.436275,unrated
anthropometry,anthropometry,,False,sunscreen,2024-06,4,4,36,0.000392,0.000723,0.5423,False,0.359914,unrated
antibacterial agent,antibacterial agent,,False,sunscreen,2024-05,4,4,36,0.001032,0.000262,3.938,False,0.434326,unrated
aperture (computer memory),aperture (computer memory),,False,sunscreen,2024-11,4,3,36,0.000823,0.000238,3.4556,False,0.289593,unrated
aposematism,aposematism,,False,sunscreen,2023-09,4,4,36,0.000392,0.000668,0.5862,False,0.359914,unrated
architectural engineering,architectural engineering,,False,sunscreen,2023-11,4,4,36,0.0,0.000869,0.0,False,,unrated
aroma,aroma,,False,sunscreen,2023-12,4,3,36,0.000619,0.000514,1.2035,False,0.391832,unrated
artificial neural network,artificial neural network,,False,sunscreen,2024-09,4,4,36,0.000993,0.000239,4.1488,False,0.566274,unrated
aryl hydrocarbon receptor,aryl hydrocarbon receptor,,False,sunscreen,2024-01,4,4,36,0.000773,0.000358,2.1612,False,0.42509,unrated
asymptomatic,asymptomatic,,False,sunscreen,2025-10,4,3,36,0.001654,0.0,,False,0.502332,unrated
attractiveness,attractiveness,,False,sunscreen,2025-08,4,4,36,0.000987,0.000208,4.738,False,0.410015,unrated
audit,audit,,False,sunscreen,2025-06,4,3,36,0.000538,0.000194,2.7757,False,0.494083,unrated
autoantibody,autoantibody,,False,sunscreen,2023-10,4,2,36,0.000878,0.000545,1.6127,False,0.396135,unrated
autotroph,autotroph,,False,sunscreen,2024-08,4,4,36,0.000859,0.000306,2.8023,False,0.438023,unrated
azelaic acid,azelaic acid,,False,sunscreen,2024-03,4,4,36,0.001079,0.000306,3.5227,False,0.600184,unrated
bamboo,bamboo,,False,sunscreen,2024-01,4,4,36,0.000661,0.000425,1.5558,False,0.685619,unrated
bathing,bathing,,False,sunscreen,2025-01,4,4,36,0.00068,0.000371,1.8341,False,0.571702,unrated
beer–lambert law,beer–lambert law,,False,sunscreen,2024-06,4,2,36,0.0,0.000902,0.0,False,,unrated
beeswax,beeswax,,False,sunscreen,2024-06,4,3,36,0.0,0.000862,0.0,False,,unrated
betalain,betalain,,False,sunscreen,2025-11,4,3,36,0.001371,0.0,,False,0.400443,unrated
binary number,binary number,,False,sunscreen,2024-06,4,3,36,0.000878,0.000507,1.7328,False,0.919082,unrated
biological pest control,biological pest control,,False,sunscreen,2024-08,4,4,36,0.000561,0.000513,1.0953,False,0.673897,unrated
biological pigment,biological pigment,,False,sunscreen,2023-09,4,3,36,0.000668,0.000482,1.3876,False,0.454044,unrated
biomagnification,biomagnification,,False,sunscreen,2024-07,4,3,36,0.000297,0.000762,0.3897,False,0.436275,unrated
biomolecule,biomolecule,,False,sunscreen,2023-09,4,4,36,0.000227,0.000346,0.6573,False,0.42375,unrated
biopharmaceutical,biopharmaceutical,,False,sunscreen,2025-01,4,4,36,0.000964,0.000102,9.435,False,0.41872,unrated
black tea,black tea,,False,sunscreen,2024-03,4,4,36,0.000227,0.000738,0.308,False,0.42375,unrated
bovine serum albumin,bovine serum albumin,,False,sunscreen,2024-03,4,4,36,0.00031,0.000817,0.3799,False,0.991468,unrated
box–behnken design,box–behnken design,,False,sunscreen,2025-01,4,3,36,0.000594,0.00032,1.8551,False,0.436275,unrated
brackish water,brackish water,,False,sunscreen,2024-01,4,3,36,0.000358,0.000431,0.8313,False,0.307087,unrated
branchiopoda,branchiopoda,,False,sunscreen,2024-09,4,4,36,0.000227,0.000815,0.2787,False,0.42375,unrated
brand extension,brand extension,,False,sunscreen,2024-01,4,4,36,0.000358,0.000565,0.6337,False,0.307087,unrated
butterfly,butterfly,,False,sunscreen,2024-10,4,4,36,0.000746,0.000492,1.5144,False,0.371818,unrated
caffeine,caffeine,,False,sunscreen,2023-09,4,4,36,0.000227,0.000739,0.3077,False,0.42375,unrated
calcineurin,calcineurin,,False,sunscreen,2025-01,4,4,36,0.001084,0.000102,10.6136,False,0.539736,unrated
calcitriol receptor,calcitriol receptor,,False,sunscreen,2025-06,4,4,36,0.000851,0.000194,4.3918,False,0.471039,unrated
calixarene,calixarene,,False,sunscreen,2023-11,4,3,36,0.0,0.001114,0.0,False,,unrated
cancer therapy,cancer therapy,,False,sunscreen,2025-09,4,4,36,0.001204,0.0,,False,0.71785,unrated
categorization,categorization,,False,sunscreen,2024-12,4,3,36,0.001189,0.000206,5.7631,False,0.391753,unrated
cationic polymerization,cationic polymerization,,False,sunscreen,2023-12,4,4,36,0.000285,0.000568,0.5021,False,0.482759,unrated
ceramic,ceramic,,False,sunscreen,2024-01,4,4,36,0.000334,0.000427,0.7831,False,0.454044,unrated
chemical safety,chemical safety,,False,sunscreen,2025-04,4,1,36,0.0,0.000873,0.0,False,,unrated
chloroform,chloroform,,False,sunscreen,2023-09,4,4,36,0.000411,0.000432,0.9518,False,0.289593,unrated
chlorophyceae,chlorophyceae,,False,sunscreen,2024-01,4,4,36,0.000655,0.00022,2.9705,False,0.567547,unrated
cholecalciferol,cholecalciferol,,False,sunscreen,2024-11,4,4,36,0.000689,0.000507,1.359,False,0.609302,unrated
chromoplast,chromoplast,,False,sunscreen,2023-09,4,4,36,0.0,0.000769,0.0,False,,unrated
classifier (uml),classifier (uml),,False,sunscreen,2025-01,4,3,36,0.000966,0.000102,9.4545,False,0.44516,unrated
clinical endpoint,clinical endpoint,,False,sunscreen,2024-04,4,3,36,0.000668,0.000304,2.198,False,0.454044,unrated
cnidaria,cnidaria,,False,sunscreen,2025-12,4,4,36,0.001247,0.0,,False,0.441678,unrated
code of practice,code of practice,,False,sunscreen,2025-11,4,2,36,0.001662,0.0,,False,0.378024,unrated
coffea arabica,coffea arabica,,False,sunscreen,2023-12,4,4,36,0.00031,0.000684,0.4537,False,0.912969,unrated
collagenase,collagenase,,False,sunscreen,2024-06,4,4,36,0.000285,0.000779,0.366,False,0.482759,unrated
colloidal gold,colloidal gold,,False,sunscreen,2024-02,4,4,36,0.000929,0.000344,2.699,False,0.537672,unrated
combinatorics,combinatorics,,False,sunscreen,2025-01,4,3,36,0.0,0.000704,0.0,False,,unrated
communication,communication,,False,sunscreen,2024-04,4,3,36,0.0,0.000899,0.0,False,,unrated
compounding,compounding,,False,sunscreen,2023-11,4,4,36,0.000965,0.000285,3.3828,False,0.422145,unrated
comprehension,comprehension,,False,sunscreen,2025-01,4,4,36,0.000538,0.000371,1.4491,False,0.626551,unrated
condensation,condensation,,False,sunscreen,2025-07,4,2,36,0.000807,0.000189,4.2797,False,0.494083,unrated
consumerism,consumerism,,False,sunscreen,2025-01,4,3,36,0.000724,0.000102,7.0849,False,0.458917,unrated
contact angle,contact angle,,False,sunscreen,2023-12,4,4,36,0.000746,0.000359,2.0748,False,0.551683,unrated
copepod,copepod,,False,sunscreen,2025-04,4,2,36,0.0,0.000784,0.0,False,,unrated
cornea,cornea,,False,sunscreen,2024-01,4,4,36,0.00083,0.000118,7.0155,False,0.457292,unrated
correlation,correlation,,False,sunscreen,2024-05,4,4,36,0.000334,0.000676,0.4945,False,0.454044,unrated
correlation coefficient,correlation coefficient,,False,sunscreen,2026-01,4,4,36,0.00123,0.0,,False,0.440762,unrated
covalent bond,covalent bond,,False,sunscreen,2024-06,4,4,36,0.000371,0.000743,0.4994,False,0.44898,unrated
craft,craft,,False,sunscreen,2025-01,4,2,36,0.000682,0.000102,6.6763,False,0.42375,unrated
crocin,crocin,,False,sunscreen,2023-11,4,4,36,0.0,0.000731,0.0,False,,unrated
cryotherapy,cryotherapy,,False,sunscreen,2023-11,4,4,36,0.000439,0.000831,0.5286,False,0.966184,unrated
customer engagement,customer engagement,,False,sunscreen,2024-01,4,4,36,0.000627,0.000312,2.0083,False,0.400585,unrated
cysteamine,cysteamine,,False,sunscreen,2023-09,4,4,36,0.0,0.000922,0.0,False,,unrated
cysteine,cysteine,,False,sunscreen,2024-08,4,3,36,0.000879,0.000306,2.8696,False,0.582066,unrated
cytochrome p450,cytochrome p450,,False,sunscreen,2024-05,4,3,36,0.000784,0.00047,1.6662,False,0.947198,unrated
database,database,,False,sunscreen,2023-09,4,4,36,0.0,0.000879,0.0,False,,unrated
daylighting,daylighting,,False,sunscreen,2026-01,4,3,36,0.000821,0.0,,False,0.430013,unrated
decoction,decoction,,False,sunscreen,2024-12,4,4,36,0.000677,0.000424,1.5947,False,0.421337,unrated
deoxyribose,deoxyribose,,False,sunscreen,2023-11,4,2,36,0.001318,0.000285,4.6169,False,0.396135,unrated
descriptive research,descriptive research,,False,sunscreen,2025-09,4,4,36,0.001167,0.0,,False,0.412468,unrated
developmental toxicity,developmental toxicity,,False,sunscreen,2023-10,4,4,36,0.000269,0.000766,0.3512,False,0.494083,unrated
differential (mechanical device),differential (mechanical device),,False,sunscreen,2024-07,4,4,36,0.000371,0.000594,0.6248,False,0.44898,unrated
diffusion,diffusion,,False,sunscreen,2025-04,4,4,36,0.000639,0.000443,1.4404,False,0.356672,unrated
dipeptide,dipeptide,,False,sunscreen,2025-04,4,3,36,0.000269,0.00063,0.4269,False,0.494083,unrated
disinfectant,disinfectant,,False,sunscreen,2023-12,4,4,36,0.0,0.001053,0.0,False,,unrated
dominance (genetics),dominance (genetics),,False,sunscreen,2023-10,4,4,36,0.000439,0.000795,0.5527,False,0.396135,unrated
dress code,dress code,,False,sunscreen,2025-11,4,2,36,0.001662,0.0,,False,0.378024,unrated
ecological niche,ecological niche,,False,sunscreen,2025-09,4,4,36,0.001216,0.0,,False,0.678793,unrated
ecological study,ecological study,,False,sunscreen,2024-05,4,2,36,0.001003,0.000262,3.8262,False,0.454044,unrated
edible oil,edible oil,,False,sunscreen,2025-06,4,4,36,0.000631,0.000382,1.6511,False,0.44516,unrated
efficient energy use,efficient energy use,,False,sunscreen,2025-09,4,3,36,0.001179,0.0,,False,0.519615,unrated
ejecta,ejecta,,False,sunscreen,2023-09,4,4,36,0.000358,0.000812,0.4407,False,0.307087,unrated
elastin,elastin,,False,sunscreen,2025-04,4,4,36,0.000644,0.000218,2.954,False,0.420708,unrated
electron,electron,,False,sunscreen,2024-07,4,3,36,0.000742,0.000502,1.4794,False,0.44898,unrated
electronic engineering,electronic engineering,,False,sunscreen,2023-12,4,4,36,0.0,0.000891,0.0,False,,unrated
electrospray ionization,electrospray ionization,,False,sunscreen,2024-03,4,4,36,0.001047,0.000306,3.4168,False,0.540987,unrated
embedded system,embedded system,,False,sunscreen,2024-03,4,4,36,0.0,0.000933,0.0,False,,unrated
embryogenesis,embryogenesis,,False,sunscreen,2024-03,4,4,36,0.000989,0.000306,3.2287,False,0.572364,unrated
energy conversion efficiency,energy conversion efficiency,,False,sunscreen,2023-09,4,4,36,0.000935,0.000244,3.8391,False,0.77969,unrated
enol,enol,,False,sunscreen,2024-04,4,4,36,0.00031,0.000847,0.3663,False,0.829352,unrated
epidermal growth factor receptor,epidermal growth factor receptor,,False,sunscreen,2024-05,4,4,36,0.000595,0.000364,1.6346,False,0.720901,unrated
epiphyte,epiphyte,,False,sunscreen,2024-08,4,4,36,0.000585,0.000525,1.1156,False,0.561284,unrated
estrogen receptor,estrogen receptor,,False,sunscreen,2024-02,4,4,36,0.000392,0.000889,0.4408,False,0.359914,unrated
ethylene glycol,ethylene glycol,,False,sunscreen,2023-12,4,4,36,0.0,0.001114,0.0,False,,unrated
eucalyptus,eucalyptus,,False,sunscreen,2024-10,4,3,36,0.0,0.001056,0.0,False,,unrated
extinction (optical mineralogy),extinction (optical mineralogy),,False,sunscreen,2026-02,4,2,36,0.001473,0.0,,False,0.677678,unrated
eye irritation,eye irritation,,False,sunscreen,2025-10,4,3,36,0.001234,0.0,,False,0.611436,unrated
eye protection,eye protection,,False,sunscreen,2025-01,4,4,36,0.000937,0.000102,9.1768,False,0.569409,unrated
facial rejuvenation,facial rejuvenation,,False,sunscreen,2024-05,4,4,36,0.000603,0.000364,1.6563,False,0.724063,unrated
fatty liver,fatty liver,,False,sunscreen,2024-10,4,3,36,0.000823,0.000543,1.5153,False,0.573529,unrated
ficus,ficus,,False,sunscreen,2023-10,4,4,36,0.000227,0.000792,0.2868,False,0.42375,unrated
food industry,food industry,,False,sunscreen,2024-07,4,4,36,0.000603,0.000386,1.5643,False,0.474063,unrated
forearm,forearm,,False,sunscreen,2026-02,4,4,36,0.001327,0.0,,False,0.581296,unrated
fortification,fortification,,False,sunscreen,2023-09,4,4,36,0.0,0.00098,0.0,False,,unrated
gene family,gene family,,False,sunscreen,2023-09,4,4,36,0.000358,0.000803,0.4458,False,0.307087,unrated
genome wide association study,genome wide association study,,False,sunscreen,2024-08,4,4,36,0.000227,0.000806,0.2821,False,0.89375,unrated
germline mutation,germline mutation,,False,sunscreen,2023-10,4,4,36,0.000566,0.000534,1.0594,False,0.710277,unrated
germplasm,germplasm,,False,sunscreen,2024-12,4,4,36,0.000997,0.000206,4.8317,False,0.720792,unrated
glucuronide,glucuronide,,False,sunscreen,2024-02,4,2,36,0.0,0.00091,0.0,False,,unrated
glycine,glycine,,False,sunscreen,2025-04,4,4,36,0.000708,0.000412,1.7197,False,0.608032,unrated
grading (engineering),grading (engineering),,False,sunscreen,2025-11,4,3,36,0.001157,0.0,,False,0.425916,unrated
great barrier reef,great barrier reef,,False,sunscreen,2024-06,4,4,36,0.000439,0.000743,0.5911,False,0.396135,unrated
green chemistry,green chemistry,,False,sunscreen,2024-04,4,4,36,0.000285,0.000796,0.3581,False,0.482759,unrated
gut flora,gut flora,,False,sunscreen,2023-12,4,3,36,0.000823,0.000376,2.1905,False,0.573529,unrated
hair follicle,hair follicle,,False,sunscreen,2026-01,4,4,36,0.000935,0.0,,False,0.437989,unrated
hair loss,hair loss,,False,sunscreen,2024-06,4,4,36,0.000285,0.000708,0.4026,False,0.482759,unrated
hazard analysis,hazard analysis,,False,sunscreen,2024-12,4,3,36,0.000269,0.000411,0.6553,False,0.494083,unrated
hazard quotient,hazard quotient,,False,sunscreen,2023-09,4,4,36,0.000831,0.00055,1.5108,False,0.636645,unrated
health belief model,health belief model,,False,sunscreen,2024-09,4,3,36,0.000969,0.000239,4.0482,False,0.436365,unrated
health equity,health equity,,False,sunscreen,2025-09,4,3,36,0.001123,0.0,,False,0.581535,unrated
health information national trends survey,health information national trends survey,,False,sunscreen,2023-09,4,4,36,0.000439,0.000801,0.548,False,0.396135,unrated
healthy ageing,healthy ageing,,False,sunscreen,2023-09,4,4,36,0.000696,0.000482,1.4455,False,0.627126,unrated
hemicellulose,hemicellulose,,False,sunscreen,2025-01,4,4,36,0.000929,0.000102,9.1003,False,0.710086,unrated
hemolysis,hemolysis,,False,sunscreen,2024-01,4,4,36,0.000411,0.000427,0.9639,False,0.99095,unrated
hidradenitis suppurativa,hidradenitis suppurativa,,False,sunscreen,2025-07,4,3,36,0.000831,0.000377,2.2038,False,0.378024,unrated
holobiont,holobiont,,False,sunscreen,2024-01,4,3,36,0.001181,0.000118,9.9791,False,0.543986,unrated
human immunodeficiency virus (hiv),human immunodeficiency virus (hiv),,False,sunscreen,2023-09,4,4,36,0.0,0.000917,0.0,False,,unrated
human papillomavirus,human papillomavirus,,False,sunscreen,2024-07,4,4,36,0.00031,0.000625,0.4964,False,0.387372,unrated
human–computer interaction,human–computer interaction,,False,sunscreen,2024-02,4,4,36,0.0,0.000986,0.0,False,,unrated
humidity,humidity,,False,sunscreen,2026-03,4,3,36,0.001235,0.0,,False,0.461467,unrated
hydrogen bond,hydrogen bond,,False,sunscreen,2024-01,4,4,36,0.000524,0.000425,1.2345,False,0.665013,unrated
hyperoside,hyperoside,,False,sunscreen,2023-09,4,4,36,0.000227,0.00057,0.3985,False,0.89375,unrated
immigration,immigration,,False,sunscreen,2024-09,4,4,36,0.000582,0.000342,1.7041,False,0.459517,unrated
indigenous,indigenous,,False,sunscreen,2025-05,4,4,36,0.000692,0.000434,1.5964,False,0.380566,unrated
inductively coupled plasma mass spectrometry,inductively coupled plasma mass spectrometry,,False,sunscreen,2023-10,4,4,36,0.000677,0.000391,1.7323,False,0.421337,unrated
industrial wastewater treatment,industrial wastewater treatment,,False,sunscreen,2025-07,4,3,36,0.001181,0.000189,6.2653,False,0.653234,unrated
infertility,infertility,,False,sunscreen,2023-10,4,4,36,0.000439,0.000609,0.7213,False,0.396135,unrated
inflammatory bowel diseases,inflammatory bowel diseases,,False,sunscreen,2024-03,4,4,36,0.0,0.001032,0.0,False,,unrated
inhalation exposure,inhalation exposure,,False,sunscreen,2024-11,4,4,36,0.000851,0.000463,1.8359,False,0.342864,unrated
integrated pest management,integrated pest management,,False,sunscreen,2025-07,4,2,36,0.000269,0.000566,0.4756,False,0.494083,unrated
internet of things,internet of things,,False,sunscreen,2024-01,4,3,36,0.000297,0.000455,0.6531,False,0.436275,unrated
interpretation (philosophy),interpretation (philosophy),,False,sunscreen,2025-12,4,3,36,0.001182,0.0,,False,0.421722,unrated
interspecific competition,interspecific competition,,False,sunscreen,2025-01,4,4,36,0.000512,0.000291,1.7624,False,0.453255,unrated
intervening variable,intervening variable,,False,sunscreen,2025-01,4,4,36,0.000872,0.000102,8.5359,False,0.421722,unrated
ipomoea,ipomoea,,False,sunscreen,2023-10,4,4,36,0.000585,0.00051,1.1465,False,0.365418,unrated
irish,irish,,False,sunscreen,2024-06,4,3,36,0.000285,0.00074,0.3853,False,0.482759,unrated
isoflavonoid,isoflavonoid,,False,sunscreen,2023-09,4,3,36,0.00057,0.000588,0.9694,False,0.482759,unrated
kegg,kegg,,False,sunscreen,2025-09,4,4,36,0.00156,0.0,,False,0.52027,unrated
keratolytic,keratolytic,,False,sunscreen,2024-11,4,3,36,0.000538,0.000427,1.2608,False,0.494083,unrated
kidney,kidney,,False,sunscreen,2024-09,4,3,36,0.000621,0.000465,1.3355,False,0.387372,unrated
kidney disease,kidney disease,,False,sunscreen,2024-03,4,3,36,0.000848,0.000306,2.7673,False,0.405561,unrated
kinase,kinase,,False,sunscreen,2023-09,4,3,36,0.000896,0.000244,3.676,False,0.726397,unrated
lactic acid,lactic acid,,False,sunscreen,2024-02,4,4,36,0.0,0.001141,0.0,False,,unrated
lanthanide,lanthanide,,False,sunscreen,2023-11,4,4,36,0.000285,0.000666,0.4281,False,0.482759,unrated
latin americans,latin americans,,False,sunscreen,2025-04,4,4,36,0.000655,0.000443,1.4773,False,0.371681,unrated
life style,life style,,False,sunscreen,2024-08,4,4,36,0.000595,0.000409,1.4572,False,0.435065,unrated
ligand (biochemistry),ligand (biochemistry),,False,sunscreen,2023-09,4,4,36,0.000595,0.00055,1.0822,False,0.656056,unrated
light emitting diode,light emitting diode,,False,sunscreen,2023-12,4,4,36,0.000269,0.000594,0.4531,False,0.494083,unrated
litter,litter,,False,sunscreen,2023-10,4,4,36,0.0,0.000976,0.0,False,,unrated
macrophyte,macrophyte,,False,sunscreen,2025-04,4,3,36,0.000749,0.000436,1.7178,False,0.908266,unrated
malignant transformation,malignant transformation,,False,sunscreen,2026-03,4,2,36,0.001152,0.0,,False,0.704615,unrated
management,management,,False,sunscreen,2024-06,4,4,36,0.0,0.000933,0.0,False,,unrated
marine mammal,marine mammal,,False,sunscreen,2025-06,4,2,36,0.000411,0.000581,0.7076,False,0.771493,unrated
medical record,medical record,,False,sunscreen,2024-03,4,3,36,0.00127,0.000306,4.1458,False,0.378024,unrated
melanocortin 1 receptor,melanocortin 1 receptor,,False,sunscreen,2024-03,4,3,36,0.000896,0.000306,2.9236,False,0.438897,unrated
menthol,menthol,,False,sunscreen,2026-01,4,3,36,0.001106,0.0,,False,0.538825,unrated
mesenchymal stem cell,mesenchymal stem cell,,False,sunscreen,2024-02,4,4,36,0.000227,0.000881,0.2581,False,0.42375,unrated
mesocosm,mesocosm,,False,sunscreen,2023-09,4,4,36,0.000582,0.000483,1.2048,False,0.459517,unrated
metagenomics,metagenomics,,False,sunscreen,2026-04,4,3,36,0.001296,0.0,,False,0.556226,unrated
metal organic framework,metal organic framework,,False,sunscreen,2024-01,4,3,36,0.0,0.000641,0.0,False,,unrated
metric (unit),metric (unit),,False,sunscreen,2023-11,4,3,36,0.001032,0.000285,3.616,False,0.579433,unrated
micronutrient,micronutrient,,False,sunscreen,2026-01,4,4,36,0.001307,0.0,,False,0.677504,unrated
microparticle,microparticle,,False,sunscreen,2024-03,4,4,36,0.000269,0.000808,0.3329,False,0.494083,unrated
minimum inhibitory concentration,minimum inhibitory concentration,,False,sunscreen,2023-12,4,4,36,0.000269,0.000577,0.4658,False,0.494083,unrated
mobile device,mobile device,,False,sunscreen,2024-09,4,3,36,0.00089,0.000239,3.7148,False,0.440727,unrated
mode of action,mode of action,,False,sunscreen,2024-12,4,3,36,0.00031,0.000714,0.4343,False,0.829352,unrated
molar absorptivity,molar absorptivity,,False,sunscreen,2024-12,4,4,36,0.000859,0.000206,4.1626,False,0.438023,unrated
multimedia,multimedia,,False,sunscreen,2023-09,4,4,36,0.0,0.000936,0.0,False,,unrated
mushroom,mushroom,,False,sunscreen,2024-12,4,4,36,0.000439,0.000527,0.8341,False,0.396135,unrated
myb,myb,,False,sunscreen,2023-09,4,4,36,0.000297,0.000786,0.3779,False,0.436275,unrated
nanocrystal,nanocrystal,,False,sunscreen,2023-10,4,4,36,0.000619,0.000491,1.2622,False,0.676315,unrated
naringenin,naringenin,,False,sunscreen,2023-09,4,3,36,0.000371,0.000696,0.5334,False,0.44898,unrated
national park,national park,,False,sunscreen,2023-10,4,3,36,0.0,0.00104,0.0,False,,unrated
need to know,need to know,,False,sunscreen,2024-01,4,4,36,0.000269,0.000655,0.411,False,0.494083,unrated
nevus,nevus,,False,sunscreen,2024-02,4,4,36,0.0,0.000873,0.0,False,,unrated
niacin,niacin,,False,sunscreen,2026-06,4,1,36,0.00114,0.0,,False,0.482759,unrated
niche,niche,,False,sunscreen,2025-09,4,3,36,0.001323,0.0,,False,0.60714,unrated
nitrate,nitrate,,False,sunscreen,2024-02,4,4,36,0.000851,0.000648,1.3116,False,0.639965,unrated
noise (video),noise (video),,False,sunscreen,2025-12,4,3,36,0.001145,0.0,,False,0.415799,unrated
nostoc,nostoc,,False,sunscreen,2023-10,4,4,36,0.000285,0.000848,0.3363,False,0.482759,unrated
nuclear magnetic resonance,nuclear magnetic resonance,,False,sunscreen,2024-02,4,4,36,0.0,0.000957,0.0,False,,unrated
nuclear physics,nuclear physics,,False,sunscreen,2023-11,4,4,36,0.0,0.000763,0.0,False,,unrated
nucleobase,nucleobase,,False,sunscreen,2024-02,4,3,36,0.001262,0.000344,3.6648,False,0.463339,unrated
object (grammar),object (grammar),,False,sunscreen,2023-09,4,4,36,0.000227,0.000624,0.3642,False,0.42375,unrated
ocean acidification,ocean acidification,,False,sunscreen,2023-10,4,4,36,0.000227,0.00073,0.3115,False,0.42375,unrated
ocimum,ocimum,,False,sunscreen,2024-05,4,4,36,0.000297,0.000807,0.3684,False,0.436275,unrated
optical density,optical density,,False,sunscreen,2023-10,4,4,36,0.000956,0.000272,3.5114,False,0.393272,unrated
oral and maxillofacial surgery,oral and maxillofacial surgery,,False,sunscreen,2024-11,4,4,36,0.000579,0.000507,1.1427,False,0.440727,unrated
oral lichen planus,oral lichen planus,,False,sunscreen,2024-06,4,4,36,0.000334,0.00076,0.4398,False,0.952206,unrated
organic molecules,organic molecules,,False,sunscreen,2024-01,4,3,36,0.001081,0.000118,9.1305,False,0.643193,unrated
organic solar cell,organic solar cell,,False,sunscreen,2023-09,4,4,36,0.000793,0.000244,3.2559,False,0.451369,unrated
oryza sativa,oryza sativa,,False,sunscreen,2024-01,4,4,36,0.000334,0.000633,0.5279,False,0.454044,unrated
osteoporosis,osteoporosis,,False,sunscreen,2023-11,4,4,36,0.0,0.001048,0.0,False,,unrated
overweight,overweight,,False,sunscreen,2023-09,4,4,36,0.000392,0.000744,0.5268,False,0.359914,unrated
ozone depletion,ozone depletion,,False,sunscreen,2025-01,4,2,36,0.001113,0.000102,10.9002,False,0.44898,unrated
packaging and labeling,packaging and labeling,,False,sunscreen,2025-01,4,3,36,0.001175,0.000102,11.51,False,0.416205,unrated
passifloraceae,passifloraceae,,False,sunscreen,2024-08,4,2,36,0.000891,0.000306,2.9091,False,0.436275,unrated
passion fruit,passion fruit,,False,sunscreen,2025-01,4,3,36,0.000965,0.000102,9.4519,False,0.442628,unrated
passivation,passivation,,False,sunscreen,2023-09,4,3,36,0.000789,0.000244,3.2369,False,0.579835,unrated
patchouli,patchouli,,False,sunscreen,2023-10,4,4,36,0.000595,0.000466,1.2771,False,0.435065,unrated
patient compliance,patient compliance,,False,sunscreen,2023-11,4,2,36,0.001318,0.000285,4.6169,False,0.396135,unrated
perceived quality,perceived quality,,False,sunscreen,2025-12,4,3,36,0.001075,0.0,,False,0.435068,unrated
percentile,percentile,,False,sunscreen,2023-09,4,3,36,0.000358,0.000761,0.47,False,0.698819,unrated
permeability (electromagnetism),permeability (electromagnetism),,False,sunscreen,2024-06,4,4,36,0.000582,0.000233,2.5005,False,0.459517,unrated
persea,persea,,False,sunscreen,2023-10,4,3,36,0.000411,0.00077,0.5343,False,0.289593,unrated
phenol,phenol,,False,sunscreen,2024-04,4,3,36,0.000439,0.00078,0.5628,False,0.396135,unrated
phenolic acid,phenolic acid,,False,sunscreen,2025-01,4,3,36,0.000358,0.000422,0.8473,False,0.826772,unrated
phone,phone,,False,sunscreen,2025-09,4,3,36,0.001344,0.0,,False,0.367759,unrated
photobleaching,photobleaching,,False,sunscreen,2023-09,4,4,36,0.000269,0.000767,0.3509,False,0.494083,unrated
photodissociation,photodissociation,,False,sunscreen,2024-02,4,4,36,0.000681,0.000606,1.1237,False,0.418176,unrated
photonics,photonics,,False,sunscreen,2024-05,4,4,36,0.00075,0.000545,1.3744,False,0.3335,unrated
photophobia,photophobia,,False,sunscreen,2024-04,4,4,36,0.000782,0.000566,1.382,False,0.369286,unrated
photovoltaics,photovoltaics,,False,sunscreen,2024-04,4,3,36,0.000894,0.000304,2.9387,False,0.409942,unrated
phragmites,phragmites,,False,sunscreen,2025-11,4,3,36,0.001391,0.0,,False,0.748476,unrated
phycocyanin,phycocyanin,,False,sunscreen,2025-04,4,4,36,0.000644,0.000407,1.5846,False,0.683507,unrated
phylogenetic tree,phylogenetic tree,,False,sunscreen,2025-09,4,3,36,0.001228,0.0,,False,0.606632,unrated
phytoene synthase,phytoene synthase,,False,sunscreen,2023-09,4,4,36,0.0,0.000776,0.0,False,,unrated
pig skin,pig skin,,False,sunscreen,2025-07,4,4,36,0.000993,0.000189,5.2677,False,0.457659,unrated
pimecrolimus,pimecrolimus,,False,sunscreen,2024-06,4,4,36,0.001014,0.000233,4.3558,False,0.574847,unrated
piper,piper,,False,sunscreen,2024-02,4,4,36,0.0,0.001138,0.0,False,,unrated
plant growth,plant growth,,False,sunscreen,2025-10,4,3,36,0.001135,0.0,,False,0.522385,unrated
plasma,plasma,,False,sunscreen,2023-09,4,3,36,0.000742,0.000483,1.536,False,0.44898,unrated
plasticizer,plasticizer,,False,sunscreen,2025-04,4,3,36,0.000627,0.000436,1.4369,False,0.400585,unrated
plastocyanin,plastocyanin,,False,sunscreen,2025-10,4,4,36,0.001347,0.0,,False,0.490822,unrated
poaceae,poaceae,,False,sunscreen,2023-12,4,4,36,0.0,0.000956,0.0,False,,unrated
poisson regression,poisson regression,,False,sunscreen,2023-12,4,4,36,0.0,0.000774,0.0,False,,unrated
pollination,pollination,,False,sunscreen,2025-01,4,3,36,0.000538,0.00032,1.6794,False,0.494083,unrated
pollinator,pollinator,,False,sunscreen,2025-01,4,3,36,0.000538,0.00032,1.6794,False,0.494083,unrated
poloxamer,poloxamer,,False,sunscreen,2023-09,4,4,36,0.000297,0.000894,0.3322,False,0.436275,unrated
polystyrene,polystyrene,,False,sunscreen,2025-01,4,4,36,0.000781,0.000102,7.6502,False,0.466864,unrated
population health,population health,,False,sunscreen,2025-11,4,3,36,0.001345,0.0,,False,0.432239,unrated
porites,porites,,False,sunscreen,2024-01,4,4,36,0.000392,0.00054,0.726,False,0.359914,unrated
positive correlation,positive correlation,,False,sunscreen,2023-12,4,4,36,0.000895,0.000257,3.4814,False,0.436335,unrated
postharvest,postharvest,,False,sunscreen,2024-07,4,4,36,0.001001,0.000283,3.5301,False,0.578427,unrated
preprint,preprint,,False,sunscreen,2023-11,4,4,36,0.0,0.000986,0.0,False,,unrated
preventive healthcare,preventive healthcare,,False,sunscreen,2024-08,4,3,36,0.000866,0.000306,2.8263,False,0.356672,unrated
primary care,primary care,,False,sunscreen,2024-07,4,4,36,0.000935,0.000283,3.3001,False,0.437989,unrated
primary producers,primary producers,,False,sunscreen,2024-01,4,3,36,0.000839,0.000118,7.0876,False,0.488421,unrated
property (philosophy),property (philosophy),,False,sunscreen,2023-12,4,4,36,0.0,0.000868,0.0,False,,unrated
protein kinase a,protein kinase a,,False,sunscreen,2024-02,4,3,36,0.000896,0.000344,2.6013,False,0.726397,unrated
proteostasis,proteostasis,,False,sunscreen,2023-09,4,4,36,0.001079,0.000244,4.4293,False,0.446399,unrated
pseudomonas aeruginosa,pseudomonas aeruginosa,,False,sunscreen,2023-09,4,4,36,0.000269,0.000731,0.3682,False,0.494083,unrated
quantitative trait locus,quantitative trait locus,,False,sunscreen,2024-01,4,4,36,0.0,0.000495,0.0,False,,unrated
quantum chemistry,quantum chemistry,,False,sunscreen,2026-04,4,3,36,0.00121,0.0,,False,0.475274,unrated
quartile,quartile,,False,sunscreen,2023-10,4,4,36,0.001024,0.000272,3.7614,False,0.375657,unrated
quercitrin,quercitrin,,False,sunscreen,2023-12,4,4,36,0.000227,0.000682,0.3333,False,0.89375,unrated
questionnaire,questionnaire,,False,sunscreen,2024-03,4,4,36,0.000392,0.000525,0.747,False,0.359914,unrated
radiation exposure,radiation exposure,,False,sunscreen,2024-10,4,4,36,0.000935,0.000274,3.4125,False,0.437989,unrated
randomized block design,randomized block design,,False,sunscreen,2025-10,4,4,36,0.001279,0.0,,False,0.414102,unrated
rare disease,rare disease,,False,sunscreen,2024-04,4,3,36,0.000965,0.000304,3.1739,False,0.442628,unrated
redshift,redshift,,False,sunscreen,2023-09,4,4,36,0.000702,0.000244,2.8814,False,0.594633,unrated
relative humidity,relative humidity,,False,sunscreen,2026-03,4,3,36,0.001235,0.0,,False,0.461467,unrated
repeatability,repeatability,,False,sunscreen,2024-11,4,4,36,0.000692,0.00034,2.0343,False,0.700447,unrated
reputation,reputation,,False,sunscreen,2025-11,4,2,36,0.001662,0.0,,False,0.378024,unrated
resonance (particle physics),resonance (particle physics),,False,sunscreen,2026-01,4,2,36,0.000455,0.0,,False,0.65875,unrated
resonance raman spectroscopy,resonance raman spectroscopy,,False,sunscreen,2025-06,4,3,36,0.000285,0.000194,1.4707,False,0.482759,unrated
retinal degeneration,retinal degeneration,,False,sunscreen,2023-09,4,4,36,0.000371,0.000624,0.5946,False,0.44898,unrated
rhodobacter sphaeroides,rhodobacter sphaeroides,,False,sunscreen,2024-12,4,4,36,0.0,0.000905,0.0,False,,unrated
riboflavin,riboflavin,,False,sunscreen,2023-10,4,4,36,0.000392,0.000856,0.4577,False,0.782328,unrated
rickets,rickets,,False,sunscreen,2024-11,4,4,36,0.001095,0.000238,4.6004,False,0.442625,unrated
ripening,ripening,,False,sunscreen,2025-01,4,4,36,0.001148,0.000102,11.2376,False,0.527785,unrated
rubisco,rubisco,,False,sunscreen,2023-10,4,4,36,0.000708,0.00051,1.3875,False,0.74221,unrated
scattering,scattering,,False,sunscreen,2024-06,4,4,36,0.000619,0.000421,1.4694,False,0.391832,unrated
scientific evidence,scientific evidence,,False,sunscreen,2025-12,4,4,36,0.001018,0.0,,False,0.425863,unrated
sea urchin,sea urchin,,False,sunscreen,2024-05,4,3,36,0.000765,0.000262,2.9187,False,0.405561,unrated
secondary metabolism,secondary metabolism,,False,sunscreen,2024-07,4,4,36,0.000956,0.000283,3.3736,False,0.789327,unrated
sensory analysis,sensory analysis,,False,sunscreen,2023-12,4,3,36,0.000729,0.000514,1.4171,False,0.5739,unrated
shade avoidance,shade avoidance,,False,sunscreen,2026-01,4,2,36,0.001119,0.0,,False,0.430013,unrated
shelf life,shelf life,,False,sunscreen,2025-01,4,4,36,0.000958,0.000102,9.3798,False,0.430091,unrated
shellfish,shellfish,,False,sunscreen,2024-01,4,4,36,0.000708,0.000312,2.2695,False,0.542798,unrated
side effect (computer science),side effect (computer science),,False,sunscreen,2023-10,4,4,36,0.000358,0.000585,0.6123,False,0.307087,unrated
single nucleotide polymorphism,single nucleotide polymorphism,,False,sunscreen,2024-08,4,4,36,0.0,0.001044,0.0,False,,unrated
sink (geography),sink (geography),,False,sunscreen,2025-06,4,1,36,0.0,0.000775,0.0,False,,unrated
skin equivalent,skin equivalent,,False,sunscreen,2024-07,4,4,36,0.000724,0.000472,1.5343,False,0.439447,unrated
software,software,,False,sunscreen,2025-05,4,3,36,0.000978,0.000225,4.3447,False,0.457724,unrated
solar cell,solar cell,,False,sunscreen,2024-01,4,3,36,0.000765,0.000118,6.464,False,0.458917,unrated
sorption,sorption,,False,sunscreen,2023-10,4,4,36,0.000297,0.000736,0.4038,False,0.926471,unrated
sponge,sponge,,False,sunscreen,2025-01,4,4,36,0.000579,0.00031,1.8659,False,0.440727,unrated
sri lanka,sri lanka,,False,sunscreen,2024-01,4,4,36,0.0,0.000743,0.0,False,,unrated
stacking,stacking,,False,sunscreen,2025-05,4,4,36,0.000859,0.000225,3.8122,False,0.62594,unrated
staining,staining,,False,sunscreen,2023-10,4,4,36,0.000439,0.00086,0.5109,False,0.396135,unrated
stakeholder,stakeholder,,False,sunscreen,2025-12,4,2,36,0.000931,0.0,,False,0.387372,unrated
statute,statute,,False,sunscreen,2025-12,4,2,36,0.000992,0.0,,False,0.405561,unrated
stoichiometry,stoichiometry,,False,sunscreen,2023-09,4,4,36,0.000334,0.00074,0.4514,False,0.454044,unrated
substituent,substituent,,False,sunscreen,2023-09,4,3,36,0.000455,0.000244,1.8654,False,0.65875,unrated
sulfonic acid,sulfonic acid,,False,sunscreen,2023-09,4,4,36,0.00031,0.000741,0.4186,False,0.829352,unrated
supernova,supernova,,False,sunscreen,2023-09,4,4,36,0.000358,0.000812,0.4407,False,0.307087,unrated
sustainable agriculture,sustainable agriculture,,False,sunscreen,2025-02,4,4,36,0.000807,0.000302,2.6714,False,0.435068,unrated
swelling,swelling,,False,sunscreen,2025-01,4,3,36,0.000821,0.000102,8.0436,False,0.706888,unrated
symbiodinium,symbiodinium,,False,sunscreen,2025-01,4,4,36,0.00103,0.000102,10.0901,False,0.675052,unrated
synthetic biology,synthetic biology,,False,sunscreen,2024-07,4,3,36,0.000826,0.000283,2.9127,False,0.68699,unrated
syringic acid,syringic acid,,False,sunscreen,2023-11,4,3,36,0.0,0.000879,0.0,False,,unrated
systems engineering,systems engineering,,False,sunscreen,2024-09,4,4,36,0.0,0.000862,0.0,False,,unrated
tannic acid,tannic acid,,False,sunscreen,2023-12,4,4,36,0.000966,0.000257,3.7571,False,0.630261,unrated
thalassiosira pseudonana,thalassiosira pseudonana,,False,sunscreen,2023-09,4,3,36,0.000297,0.000852,0.3487,False,0.436275,unrated
theology,theology,,False,sunscreen,2024-01,4,4,36,0.0,0.000763,0.0,False,,unrated
thermoelectric effect,thermoelectric effect,,False,sunscreen,2025-07,4,4,36,0.000946,0.000189,5.0165,False,0.58639,unrated
thyroid hormones,thyroid hormones,,False,sunscreen,2024-10,4,4,36,0.000524,0.000492,1.0651,False,0.430013,unrated
tomography,tomography,,False,sunscreen,2024-12,4,3,36,0.0,0.000962,0.0,False,,unrated
toolbox,toolbox,,False,sunscreen,2025-06,4,1,36,0.0,0.000775,0.0,False,,unrated
trace (psycholinguistics),trace (psycholinguistics),,False,sunscreen,2024-01,4,3,36,0.0,0.000516,0.0,False,,unrated
translational research,translational research,,False,sunscreen,2026-05,4,3,36,0.000603,0.0,,False,0.474063,unrated
tree canopy,tree canopy,,False,sunscreen,2024-01,4,4,36,0.000631,0.00042,1.502,False,0.44516,unrated
tribology,tribology,,False,sunscreen,2025-01,4,4,36,0.000358,0.000484,0.7388,False,0.698819,unrated
tropics,tropics,,False,sunscreen,2024-03,4,4,36,0.000631,0.000515,1.2265,False,0.44516,unrated
trustworthiness,trustworthiness,,False,sunscreen,2025-11,4,4,36,0.001011,0.0,,False,0.598383,unrated
tryptophan,tryptophan,,False,sunscreen,2024-06,4,4,36,0.0,0.000853,0.0,False,,unrated
ultraviolet irradiation,ultraviolet irradiation,,False,sunscreen,2024-02,4,4,36,0.000512,0.000648,0.79,False,0.453255,unrated
univariate analysis,univariate analysis,,False,sunscreen,2026-03,4,3,36,0.001337,0.0,,False,0.446433,unrated
vaccination,vaccination,,False,sunscreen,2023-09,4,4,36,0.000297,0.000631,0.4707,False,0.436275,unrated
venereology,venereology,,False,sunscreen,2023-11,4,4,36,0.000392,0.000826,0.4743,False,0.359914,unrated
vineyard,vineyard,,False,sunscreen,2024-08,4,4,36,0.000692,0.000495,1.3984,False,0.708321,unrated
virulence,virulence,,False,sunscreen,2024-12,4,3,36,0.000724,0.000206,3.5081,False,0.458917,unrated
virus,virus,,False,sunscreen,2024-06,4,4,36,0.000627,0.000458,1.3688,False,0.596451,unrated
water content,water content,,False,sunscreen,2023-12,4,4,36,0.001137,0.000257,4.422,False,0.557141,unrated
water resource management,water resource management,,False,sunscreen,2024-05,4,3,36,0.0,0.001025,0.0,False,,unrated
wearable computer,wearable computer,,False,sunscreen,2024-08,4,3,36,0.000621,0.000409,1.5191,False,0.387372,unrated
whale,whale,,False,sunscreen,2025-06,4,1,36,0.0,0.000775,0.0,False,,unrated
wide bandgap semiconductor,wide bandgap semiconductor,,False,sunscreen,2023-12,4,4,36,0.000439,0.00079,0.5559,False,0.396135,unrated
wine,wine,,False,sunscreen,2023-11,4,4,36,0.00103,0.000285,3.6109,False,0.498557,unrated
workflow,workflow,,False,sunscreen,2025-08,4,3,36,0.000627,0.000417,1.5046,False,0.400585,unrated
xylose,xylose,,False,sunscreen,2023-10,4,4,36,0.000689,0.000374,1.8397,False,0.656715,unrated
zea mays,zea mays,,False,sunscreen,2025-06,4,4,36,0.000966,0.000194,4.9866,False,0.439704,unrated
zostera marina,zostera marina,,False,sunscreen,2023-12,4,4,36,0.000538,0.000359,1.496,False,0.626551,unrated
2019 20 coronavirus outbreak,2019 20 coronavirus outbreak,,False,sunscreen,2023-10,3,3,36,0.000392,0.000546,0.717,False,0.359914,unrated
ab initio,ab initio,,False,sunscreen,2024-09,3,3,36,0.000392,0.000514,0.7629,False,0.782328,unrated
ablation,ablation,,False,sunscreen,2026-01,3,1,36,0.000682,0.0,,False,0.42375,unrated
acacia,acacia,,False,sunscreen,2025-07,3,3,36,0.000297,0.000397,0.7486,False,0.926471,unrated
accidental sampling,accidental sampling,,False,sunscreen,2024-05,3,3,36,0.000411,0.000568,0.7237,False,0.289593,unrated
acne scars,acne scars,,False,sunscreen,2024-01,3,3,36,0.0,0.000521,0.0,False,,unrated
active packaging,active packaging,,False,sunscreen,2025-11,3,3,36,0.000995,0.0,,False,0.576818,unrated
adalimumab,adalimumab,,False,sunscreen,2023-10,3,3,36,0.000392,0.000558,0.7026,False,0.359914,unrated
adjunct,adjunct,,False,sunscreen,2023-09,3,3,36,0.000411,0.000501,0.8213,False,0.911765,unrated
adverse outcome pathway,adverse outcome pathway,,False,sunscreen,2025-01,3,3,36,0.000392,0.000296,1.3241,False,0.928879,unrated
advice (programming),advice (programming),,False,sunscreen,2023-12,3,3,36,0.000371,0.000451,0.8228,False,0.981633,unrated
aerogel,aerogel,,False,sunscreen,2023-12,3,3,36,0.0,0.000773,0.0,False,,unrated
agave,agave,,False,sunscreen,2024-03,3,3,36,0.0,0.000764,0.0,False,,unrated
agricultural productivity,agricultural productivity,,False,sunscreen,2025-12,3,2,36,0.001052,0.0,,False,0.418176,unrated
agrochemical,agrochemical,,False,sunscreen,2025-02,3,3,36,0.000392,0.00049,0.7989,False,0.359914,unrated
agrégation,agrégation,,False,sunscreen,2023-09,3,3,36,0.0,0.000803,0.0,False,,unrated
air pollution,air pollution,,False,sunscreen,2024-07,3,3,36,0.000439,0.000522,0.8421,False,0.939614,unrated
albedo (alchemy),albedo (alchemy),,False,sunscreen,2024-11,3,2,36,0.0,0.000238,0.0,False,,unrated
alkyl,alkyl,,False,sunscreen,2025-06,3,3,36,0.000566,0.000194,2.9211,False,0.465179,unrated
ambulatory,ambulatory,,False,sunscreen,2023-12,3,3,36,0.0,0.000531,0.0,False,,unrated
ammonium,ammonium,,False,sunscreen,2024-02,3,3,36,0.000496,0.000344,1.4413,False,0.458917,unrated
analytic hierarchy process,analytic hierarchy process,,False,sunscreen,2024-12,3,3,36,0.00031,0.000415,0.7484,False,0.387372,unrated
angiogenesis,angiogenesis,,False,sunscreen,2024-02,3,3,36,0.000227,0.000538,0.4223,False,0.42375,unrated
animal testing,animal testing,,False,sunscreen,2023-12,3,3,36,0.0,0.000568,0.0,False,,unrated
annotation,annotation,,False,sunscreen,2026-01,3,1,36,0.000682,0.0,,False,0.42375,unrated
anthraquinones,anthraquinones,,False,sunscreen,2023-12,3,3,36,0.0,0.000704,0.0,False,,unrated
apigenin,apigenin,,False,sunscreen,2025-04,3,1,36,0.0,0.000654,0.0,False,,unrated
appeal,appeal,,False,sunscreen,2023-12,3,3,36,0.0,0.000559,0.0,False,,unrated
aquifer,aquifer,,False,sunscreen,2024-03,3,3,36,0.000392,0.000575,0.6812,False,0.782328,unrated
aspergillus,aspergillus,,False,sunscreen,2024-06,3,3,36,0.000392,0.000539,0.7267,False,0.359914,unrated
astrometry,astrometry,,False,sunscreen,2025-05,3,2,36,0.000621,0.000225,2.7554,False,0.608362,unrated
atopy,atopy,,False,sunscreen,2023-09,3,3,36,0.000689,0.000244,2.8273,False,0.398095,unrated
audio visual,audio visual,,False,sunscreen,2023-09,3,3,36,0.00031,0.000527,0.5886,False,0.387372,unrated
automation,automation,,False,sunscreen,2024-09,3,3,36,0.000607,0.000239,2.5364,False,0.411824,unrated
autonomy,autonomy,,False,sunscreen,2023-12,3,3,36,0.0,0.000359,0.0,False,,unrated
ayurvedic medicine,ayurvedic medicine,,False,sunscreen,2024-11,3,2,36,0.0,0.000238,0.0,False,,unrated
azathioprine,azathioprine,,False,sunscreen,2024-03,3,3,36,0.0,0.000843,0.0,False,,unrated
balance (ability),balance (ability),,False,sunscreen,2023-10,3,3,36,0.000358,0.000534,0.6698,False,0.307087,unrated
bayes' theorem,bayes' theorem,,False,sunscreen,2025-01,3,3,36,0.000285,0.000291,0.9805,False,0.482759,unrated
bayesian probability,bayesian probability,,False,sunscreen,2023-09,3,3,36,0.000285,0.000346,0.8242,False,0.482759,unrated
beauveria bassiana,beauveria bassiana,,False,sunscreen,2024-08,3,3,36,0.000334,0.000513,0.6519,False,0.454044,unrated
benzimidazole,benzimidazole,,False,sunscreen,2023-09,3,2,36,0.0,0.000814,0.0,False,,unrated
biocatalysis,biocatalysis,,False,sunscreen,2024-01,3,3,36,0.000677,0.000118,5.7176,False,0.421337,unrated
bioconcentration,bioconcentration,,False,sunscreen,2023-12,3,2,36,0.0,0.000805,0.0,False,,unrated
bioenergetics,bioenergetics,,False,sunscreen,2025-05,3,3,36,0.000668,0.000225,2.9669,False,0.687725,unrated
biogeochemical cycle,biogeochemical cycle,,False,sunscreen,2024-01,3,3,36,0.000607,0.000118,5.1308,False,0.411824,unrated
bioindicator,bioindicator,,False,sunscreen,2025-10,3,2,36,0.000866,0.0,,False,0.667758,unrated
biological evolution,biological evolution,,False,sunscreen,2024-10,3,3,36,0.00031,0.000463,0.6706,False,0.829352,unrated
biological membrane,biological membrane,,False,sunscreen,2026-04,3,2,36,0.000941,0.0,,False,0.590477,unrated
biome,biome,,False,sunscreen,2025-12,3,3,36,0.000876,0.0,,False,0.439243,unrated
bioplastic,bioplastic,,False,sunscreen,2023-09,3,3,36,0.0,0.000764,0.0,False,,unrated
bioproduction,bioproduction,,False,sunscreen,2024-01,3,3,36,0.000656,0.000118,5.5425,False,0.465869,unrated
bioprospecting,bioprospecting,,False,sunscreen,2023-12,3,3,36,0.000496,0.000257,1.9295,False,0.458917,unrated
biosensor,biosensor,,False,sunscreen,2025-11,3,3,36,0.000904,0.0,,False,0.422141,unrated
biosolids,biosolids,,False,sunscreen,2023-11,3,2,36,0.0,0.000751,0.0,False,,unrated
bisphenol,bisphenol,,False,sunscreen,2023-10,3,3,36,0.000297,0.000546,0.5437,False,0.436275,unrated
bitter gourd,bitter gourd,,False,sunscreen,2024-12,3,2,36,0.000538,0.000206,2.608,False,0.494083,unrated
bivariate analysis,bivariate analysis,,False,sunscreen,2025-12,3,2,36,0.00106,0.0,,False,0.391753,unrated
bombyx mori,bombyx mori,,False,sunscreen,2023-10,3,3,36,0.0,0.000864,0.0,False,,unrated
bone health,bone health,,False,sunscreen,2024-08,3,3,36,0.000285,0.000525,0.5433,False,0.482759,unrated
bone mineral,bone mineral,,False,sunscreen,2023-11,3,3,36,0.000269,0.000592,0.4546,False,0.494083,unrated
booster (rocketry),booster (rocketry),,False,sunscreen,2023-10,3,3,36,0.0,0.00075,0.0,False,,unrated
boswellia serrata,boswellia serrata,,False,sunscreen,2024-01,3,3,36,0.000285,0.000307,0.9286,False,0.482759,unrated
botulinum toxin,botulinum toxin,,False,sunscreen,2024-10,3,2,36,0.00057,0.000274,2.0793,False,0.482759,unrated
branching (polymer chemistry),branching (polymer chemistry),,False,sunscreen,2025-01,3,2,36,0.000334,0.000204,1.6361,False,0.454044,unrated
brand equity,brand equity,,False,sunscreen,2024-01,3,3,36,0.0,0.000429,0.0,False,,unrated
brand experience,brand experience,,False,sunscreen,2025-11,3,3,36,0.001058,0.0,,False,0.393266,unrated
brand loyalty,brand loyalty,,False,sunscreen,2025-01,3,3,36,0.000736,0.000102,7.2095,False,0.416205,unrated
brassica,brassica,,False,sunscreen,2023-09,3,3,36,0.0,0.000709,0.0,False,,unrated
brassica rapa,brassica rapa,,False,sunscreen,2023-09,3,3,36,0.000334,0.000452,0.7393,False,0.952206,unrated
brine shrimp,brine shrimp,,False,sunscreen,2024-04,3,2,36,0.00031,0.000608,0.5101,False,0.387372,unrated
brown seaweed,brown seaweed,,False,sunscreen,2025-07,3,3,36,0.000692,0.000189,3.6708,False,0.380566,unrated
caesalpinia,caesalpinia,,False,sunscreen,2025-03,3,2,36,0.000594,0.000269,2.2102,False,0.436275,unrated
callus,callus,,False,sunscreen,2023-10,3,2,36,0.000285,0.000545,0.5233,False,0.482759,unrated
cancer registry,cancer registry,,False,sunscreen,2024-05,3,3,36,0.000582,0.000262,2.2214,False,0.459517,unrated
cannabidiol,cannabidiol,,False,sunscreen,2023-09,3,3,36,0.0,0.000716,0.0,False,,unrated
cannabis,cannabis,,False,sunscreen,2023-09,3,3,36,0.0,0.000672,0.0,False,,unrated
capsaicin,capsaicin,,False,sunscreen,2024-01,3,3,36,0.0,0.000613,0.0,False,,unrated
carbohydrate,carbohydrate,,False,sunscreen,2024-05,3,3,36,0.00031,0.000468,0.6626,False,0.959044,unrated
carbon black,carbon black,,False,sunscreen,2025-10,3,3,36,0.000924,0.0,,False,0.559334,unrated
carbonic anhydrase,carbonic anhydrase,,False,sunscreen,2024-07,3,3,36,0.000269,0.000283,0.949,False,0.494083,unrated
carboxylation,carboxylation,,False,sunscreen,2024-12,3,3,36,0.000561,0.000206,2.7222,False,0.673897,unrated
carotene,carotene,,False,sunscreen,2023-12,3,3,36,0.0,0.000582,0.0,False,,unrated
cas9,cas9,,False,sunscreen,2023-10,3,3,36,0.000227,0.000505,0.4499,False,0.42375,unrated
castep,castep,,False,sunscreen,2023-11,3,3,36,0.00068,0.000285,2.3841,False,0.391838,unrated
cdkn2a,cdkn2a,,False,sunscreen,2025-01,3,3,36,0.000269,0.00031,0.8665,False,0.494083,unrated
cellulosic ethanol,cellulosic ethanol,,False,sunscreen,2025-03,3,3,36,0.00031,0.000494,0.628,False,0.829352,unrated
census,census,,False,sunscreen,2025-12,3,2,36,0.000979,0.0,,False,0.420708,unrated
central asia,central asia,,False,sunscreen,2025-01,3,3,36,0.000227,0.000296,0.768,False,0.42375,unrated
certification,certification,,False,sunscreen,2023-11,3,3,36,0.00031,0.000387,0.8007,False,0.387372,unrated
chalcone synthase,chalcone synthase,,False,sunscreen,2025-08,3,3,36,0.000334,0.000208,1.6041,False,0.454044,unrated
charge (physics),charge (physics),,False,sunscreen,2024-07,3,2,36,0.000621,0.000283,2.1892,False,0.387372,unrated
chemical kinetics,chemical kinetics,,False,sunscreen,2024-01,3,3,36,0.000297,0.000422,0.7032,False,0.436275,unrated
chemical modification,chemical modification,,False,sunscreen,2025-06,3,3,36,0.000598,0.000194,3.0877,False,0.671365,unrated
chemiosmosis,chemiosmosis,,False,sunscreen,2023-12,3,3,36,0.000631,0.000257,2.4543,False,0.44516,unrated
chemometrics,chemometrics,,False,sunscreen,2023-12,3,3,36,0.000631,0.000257,2.4543,False,0.694241,unrated
chloramine,chloramine,,False,sunscreen,2024-01,3,3,36,0.000227,0.000463,0.4912,False,0.42375,unrated
chloroplast stroma,chloroplast stroma,,False,sunscreen,2023-09,3,3,36,0.0,0.000668,0.0,False,,unrated
choline chloride,choline chloride,,False,sunscreen,2023-10,3,3,36,0.000297,0.000556,0.5345,False,0.436275,unrated
chromatophore,chromatophore,,False,sunscreen,2024-11,3,3,36,0.000439,0.000444,0.9884,False,0.396135,unrated
chronic disease,chronic disease,,False,sunscreen,2025-08,3,2,36,0.000668,0.000208,3.2086,False,0.454044,unrated
chrysin,chrysin,,False,sunscreen,2024-02,3,3,36,0.0,0.000915,0.0,False,,unrated
cinnamates,cinnamates,,False,sunscreen,2024-08,3,3,36,0.0,0.000495,0.0,False,,unrated
citrullus lanatus,citrullus lanatus,,False,sunscreen,2023-10,3,3,36,0.000358,0.000481,0.7446,False,0.307087,unrated
clarity,clarity,,False,sunscreen,2026-06,3,1,36,0.000855,0.0,,False,0.482759,unrated
class (philosophy),class (philosophy),,False,sunscreen,2023-09,3,3,36,0.000297,0.000501,0.5931,False,0.436275,unrated
clastogen,clastogen,,False,sunscreen,2025-01,3,3,36,0.000561,0.000102,5.4977,False,0.687978,unrated
cleaner production,cleaner production,,False,sunscreen,2024-03,3,2,36,0.000594,0.000306,1.9394,False,0.436275,unrated
clinical diagnosis,clinical diagnosis,,False,sunscreen,2026-04,3,1,36,0.001113,0.0,,False,0.44898,unrated
clinical pharmacology,clinical pharmacology,,False,sunscreen,2025-01,3,3,36,0.000595,0.000102,5.8289,False,0.435065,unrated
clinical study design,clinical study design,,False,sunscreen,2025-01,3,2,36,0.00031,0.000204,1.5191,False,0.829352,unrated
cluster analysis,cluster analysis,,False,sunscreen,2024-01,3,2,36,0.000439,0.000237,1.855,False,0.396135,unrated
cobalt oxide,cobalt oxide,,False,sunscreen,2024-02,3,3,36,0.000371,0.000563,0.6597,False,0.934694,unrated
coffea canephora,coffea canephora,,False,sunscreen,2023-12,3,3,36,0.000269,0.000446,0.6035,False,0.494083,unrated
colorimetry,colorimetry,,False,sunscreen,2023-12,3,3,36,0.000439,0.000541,0.8123,False,0.396135,unrated
column chromatography,column chromatography,,False,sunscreen,2024-08,3,3,36,0.000538,0.000306,1.7545,False,0.405561,unrated
combination therapy,combination therapy,,False,sunscreen,2024-04,3,3,36,0.00068,0.000304,2.2371,False,0.702924,unrated
complex matrix,complex matrix,,False,sunscreen,2024-01,3,2,36,0.000455,0.000118,3.8399,False,0.42375,unrated
computer network,computer network,,False,sunscreen,2024-01,3,3,36,0.0,0.000619,0.0,False,,unrated
condensation polymer,condensation polymer,,False,sunscreen,2026-07,3,1,36,0.000807,0.0,,False,0.494083,unrated
condensation reaction,condensation reaction,,False,sunscreen,2026-07,3,1,36,0.000807,0.0,,False,0.494083,unrated
confocal laser scanning microscopy,confocal laser scanning microscopy,,False,sunscreen,2023-09,3,3,36,0.000227,0.000501,0.4538,False,0.42375,unrated
confounding,confounding,,False,sunscreen,2023-12,3,3,36,0.000512,0.000257,1.9917,False,0.453255,unrated
congenital disease,congenital disease,,False,sunscreen,2025-01,3,3,36,0.000661,0.000102,6.4707,False,0.426999,unrated
conjugated linoleic acid,conjugated linoleic acid,,False,sunscreen,2024-07,3,3,36,0.000512,0.000283,1.8072,False,0.453255,unrated
contact lens,contact lens,,False,sunscreen,2025-03,3,3,36,0.000639,0.000269,2.3756,False,0.536536,unrated
core temperature,core temperature,,False,sunscreen,2023-09,3,3,36,0.000371,0.000244,1.5229,False,0.934694,unrated
corn starch,corn starch,,False,sunscreen,2025-11,3,2,36,0.00106,0.0,,False,0.618186,unrated
corncob,corncob,,False,sunscreen,2025-03,3,3,36,0.000371,0.000487,0.762,False,0.44898,unrated
counterfeit,counterfeit,,False,sunscreen,2025-06,3,3,36,0.000677,0.000194,3.4925,False,0.421337,unrated
crassulacean acid metabolism,crassulacean acid metabolism,,False,sunscreen,2024-01,3,3,36,0.000411,0.000325,1.2672,False,0.941176,unrated
critical quality attributes,critical quality attributes,,False,sunscreen,2024-03,3,2,36,0.000538,0.000306,1.7557,False,0.494083,unrated
cronbach's alpha,cronbach's alpha,,False,sunscreen,2024-01,3,3,36,0.0,0.000696,0.0,False,,unrated
customer experience,customer experience,,False,sunscreen,2026-07,3,2,36,0.000538,0.0,,False,0.494083,unrated
cutis,cutis,,False,sunscreen,2024-05,3,3,36,0.0,0.000558,0.0,False,,unrated
cyclic voltammetry,cyclic voltammetry,,False,sunscreen,2024-08,3,3,36,0.00031,0.000546,0.5684,False,0.981229,unrated
cytokinin,cytokinin,,False,sunscreen,2025-04,3,2,36,0.000742,0.000218,3.4015,False,0.44898,unrated
cytoprotection,cytoprotection,,False,sunscreen,2026-03,3,2,36,0.000928,0.0,,False,0.44516,unrated
cytoskeleton,cytoskeleton,,False,sunscreen,2025-01,3,3,36,0.000702,0.000102,6.8748,False,0.636441,unrated
dandelion,dandelion,,False,sunscreen,2024-12,3,3,36,0.000538,0.000206,2.6063,False,0.691397,unrated
dapsone,dapsone,,False,sunscreen,2024-03,3,3,36,0.000269,0.00058,0.4634,False,0.494083,unrated
data protection act 1998,data protection act 1998,,False,sunscreen,2026-01,3,1,36,0.000682,0.0,,False,0.42375,unrated
daylight,daylight,,False,sunscreen,2026-01,3,3,36,0.000512,0.0,,False,0.453255,unrated
dehydrogenase,dehydrogenase,,False,sunscreen,2023-09,3,3,36,0.0,0.000819,0.0,False,,unrated
delocalized electron,delocalized electron,,False,sunscreen,2025-06,3,3,36,0.000631,0.000194,3.2575,False,0.44516,unrated
dendrobium,dendrobium,,False,sunscreen,2025-11,3,2,36,0.000962,0.0,,False,0.679957,unrated
depolymerization,depolymerization,,False,sunscreen,2024-01,3,3,36,0.000411,0.000356,1.154,False,0.857466,unrated
desorption,desorption,,False,sunscreen,2023-09,3,3,36,0.000297,0.000546,0.5445,False,0.926471,unrated
destinations,destinations,,False,sunscreen,2026-03,3,2,36,0.000297,0.0,,False,0.436275,unrated
direct and indirect band gaps,direct and indirect band gaps,,False,sunscreen,2026-01,3,3,36,0.000935,0.0,,False,0.437989,unrated
direct fluorescent antibody,direct fluorescent antibody,,False,sunscreen,2023-10,3,3,36,0.000439,0.000546,0.8037,False,0.396135,unrated
disinformation,disinformation,,False,sunscreen,2024-03,3,3,36,0.000227,0.0005,0.4544,False,0.89375,unrated
dissipation,dissipation,,False,sunscreen,2025-01,3,3,36,0.000411,0.000327,1.2567,False,0.649321,unrated
dissolved organic carbon,dissolved organic carbon,,False,sunscreen,2024-01,3,2,36,0.0,0.000323,0.0,False,,unrated
divergence (linguistics),divergence (linguistics),,False,sunscreen,2025-07,3,3,36,0.000524,0.000189,2.7812,False,0.430013,unrated
documentation,documentation,,False,sunscreen,2025-11,3,2,36,0.001012,0.0,,False,0.373643,unrated
domain (mathematical analysis),domain (mathematical analysis),,False,sunscreen,2025-01,3,3,36,0.000566,0.000102,5.5431,False,0.465179,unrated
downy mildew,downy mildew,,False,sunscreen,2024-08,3,2,36,0.00057,0.000306,1.8605,False,0.482759,unrated
doxycycline,doxycycline,,False,sunscreen,2023-10,3,2,36,0.000358,0.000545,0.6571,False,0.307087,unrated
drug metabolism,drug metabolism,,False,sunscreen,2024-04,3,3,36,0.000392,0.000588,0.6668,False,0.965517,unrated
drug reaction,drug reaction,,False,sunscreen,2025-09,3,2,36,0.000978,0.0,,False,0.347229,unrated
dyskeratosis,dyskeratosis,,False,sunscreen,2023-11,3,3,36,0.0,0.000875,0.0,False,,unrated
dysplasia,dysplasia,,False,sunscreen,2024-07,3,3,36,0.000358,0.000552,0.648,False,0.307087,unrated
earth science,earth science,,False,sunscreen,2024-01,3,3,36,0.0,0.00055,0.0,False,,unrated
economic shortage,economic shortage,,False,sunscreen,2024-05,3,3,36,0.000639,0.000262,2.4372,False,0.356672,unrated
ecotype,ecotype,,False,sunscreen,2024-05,3,3,36,0.000297,0.000451,0.6593,False,0.436275,unrated
educational attainment,educational attainment,,False,sunscreen,2023-09,3,3,36,0.000439,0.000452,0.9716,False,0.396135,unrated
electron flow,electron flow,,False,sunscreen,2025-01,3,3,36,0.000619,0.000102,6.0621,False,0.694634,unrated
embryonic stem cell,embryonic stem cell,,False,sunscreen,2023-12,3,3,36,0.000411,0.000475,0.8653,False,0.771493,unrated
empirical evidence,empirical evidence,,False,sunscreen,2024-11,3,2,36,0.00057,0.000238,2.3941,False,0.482759,unrated
empirical research,empirical research,,False,sunscreen,2026-03,3,2,36,0.000867,0.0,,False,0.459517,unrated
enclosure,enclosure,,False,sunscreen,2026-07,3,1,36,0.000807,0.0,,False,0.494083,unrated
endemism,endemism,,False,sunscreen,2024-01,3,3,36,0.000603,0.000118,5.0955,False,0.474063,unrated
endoplasmic reticulum,endoplasmic reticulum,,False,sunscreen,2025-05,3,2,36,0.000392,0.00045,0.8698,False,0.928879,unrated
endosome,endosome,,False,sunscreen,2025-10,3,2,36,0.000866,0.0,,False,0.66966,unrated
energy landscape,energy landscape,,False,sunscreen,2024-10,3,3,36,0.000582,0.000274,2.1235,False,0.704615,unrated
energy transformation,energy transformation,,False,sunscreen,2024-10,3,2,36,0.0,0.000274,0.0,False,,unrated
entertainment,entertainment,,False,sunscreen,2025-07,3,2,36,0.000538,0.000189,2.853,False,0.494083,unrated
environmental economics,environmental economics,,False,sunscreen,2024-04,3,3,36,0.0,0.000748,0.0,False,,unrated
environmental factor,environmental factor,,False,sunscreen,2024-10,3,2,36,0.0,0.000651,0.0,False,,unrated
environmental issues with coral reefs,environmental issues with coral reefs,,False,sunscreen,2023-11,3,3,36,0.00031,0.000554,0.5598,False,0.387372,unrated
environmental safety,environmental safety,,False,sunscreen,2025-01,3,3,36,0.000496,0.000102,4.8595,False,0.458917,unrated
enzyme assay,enzyme assay,,False,sunscreen,2024-02,3,3,36,0.000392,0.000563,0.6966,False,0.359914,unrated
estrogen,estrogen,,False,sunscreen,2024-02,3,3,36,0.000763,0.000344,2.2156,False,0.404447,unrated
ethical issues,ethical issues,,False,sunscreen,2026-01,3,3,36,0.000496,0.0,,False,0.458917,unrated
eutrophication,eutrophication,,False,sunscreen,2024-04,3,3,36,0.0,0.000493,0.0,False,,unrated
evidence based medicine,evidence based medicine,,False,sunscreen,2026-01,3,3,36,0.000951,0.0,,False,0.434215,unrated
experimental research,experimental research,,False,sunscreen,2025-01,3,3,36,0.000334,0.000296,1.1293,False,0.454044,unrated
explant culture,explant culture,,False,sunscreen,2024-01,3,3,36,0.0,0.000609,0.0,False,,unrated
exploratory analysis,exploratory analysis,,False,sunscreen,2026-04,3,3,36,0.000925,0.0,,False,0.475274,unrated
exploratory factor analysis,exploratory factor analysis,,False,sunscreen,2026-05,3,2,36,0.000904,0.0,,False,0.593009,unrated
exposition (narrative),exposition (narrative),,False,sunscreen,2025-08,3,3,36,0.000619,0.000208,2.9721,False,0.468402,unrated
extracellular vesicles,extracellular vesicles,,False,sunscreen,2025-01,3,3,36,0.000566,0.000102,5.5431,False,0.710277,unrated
eyebrow,eyebrow,,False,sunscreen,2025-11,3,2,36,0.001011,0.0,,False,0.626832,unrated
eyewear,eyewear,,False,sunscreen,2024-09,3,3,36,0.00031,0.000508,0.6104,False,0.387372,unrated
facade,facade,,False,sunscreen,2025-08,3,3,36,0.000512,0.000208,2.4589,False,0.453255,unrated
feature selection,feature selection,,False,sunscreen,2026-01,3,3,36,0.000883,0.0,,False,0.608496,unrated
fecundity,fecundity,,False,sunscreen,2025-04,3,2,36,0.000297,0.000436,0.6809,False,0.436275,unrated
fence (mathematics),fence (mathematics),,False,sunscreen,2025-09,3,3,36,0.00106,0.0,,False,0.492262,unrated
ferric,ferric,,False,sunscreen,2025-10,3,2,36,0.001195,0.0,,False,0.63584,unrated
field cancerization,field cancerization,,False,sunscreen,2023-11,3,3,36,0.0,0.000875,0.0,False,,unrated
flavonoid biosynthesis,flavonoid biosynthesis,,False,sunscreen,2025-08,3,3,36,0.000782,0.000208,3.7558,False,0.610236,unrated
flexibility (engineering),flexibility (engineering),,False,sunscreen,2026-01,3,3,36,0.000883,0.0,,False,0.45183,unrated
flos,flos,,False,sunscreen,2024-04,3,3,36,0.000297,0.00051,0.5821,False,0.436275,unrated
flow cytometry,flow cytometry,,False,sunscreen,2025-01,3,3,36,0.000639,0.000102,6.2535,False,0.356672,unrated
follicular fluid,follicular fluid,,False,sunscreen,2025-08,3,2,36,0.000439,0.000417,1.054,False,0.396135,unrated
food additive,food additive,,False,sunscreen,2024-09,3,3,36,0.000285,0.000239,1.1902,False,0.482759,unrated
food fortification,food fortification,,False,sunscreen,2025-06,3,3,36,0.000595,0.000194,3.0717,False,0.435065,unrated
food security,food security,,False,sunscreen,2025-04,3,3,36,0.000689,0.000218,3.1577,False,0.700896,unrated
football,football,,False,sunscreen,2024-05,3,3,36,0.000371,0.000468,0.7924,False,0.44898,unrated
fragmentation (computing),fragmentation (computing),,False,sunscreen,2025-08,3,2,36,0.000371,0.000417,0.8906,False,0.44898,unrated
freezing tolerance,freezing tolerance,,False,sunscreen,2025-09,3,3,36,0.001038,0.0,,False,0.614074,unrated
frost (temperature),frost (temperature),,False,sunscreen,2026-01,3,1,36,0.000682,0.0,,False,0.42375,unrated
fucales,fucales,,False,sunscreen,2023-10,3,3,36,0.000297,0.000505,0.5882,False,0.436275,unrated
fullerene,fullerene,,False,sunscreen,2025-07,3,2,36,0.000538,0.000189,2.853,False,0.494083,unrated
functional genomics,functional genomics,,False,sunscreen,2025-11,3,3,36,0.000971,0.0,,False,0.807085,unrated
fungicide,fungicide,,False,sunscreen,2025-01,3,3,36,0.0,0.00032,0.0,False,,unrated
förster resonance energy transfer,förster resonance energy transfer,,False,sunscreen,2024-10,3,3,36,0.000585,0.000274,2.1347,False,0.365418,unrated
gene cluster,gene cluster,,False,sunscreen,2024-01,3,3,36,0.00031,0.000307,1.0109,False,0.829352,unrated
gene duplication,gene duplication,,False,sunscreen,2023-12,3,3,36,0.000358,0.000446,0.8029,False,0.307087,unrated
genetic counseling,genetic counseling,,False,sunscreen,2026-04,3,2,36,0.001011,0.0,,False,0.471531,unrated
genetic predisposition,genetic predisposition,,False,sunscreen,2024-12,3,3,36,0.000585,0.000206,2.8372,False,0.600418,unrated
genetic variation,genetic variation,,False,sunscreen,2026-01,3,2,36,0.000752,0.0,,False,0.547512,unrated
genetically modified crops,genetically modified crops,,False,sunscreen,2023-12,3,3,36,0.00031,0.000495,0.6264,False,0.829352,unrated
genistein,genistein,,False,sunscreen,2024-02,3,3,36,0.0,0.000844,0.0,False,,unrated
genome editing,genome editing,,False,sunscreen,2023-10,3,3,36,0.0,0.000505,0.0,False,,unrated
geometry,geometry,,False,sunscreen,2024-01,3,3,36,0.0,0.000545,0.0,False,,unrated
geotechnical engineering,geotechnical engineering,,False,sunscreen,2024-03,3,2,36,0.0,0.000844,0.0,False,,unrated
geranium,geranium,,False,sunscreen,2026-03,3,2,36,0.000297,0.0,,False,0.98366,unrated
german,german,,False,sunscreen,2023-11,3,3,36,0.000411,0.000554,0.7423,False,0.289593,unrated
gibberellin,gibberellin,,False,sunscreen,2026-01,3,2,36,0.000969,0.0,,False,0.436365,unrated
gill,gill,,False,sunscreen,2025-11,3,3,36,0.000974,0.0,,False,0.567121,unrated
glycation,glycation,,False,sunscreen,2024-11,3,3,36,0.000439,0.000444,0.9884,False,0.396135,unrated
glycyrrhizin,glycyrrhizin,,False,sunscreen,2023-11,3,3,36,0.0,0.000637,0.0,False,,unrated
goby,goby,,False,sunscreen,2025-01,3,2,36,0.000358,0.000204,1.7523,False,0.307087,unrated
gram,gram,,False,sunscreen,2025-05,3,3,36,0.000598,0.000225,2.6569,False,0.436365,unrated
guard (computer science),guard (computer science),,False,sunscreen,2023-09,3,3,36,0.000358,0.000513,0.6984,False,0.307087,unrated
haematococcus pluvialis,haematococcus pluvialis,,False,sunscreen,2025-10,3,2,36,0.000866,0.0,,False,0.597622,unrated
halogen,halogen,,False,sunscreen,2025-08,3,1,36,0.0,0.000625,0.0,False,,unrated
harmonization,harmonization,,False,sunscreen,2025-11,3,2,36,0.001223,0.0,,False,0.378024,unrated
health risk assessment,health risk assessment,,False,sunscreen,2025-10,3,3,36,0.000993,0.0,,False,0.402876,unrated
health services,health services,,False,sunscreen,2025-11,3,3,36,0.001011,0.0,,False,0.432239,unrated
helianthus annuus,helianthus annuus,,False,sunscreen,2023-09,3,3,36,0.0,0.000551,0.0,False,,unrated
heterologous,heterologous,,False,sunscreen,2024-01,3,3,36,0.000297,0.000118,2.5097,False,0.436275,unrated
hibiscus,hibiscus,,False,sunscreen,2023-10,3,3,36,0.0,0.000735,0.0,False,,unrated
hibiscus sabdariffa,hibiscus sabdariffa,,False,sunscreen,2023-10,3,2,36,0.0,0.000843,0.0,False,,unrated
high density polyethylene,high density polyethylene,,False,sunscreen,2024-07,3,3,36,0.000227,0.00049,0.4641,False,0.42375,unrated
histidine,histidine,,False,sunscreen,2024-01,3,3,36,0.000358,0.00042,0.8516,False,0.698819,unrated
histopathological examination,histopathological examination,,False,sunscreen,2025-12,3,3,36,0.000909,0.0,,False,0.420034,unrated
human fertilization,human fertilization,,False,sunscreen,2023-11,3,3,36,0.0,0.000824,0.0,False,,unrated
human lung,human lung,,False,sunscreen,2023-12,3,3,36,0.000797,0.000257,3.099,False,0.883193,unrated
human microbiome,human microbiome,,False,sunscreen,2025-10,3,3,36,0.001113,0.0,,False,0.345626,unrated
hydrothermal synthesis,hydrothermal synthesis,,False,sunscreen,2024-04,3,3,36,0.0,0.000615,0.0,False,,unrated
hydroxide,hydroxide,,False,sunscreen,2023-09,3,3,36,0.000392,0.000483,0.811,False,0.359914,unrated
hydroxytyrosol,hydroxytyrosol,,False,sunscreen,2023-11,3,3,36,0.000668,0.000285,2.3414,False,0.610028,unrated
hypericin,hypericin,,False,sunscreen,2024-09,3,3,36,0.000227,0.000458,0.4966,False,0.42375,unrated
hypovitaminosis,hypovitaminosis,,False,sunscreen,2024-09,3,2,36,0.000538,0.000239,2.2464,False,0.494083,unrated
ideal solution,ideal solution,,False,sunscreen,2026-05,3,1,36,0.001003,0.0,,False,0.454044,unrated
imiquimod,imiquimod,,False,sunscreen,2023-11,3,3,36,0.000439,0.000592,0.7422,False,0.396135,unrated
immunotherapy,immunotherapy,,False,sunscreen,2024-06,3,3,36,0.0,0.000574,0.0,False,,unrated
inflammatory myopathy,inflammatory myopathy,,False,sunscreen,2024-04,3,3,36,0.00075,0.000304,2.4652,False,0.3335,unrated
informed consent,informed consent,,False,sunscreen,2026-01,3,3,36,0.000935,0.0,,False,0.437989,unrated
infrared spectroscopy,infrared spectroscopy,,False,sunscreen,2023-12,3,3,36,0.000227,0.000446,0.5099,False,0.42375,unrated
inhalation,inhalation,,False,sunscreen,2024-11,3,3,36,0.000411,0.000463,0.8879,False,0.289593,unrated
inhibitory postsynaptic potential,inhibitory postsynaptic potential,,False,sunscreen,2025-01,3,3,36,0.000554,0.000102,5.4247,False,0.488421,unrated
instant,instant,,False,sunscreen,2025-11,3,2,36,0.001223,0.0,,False,0.378024,unrated
integumentary system,integumentary system,,False,sunscreen,2024-04,3,2,36,0.000621,0.000304,2.0404,False,0.829352,unrated
interstitial lung disease,interstitial lung disease,,False,sunscreen,2024-09,3,3,36,0.000773,0.000239,3.2296,False,0.42509,unrated
intersystem crossing,intersystem crossing,,False,sunscreen,2026-02,3,3,36,0.000773,0.0,,False,0.696829,unrated
iodide,iodide,,False,sunscreen,2024-01,3,3,36,0.000619,0.000118,5.2299,False,0.391832,unrated
ionic strength,ionic strength,,False,sunscreen,2024-02,3,3,36,0.000227,0.000446,0.5091,False,0.42375,unrated
ionization,ionization,,False,sunscreen,2026-01,3,2,36,0.000821,0.0,,False,0.665013,unrated
ionizing radiation,ionizing radiation,,False,sunscreen,2023-12,3,3,36,0.000722,0.000257,2.8056,False,0.338483,unrated
irrigation,irrigation,,False,sunscreen,2025-02,3,3,36,0.000227,0.000496,0.4585,False,0.42375,unrated
jellyfish,jellyfish,,False,sunscreen,2026-01,3,3,36,0.000793,0.0,,False,0.451369,unrated
keratin,keratin,,False,sunscreen,2025-01,3,3,36,0.000538,0.000102,5.2636,False,0.668359,unrated
killifish,killifish,,False,sunscreen,2024-11,3,3,36,0.000439,0.000444,0.9884,False,0.396135,unrated
lactobacillus,lactobacillus,,False,sunscreen,2023-09,3,3,36,0.00031,0.000483,0.6422,False,0.387372,unrated
langmuir,langmuir,,False,sunscreen,2023-11,3,3,36,0.0,0.000782,0.0,False,,unrated
langmuir adsorption model,langmuir adsorption model,,False,sunscreen,2023-11,3,3,36,0.0,0.000645,0.0,False,,unrated
lattice constant,lattice constant,,False,sunscreen,2024-01,3,3,36,0.0,0.000527,0.0,False,,unrated
laundry,laundry,,False,sunscreen,2024-12,3,2,36,0.000621,0.000206,3.0087,False,0.387372,unrated
leaf area index,leaf area index,,False,sunscreen,2025-11,3,3,36,0.000916,0.0,,False,0.406646,unrated
leverage (statistics),leverage (statistics),,False,sunscreen,2024-09,3,3,36,0.0,0.000446,0.0,False,,unrated
leymus,leymus,,False,sunscreen,2025-05,3,2,36,0.000594,0.000225,2.6384,False,0.436275,unrated
light curve,light curve,,False,sunscreen,2023-09,3,2,36,0.000358,0.000487,0.7344,False,0.307087,unrated
light harvesting complexes of green plants,light harvesting complexes of green plants,,False,sunscreen,2023-10,3,3,36,0.000227,0.000512,0.4441,False,0.42375,unrated
lineage (genetic),lineage (genetic),,False,sunscreen,2025-07,3,3,36,0.000668,0.000189,3.5439,False,0.442628,unrated
linear relationship,linear relationship,,False,sunscreen,2025-12,3,3,36,0.00095,0.0,,False,0.443478,unrated
lipid droplet,lipid droplet,,False,sunscreen,2025-05,3,2,36,0.0,0.00045,0.0,False,,unrated
lipidome,lipidome,,False,sunscreen,2024-01,3,3,36,0.000371,0.000312,1.1888,False,0.44898,unrated
lipidomics,lipidomics,,False,sunscreen,2024-01,3,3,36,0.000371,0.000312,1.1888,False,0.44898,unrated
lipofuscin,lipofuscin,,False,sunscreen,2023-09,3,3,36,0.000227,0.000529,0.4296,False,0.42375,unrated
loyalty,loyalty,,False,sunscreen,2023-11,3,2,36,0.0,0.00049,0.0,False,,unrated
loyalty business model,loyalty business model,,False,sunscreen,2025-09,3,3,36,0.001024,0.0,,False,0.375657,unrated
macrophage,macrophage,,False,sunscreen,2023-09,3,3,36,0.000392,0.000588,0.6664,False,0.782328,unrated
malnutrition,malnutrition,,False,sunscreen,2024-12,3,3,36,0.00064,0.000206,3.1035,False,0.714388,unrated
mammary gland,mammary gland,,False,sunscreen,2024-02,3,3,36,0.000411,0.000446,0.9214,False,0.289593,unrated
manganese,manganese,,False,sunscreen,2024-01,3,3,36,0.000392,0.00022,1.777,False,0.359914,unrated
manufacturing engineering,manufacturing engineering,,False,sunscreen,2024-05,3,3,36,0.0,0.000604,0.0,False,,unrated
marine life,marine life,,False,sunscreen,2023-11,3,3,36,0.000668,0.000285,2.3414,False,0.641521,unrated
market access,market access,,False,sunscreen,2025-11,3,2,36,0.001011,0.0,,False,0.391832,unrated
mathematical analysis,mathematical analysis,,False,sunscreen,2024-03,3,3,36,0.0,0.000838,0.0,False,,unrated
medical care,medical care,,False,sunscreen,2025-11,3,3,36,0.000619,0.0,,False,0.391832,unrated
melamine,melamine,,False,sunscreen,2024-05,3,3,36,0.000334,0.000487,0.6859,False,0.454044,unrated
melanocytic nevus,melanocytic nevus,,False,sunscreen,2024-11,3,3,36,0.0,0.000529,0.0,False,,unrated
melanophore,melanophore,,False,sunscreen,2024-11,3,3,36,0.000439,0.000444,0.9884,False,0.396135,unrated
membrane lipids,membrane lipids,,False,sunscreen,2026-04,3,2,36,0.000941,0.0,,False,0.590477,unrated
merkel cell carcinoma,merkel cell carcinoma,,False,sunscreen,2024-04,3,3,36,0.000227,0.000544,0.4181,False,0.42375,unrated
metadata,metadata,,False,sunscreen,2024-04,3,2,36,0.000621,0.000304,2.0404,False,0.387372,unrated
metallothionein,metallothionein,,False,sunscreen,2026-06,3,2,36,0.000823,0.0,,False,0.488421,unrated
metformin,metformin,,False,sunscreen,2024-02,3,2,36,0.0,0.000868,0.0,False,,unrated
methylene,methylene,,False,sunscreen,2024-09,3,3,36,0.0,0.00055,0.0,False,,unrated
microbial biodegradation,microbial biodegradation,,False,sunscreen,2023-10,3,3,36,0.000677,0.000272,2.4853,False,0.421337,unrated
microbial ecology,microbial ecology,,False,sunscreen,2025-09,3,3,36,0.001014,0.0,,False,0.631446,unrated
microcrystalline,microcrystalline,,False,sunscreen,2025-01,3,3,36,0.000668,0.000102,6.5428,False,0.892908,unrated
microfluidics,microfluidics,,False,sunscreen,2023-09,3,3,36,0.000689,0.000244,2.8273,False,0.609302,unrated
microstructure,microstructure,,False,sunscreen,2025-04,3,3,36,0.000582,0.000218,2.6681,False,0.459517,unrated
microvesicles,microvesicles,,False,sunscreen,2023-09,3,3,36,0.000269,0.000588,0.4575,False,0.494083,unrated
microviscosity,microviscosity,,False,sunscreen,2026-02,3,2,36,0.001009,0.0,,False,0.564055,unrated
microwave,microwave,,False,sunscreen,2024-08,3,3,36,0.0,0.000683,0.0,False,,unrated
mineral oil,mineral oil,,False,sunscreen,2026-04,3,2,36,0.000909,0.0,,False,0.471531,unrated
miscanthus,miscanthus,,False,sunscreen,2024-12,3,2,36,0.000334,0.000413,0.8101,False,0.454044,unrated
molecular orbital,molecular orbital,,False,sunscreen,2025-04,3,3,36,0.000851,0.000218,3.8986,False,0.643589,unrated
molecular physics,molecular physics,,False,sunscreen,2024-01,3,3,36,0.0,0.000576,0.0,False,,unrated
molecularly imprinted polymer,molecularly imprinted polymer,,False,sunscreen,2024-01,3,3,36,0.0,0.000631,0.0,False,,unrated
mollusca,mollusca,,False,sunscreen,2024-01,3,3,36,0.000358,0.000387,0.9243,False,0.895669,unrated
morin,morin,,False,sunscreen,2024-01,3,3,36,0.000334,0.000425,0.7868,False,0.454044,unrated
morinda,morinda,,False,sunscreen,2025-04,3,2,36,0.000594,0.000218,2.7235,False,0.436275,unrated
mucus,mucus,,False,sunscreen,2023-12,3,3,36,0.000269,0.000376,0.7162,False,0.494083,unrated
mycelium,mycelium,,False,sunscreen,2024-12,3,3,36,0.000227,0.000508,0.4472,False,0.89375,unrated
naive bayes classifier,naive bayes classifier,,False,sunscreen,2025-01,3,2,36,0.0,0.000479,0.0,False,,unrated
nannochloropsis,nannochloropsis,,False,sunscreen,2024-11,3,3,36,0.000285,0.000507,0.5622,False,0.482759,unrated
nanobiotechnology,nanobiotechnology,,False,sunscreen,2023-09,3,3,36,0.000656,0.000244,2.6926,False,0.465869,unrated
nanosecond,nanosecond,,False,sunscreen,2024-10,3,2,36,0.000716,0.000274,2.6113,False,0.502953,unrated
natural bond orbital,natural bond orbital,,False,sunscreen,2025-04,3,3,36,0.000411,0.000427,0.9645,False,0.289593,unrated
natural enemies,natural enemies,,False,sunscreen,2025-04,3,3,36,0.000561,0.000218,2.5735,False,0.673897,unrated
natural materials,natural materials,,False,sunscreen,2025-01,3,3,36,0.000297,0.000296,1.004,False,0.436275,unrated
natural resource economics,natural resource economics,,False,sunscreen,2024-02,3,2,36,0.0,0.000781,0.0,False,,unrated
neural crest,neural crest,,False,sunscreen,2025-10,3,2,36,0.000866,0.0,,False,0.730746,unrated
newspaper,newspaper,,False,sunscreen,2025-12,3,2,36,0.001189,0.0,,False,0.728082,unrated
nintedanib,nintedanib,,False,sunscreen,2024-01,3,3,36,0.000439,0.000358,1.2273,False,0.857488,unrated
nodule (geology),nodule (geology),,False,sunscreen,2023-11,3,3,36,0.000392,0.00059,0.6647,False,0.359914,unrated
non equilibrium thermodynamics,non equilibrium thermodynamics,,False,sunscreen,2025-05,3,2,36,0.000621,0.000225,2.7554,False,0.387372,unrated
nonlinear optical,nonlinear optical,,False,sunscreen,2024-03,3,3,36,0.0,0.000641,0.0,False,,unrated
nonribosomal peptide,nonribosomal peptide,,False,sunscreen,2023-10,3,2,36,0.0,0.00066,0.0,False,,unrated
normalization (sociology),normalization (sociology),,False,sunscreen,2026-02,3,2,36,0.000878,0.0,,False,0.396135,unrated
notice,notice,,False,sunscreen,2023-12,3,3,36,0.0,0.000359,0.0,False,,unrated
novelty,novelty,,False,sunscreen,2025-11,3,2,36,0.00127,0.0,,False,0.690524,unrated
nucleation,nucleation,,False,sunscreen,2024-07,3,2,36,0.00057,0.000283,2.0109,False,0.482759,unrated
nutmeg,nutmeg,,False,sunscreen,2023-11,3,3,36,0.000285,0.000543,0.5253,False,0.482759,unrated
olive leaf,olive leaf,,False,sunscreen,2024-01,3,3,36,0.000627,0.000118,5.296,False,0.400585,unrated
oocyte,oocyte,,False,sunscreen,2025-09,3,2,36,0.001108,0.0,,False,0.642767,unrated
opacity,opacity,,False,sunscreen,2023-12,3,3,36,0.000496,0.000257,1.9295,False,0.458917,unrated
optical telescope,optical telescope,,False,sunscreen,2025-10,3,2,36,0.000823,0.0,,False,0.289593,unrated
oral administration,oral administration,,False,sunscreen,2025-02,3,2,36,0.000538,0.000302,1.7816,False,0.494083,unrated
oral cavity,oral cavity,,False,sunscreen,2025-10,3,3,36,0.000908,0.0,,False,0.563109,unrated
organ transplantation,organ transplantation,,False,sunscreen,2026-01,3,3,36,0.000793,0.0,,False,0.608036,unrated
outbreak,outbreak,,False,sunscreen,2024-10,3,3,36,0.000297,0.000499,0.595,False,0.926471,unrated
oyster,oyster,,False,sunscreen,2025-01,3,3,36,0.000439,0.000404,1.087,False,0.396135,unrated
palmitic acid,palmitic acid,,False,sunscreen,2023-11,3,3,36,0.000595,0.000285,2.0859,False,0.656056,unrated
papulopustular,papulopustular,,False,sunscreen,2024-10,3,3,36,0.00031,0.000274,1.1319,False,0.959044,unrated
partial least squares regression,partial least squares regression,,False,sunscreen,2023-12,3,3,36,0.000496,0.000257,1.9295,False,0.693917,unrated
pearl,pearl,,False,sunscreen,2025-01,3,1,36,0.0,0.000306,0.0,False,,unrated
pectin,pectin,,False,sunscreen,2024-01,3,3,36,0.0,0.000566,0.0,False,,unrated
perennial plant,perennial plant,,False,sunscreen,2023-12,3,3,36,0.0,0.00075,0.0,False,,unrated
peroxide,peroxide,,False,sunscreen,2024-03,3,3,36,0.0,0.000683,0.0,False,,unrated
peroxydisulfate,peroxydisulfate,,False,sunscreen,2025-01,3,3,36,0.000607,0.000102,5.9473,False,0.411824,unrated
persistent organic pollutant,persistent organic pollutant,,False,sunscreen,2024-08,3,2,36,0.0,0.000785,0.0,False,,unrated
personalized medicine,personalized medicine,,False,sunscreen,2025-10,3,3,36,0.001113,0.0,,False,0.956014,unrated
pharmaceutics,pharmaceutics,,False,sunscreen,2025-10,3,2,36,0.001153,0.0,,False,0.369286,unrated
pharmacophore,pharmacophore,,False,sunscreen,2023-11,3,3,36,0.000227,0.00063,0.3609,False,0.89375,unrated
phoenix dactylifera,phoenix dactylifera,,False,sunscreen,2024-07,3,3,36,0.000411,0.00059,0.6974,False,0.857466,unrated
phosphoenolpyruvate carboxylase,phosphoenolpyruvate carboxylase,,False,sunscreen,2023-10,3,3,36,0.0,0.000697,0.0,False,,unrated
phosphorescence,phosphorescence,,False,sunscreen,2023-10,3,3,36,0.00031,0.000505,0.6142,False,0.829352,unrated
photography,photography,,False,sunscreen,2023-10,3,3,36,0.0,0.000818,0.0,False,,unrated
photopolymer,photopolymer,,False,sunscreen,2024-02,3,3,36,0.000297,0.000551,0.5396,False,0.436275,unrated
phytoremediation,phytoremediation,,False,sunscreen,2025-07,3,3,36,0.000769,0.000189,4.0801,False,0.582276,unrated
pi3k akt mtor pathway,pi3k akt mtor pathway,,False,sunscreen,2024-11,3,3,36,0.000227,0.000427,0.5327,False,0.42375,unrated
picosecond,picosecond,,False,sunscreen,2023-09,3,3,36,0.000631,0.000244,2.5907,False,0.44516,unrated
pill,pill,,False,sunscreen,2024-01,3,3,36,0.000705,0.000118,5.958,False,0.451512,unrated
pinus <genus>,pinus <genus>,,False,sunscreen,2024-01,3,3,36,0.0,0.00055,0.0,False,,unrated
pipeline (software),pipeline (software),,False,sunscreen,2025-05,3,2,36,0.00057,0.000225,2.531,False,0.482759,unrated
planarian,planarian,,False,sunscreen,2025-09,3,2,36,0.001026,0.0,,False,0.568219,unrated
plant development,plant development,,False,sunscreen,2025-11,3,3,36,0.000916,0.0,,False,0.547451,unrated
plasmopara viticola,plasmopara viticola,,False,sunscreen,2024-08,3,2,36,0.00057,0.000306,1.8605,False,0.482759,unrated
plasticity,plasticity,,False,sunscreen,2024-01,3,3,36,0.000411,0.000356,1.154,False,0.649321,unrated
poa pratensis,poa pratensis,,False,sunscreen,2023-12,3,3,36,0.0,0.00075,0.0,False,,unrated
pogostemon,pogostemon,,False,sunscreen,2023-10,3,3,36,0.000724,0.000272,2.6592,False,0.439447,unrated
polarization (electrochemistry),polarization (electrochemistry),,False,sunscreen,2026-03,3,2,36,0.000879,0.0,,False,0.582066,unrated
polydimethylsiloxane,polydimethylsiloxane,,False,sunscreen,2025-08,3,3,36,0.000749,0.000208,3.5974,False,0.663493,unrated
polyene,polyene,,False,sunscreen,2025-04,3,3,36,0.0,0.000412,0.0,False,,unrated
polyvinylpyrrolidone,polyvinylpyrrolidone,,False,sunscreen,2025-01,3,3,36,0.000285,0.000327,0.8707,False,0.482759,unrated
population study,population study,,False,sunscreen,2026-03,3,2,36,0.000863,0.0,,False,0.465179,unrated
porphyria cutanea tarda,porphyria cutanea tarda,,False,sunscreen,2025-11,3,3,36,0.000689,0.0,,False,0.398095,unrated
post hoc analysis,post hoc analysis,,False,sunscreen,2026-06,3,1,36,0.000855,0.0,,False,0.482759,unrated
postmenopausal women,postmenopausal women,,False,sunscreen,2023-10,3,3,36,0.000411,0.000546,0.7528,False,0.289593,unrated
potassium,potassium,,False,sunscreen,2025-01,3,3,36,0.000736,0.000102,7.2095,False,0.70123,unrated
potential energy,potential energy,,False,sunscreen,2026-04,3,2,36,0.000941,0.0,,False,0.465869,unrated
potential energy surface,potential energy surface,,False,sunscreen,2025-10,3,2,36,0.001262,0.0,,False,0.463339,unrated
pragmatics,pragmatics,,False,sunscreen,2025-09,3,3,36,0.00106,0.0,,False,0.492262,unrated
predator,predator,,False,sunscreen,2023-09,3,3,36,0.0,0.000668,0.0,False,,unrated
preventive care,preventive care,,False,sunscreen,2025-02,3,2,36,0.000455,0.000302,1.5055,False,0.42375,unrated
principal component analysis,principal component analysis,,False,sunscreen,2025-10,3,3,36,0.001185,0.0,,False,0.545978,unrated
prioritization,prioritization,,False,sunscreen,2024-12,3,3,36,0.000411,0.000415,0.9922,False,0.941176,unrated
problem based learning,problem based learning,,False,sunscreen,2025-05,3,3,36,0.000851,0.000225,3.7767,False,0.342864,unrated
propylparaben,propylparaben,,False,sunscreen,2025-07,3,3,36,0.000831,0.000189,4.4075,False,0.378024,unrated
proteome,proteome,,False,sunscreen,2025-03,3,3,36,0.000656,0.000269,2.4405,False,0.465869,unrated
pruning,pruning,,False,sunscreen,2024-10,3,3,36,0.0,0.000463,0.0,False,,unrated
pseudopotential,pseudopotential,,False,sunscreen,2023-11,3,3,36,0.0,0.00071,0.0,False,,unrated
psychometrics,psychometrics,,False,sunscreen,2024-02,3,2,36,0.00057,0.000344,1.6554,False,0.482759,unrated
psychotherapist,psychotherapist,,False,sunscreen,2023-11,3,3,36,0.0,0.000736,0.0,False,,unrated
pterostilbene,pterostilbene,,False,sunscreen,2025-04,3,3,36,0.000724,0.000218,3.3194,False,0.439447,unrated
purple bacteria,purple bacteria,,False,sunscreen,2024-01,3,3,36,0.0,0.000613,0.0,False,,unrated
pyrenoid,pyrenoid,,False,sunscreen,2023-09,3,3,36,0.0,0.000744,0.0,False,,unrated
pyrimidine,pyrimidine,,False,sunscreen,2024-02,3,3,36,0.000411,0.000618,0.6651,False,0.289593,unrated
quality by design,quality by design,,False,sunscreen,2026-01,3,2,36,0.000765,0.0,,False,0.458917,unrated
quantitative proteomics,quantitative proteomics,,False,sunscreen,2026-04,3,3,36,0.00099,0.0,,False,0.627982,unrated
quinic acid,quinic acid,,False,sunscreen,2024-03,3,3,36,0.00031,0.000409,0.7595,False,0.387372,unrated
radiative cooling,radiative cooling,,False,sunscreen,2024-03,3,3,36,0.0,0.000733,0.0,False,,unrated
rambutan,rambutan,,False,sunscreen,2023-12,3,3,36,0.000334,0.000466,0.7178,False,0.454044,unrated
recombinant dna,recombinant dna,,False,sunscreen,2024-01,3,3,36,0.000334,0.000312,1.0705,False,0.454044,unrated
recommender system,recommender system,,False,sunscreen,2025-05,3,3,36,0.000371,0.000419,0.8857,False,0.44898,unrated
regenerative medicine,regenerative medicine,,False,sunscreen,2024-04,3,3,36,0.00064,0.000304,2.1047,False,0.471531,unrated
regulator,regulator,,False,sunscreen,2025-12,3,2,36,0.000765,0.0,,False,0.711022,unrated
regulatory focus theory,regulatory focus theory,,False,sunscreen,2025-01,3,3,36,0.000227,0.000404,0.5625,False,0.42375,unrated
regulatory science,regulatory science,,False,sunscreen,2026-02,3,2,36,0.001181,0.0,,False,0.422558,unrated
rehabilitation,rehabilitation,,False,sunscreen,2023-12,3,3,36,0.0,0.000787,0.0,False,,unrated
relation (database),relation (database),,False,sunscreen,2024-09,3,3,36,0.000705,0.000239,2.9453,False,0.717839,unrated
representation (politics),representation (politics),,False,sunscreen,2023-11,3,3,36,0.000411,0.000387,1.0616,False,0.289593,unrated
reproductive health,reproductive health,,False,sunscreen,2024-01,3,3,36,0.000411,0.000327,1.2591,False,0.911765,unrated
reproductive success,reproductive success,,False,sunscreen,2025-04,3,2,36,0.000538,0.000218,2.4656,False,0.494083,unrated
repurposing,repurposing,,False,sunscreen,2023-10,3,2,36,0.000455,0.000272,1.6691,False,0.42375,unrated
research data,research data,,False,sunscreen,2026-03,3,3,36,0.000916,0.0,,False,0.457693,unrated
resolution (logic),resolution (logic),,False,sunscreen,2023-12,3,3,36,0.000496,0.000257,1.9295,False,0.458917,unrated
rheumatoid arthritis,rheumatoid arthritis,,False,sunscreen,2023-10,3,3,36,0.000392,0.000391,1.0028,False,0.359914,unrated
rhizosphere,rhizosphere,,False,sunscreen,2025-10,3,2,36,0.000981,0.0,,False,0.711967,unrated
rhodococcus,rhodococcus,,False,sunscreen,2024-03,3,3,36,0.000285,0.000515,0.5537,False,0.482759,unrated
rhodopsin,rhodopsin,,False,sunscreen,2023-09,3,3,36,0.000334,0.000346,0.9664,False,0.454044,unrated
ribose,ribose,,False,sunscreen,2026-02,3,1,36,0.001318,0.0,,False,0.396135,unrated
ring (chemistry),ring (chemistry),,False,sunscreen,2024-02,3,3,36,0.0,0.000913,0.0,False,,unrated
risk communication,risk communication,,False,sunscreen,2025-01,3,3,36,0.000619,0.000102,6.0621,False,0.650452,unrated
robustness (evolution),robustness (evolution),,False,sunscreen,2026-06,3,1,36,0.000855,0.0,,False,0.482759,unrated
rural population,rural population,,False,sunscreen,2025-12,3,3,36,0.000876,0.0,,False,0.58657,unrated
ruxolitinib,ruxolitinib,,False,sunscreen,2024-08,3,3,36,0.000227,0.000546,0.4164,False,0.42375,unrated
saponin,saponin,,False,sunscreen,2023-10,3,3,36,0.0,0.000736,0.0,False,,unrated
sativum,sativum,,False,sunscreen,2023-09,3,3,36,0.00031,0.000244,1.2733,False,0.387372,unrated
schiff base,schiff base,,False,sunscreen,2024-01,3,3,36,0.0,0.000704,0.0,False,,unrated
schizosaccharomyces pombe,schizosaccharomyces pombe,,False,sunscreen,2024-01,3,3,36,0.00031,0.000325,0.9558,False,0.387372,unrated
science education,science education,,False,sunscreen,2025-01,3,3,36,0.000334,0.000296,1.1293,False,0.454044,unrated
secretion,secretion,,False,sunscreen,2023-09,3,3,36,0.000371,0.000588,0.6311,False,0.44898,unrated
section (typography),section (typography),,False,sunscreen,2025-05,3,3,36,0.000269,0.000225,1.1944,False,0.494083,unrated
semantics (computer science),semantics (computer science),,False,sunscreen,2025-09,3,3,36,0.00106,0.0,,False,0.492262,unrated
semiconductor,semiconductor,,False,sunscreen,2023-09,3,3,36,0.000773,0.000244,3.1739,False,0.674171,unrated
semiquinone,semiquinone,,False,sunscreen,2024-01,3,3,36,0.000334,0.000337,0.993,False,0.454044,unrated
sericin,sericin,,False,sunscreen,2023-11,3,2,36,0.000227,0.000571,0.3982,False,0.89375,unrated
serotonin,serotonin,,False,sunscreen,2024-01,3,3,36,0.000358,0.000422,0.8471,False,0.698819,unrated
set (abstract data type),set (abstract data type),,False,sunscreen,2025-12,3,2,36,0.000992,0.0,,False,0.418176,unrated
setaria,setaria,,False,sunscreen,2024-01,3,3,36,0.0,0.000533,0.0,False,,unrated
severe acute respiratory syndrome coronavirus 2 (sars cov 2),severe acute respiratory syndrome coronavirus 2 (sars cov 2),,False,sunscreen,2023-10,3,3,36,0.000227,0.000546,0.4159,False,0.42375,unrated
severity of illness,severity of illness,,False,sunscreen,2024-12,3,3,36,0.000524,0.000206,2.5424,False,0.430013,unrated
silicon dioxide,silicon dioxide,,False,sunscreen,2024-04,3,3,36,0.0,0.000699,0.0,False,,unrated
simple (philosophy),simple (philosophy),,False,sunscreen,2024-10,3,3,36,0.000269,0.000499,0.5387,False,0.494083,unrated
single crystal,single crystal,,False,sunscreen,2026-01,3,3,36,0.001038,0.0,,False,0.422955,unrated
skin infection,skin infection,,False,sunscreen,2023-10,3,3,36,0.00031,0.000272,1.1393,False,0.387372,unrated
skin thickness,skin thickness,,False,sunscreen,2026-06,3,3,36,0.000554,0.0,,False,0.488421,unrated
snowmelt,snowmelt,,False,sunscreen,2023-11,3,3,36,0.000269,0.000569,0.4729,False,0.494083,unrated
soap,soap,,False,sunscreen,2025-04,3,2,36,0.000621,0.000218,2.8444,False,0.387372,unrated
social science,social science,,False,sunscreen,2024-01,3,3,36,0.0,0.000593,0.0,False,,unrated
solar gain,solar gain,,False,sunscreen,2025-09,3,2,36,0.000952,0.0,,False,0.567547,unrated
solid solution,solid solution,,False,sunscreen,2025-01,3,3,36,0.000851,0.000102,8.3285,False,0.342864,unrated
solubilization,solubilization,,False,sunscreen,2026-05,3,2,36,0.000953,0.0,,False,0.468402,unrated
solvent effects,solvent effects,,False,sunscreen,2024-05,3,3,36,0.000666,0.000262,2.5433,False,0.409942,unrated
sorbent,sorbent,,False,sunscreen,2023-09,3,2,36,0.0,0.00076,0.0,False,,unrated
sorbitan,sorbitan,,False,sunscreen,2025-12,3,2,36,0.000848,0.0,,False,0.440727,unrated
south asia,south asia,,False,sunscreen,2025-09,3,2,36,0.001001,0.0,,False,0.394923,unrated
sperm,sperm,,False,sunscreen,2024-02,3,3,36,0.0,0.000822,0.0,False,,unrated
spray drying,spray drying,,False,sunscreen,2023-12,3,3,36,0.000439,0.000446,0.9853,False,0.396135,unrated
squalene,squalene,,False,sunscreen,2023-11,3,3,36,0.000227,0.000474,0.4796,False,0.42375,unrated
stain,stain,,False,sunscreen,2026-01,3,3,36,0.000793,0.0,,False,0.451369,unrated
star (game theory),star (game theory),,False,sunscreen,2024-01,3,3,36,0.0,0.00055,0.0,False,,unrated
statistical physics,statistical physics,,False,sunscreen,2024-01,3,3,36,0.0,0.000612,0.0,False,,unrated
statistical significance,statistical significance,,False,sunscreen,2024-02,3,2,36,0.00031,0.000689,0.4505,False,0.387372,unrated
steroid,steroid,,False,sunscreen,2024-03,3,3,36,0.000358,0.000544,0.6574,False,0.307087,unrated
sting,sting,,False,sunscreen,2025-01,3,3,36,0.000668,0.000102,6.5428,False,0.687725,unrated
subacute cutaneous lupus erythematosus,subacute cutaneous lupus erythematosus,,False,sunscreen,2024-01,3,3,36,0.00031,0.000307,1.0109,False,0.387372,unrated
suicide prevention,suicide prevention,,False,sunscreen,2024-07,3,2,36,0.000668,0.000283,2.3582,False,0.454044,unrated
sulfur,sulfur,,False,sunscreen,2024-01,3,3,36,0.000334,0.00042,0.7951,False,0.952206,unrated
supercritical carbon dioxide,supercritical carbon dioxide,,False,sunscreen,2025-07,3,3,36,0.000538,0.000189,2.8511,False,0.691397,unrated
surface (topology),surface (topology),,False,sunscreen,2025-04,3,3,36,0.000269,0.000218,1.233,False,0.494083,unrated
surface runoff,surface runoff,,False,sunscreen,2024-01,3,3,36,0.000227,0.000425,0.5351,False,0.42375,unrated
suspect,suspect,,False,sunscreen,2025-10,3,3,36,0.000949,0.0,,False,0.542104,unrated
sweat,sweat,,False,sunscreen,2023-09,3,3,36,0.0,0.000691,0.0,False,,unrated
systemic circulation,systemic circulation,,False,sunscreen,2025-01,3,2,36,0.00057,0.000102,5.5814,False,0.482759,unrated
terpene,terpene,,False,sunscreen,2025-10,3,2,36,0.001195,0.0,,False,0.714293,unrated
terrestrial plant,terrestrial plant,,False,sunscreen,2024-06,3,3,36,0.000411,0.000472,0.8711,False,0.771493,unrated
testosterone (patch),testosterone (patch),,False,sunscreen,2024-01,3,3,36,0.000627,0.000118,5.296,False,0.400585,unrated
textile industry,textile industry,,False,sunscreen,2025-09,3,2,36,0.0011,0.0,,False,0.5739,unrated
theobroma,theobroma,,False,sunscreen,2024-02,3,3,36,0.000285,0.000651,0.438,False,0.482759,unrated
theory of reasoned action,theory of reasoned action,,False,sunscreen,2025-12,3,2,36,0.001052,0.0,,False,0.418176,unrated
thermal comfort,thermal comfort,,False,sunscreen,2024-10,3,2,36,0.000716,0.000274,2.6113,False,0.502953,unrated
thermophile,thermophile,,False,sunscreen,2024-01,3,3,36,0.00031,0.000327,0.9497,False,0.829352,unrated
thermoregulation,thermoregulation,,False,sunscreen,2023-12,3,3,36,0.0,0.000793,0.0,False,,unrated
thiamine,thiamine,,False,sunscreen,2025-07,3,2,36,0.000269,0.000377,0.7134,False,0.494083,unrated
throughput,throughput,,False,sunscreen,2025-01,3,3,36,0.0,0.000589,0.0,False,,unrated
tissue engineering,tissue engineering,,False,sunscreen,2023-10,3,3,36,0.000334,0.000534,0.6254,False,0.454044,unrated
titratable acid,titratable acid,,False,sunscreen,2026-01,3,3,36,0.001001,0.0,,False,0.578427,unrated
tofacitinib,tofacitinib,,False,sunscreen,2024-01,3,3,36,0.0,0.000664,0.0,False,,unrated
tolerable daily intake,tolerable daily intake,,False,sunscreen,2023-09,3,3,36,0.0,0.000856,0.0,False,,unrated
tone (literature),tone (literature),,False,sunscreen,2023-09,3,3,36,0.000392,0.000548,0.7153,False,0.782328,unrated
topical steroid,topical steroid,,False,sunscreen,2024-06,3,3,36,0.000677,0.000233,2.9074,False,0.421337,unrated
topsis,topsis,,False,sunscreen,2026-05,3,1,36,0.001003,0.0,,False,0.454044,unrated
toxic epidermal necrolysis,toxic epidermal necrolysis,,False,sunscreen,2025-08,3,3,36,0.000631,0.000208,3.0301,False,0.690257,unrated
toxicant,toxicant,,False,sunscreen,2024-01,3,3,36,0.000334,0.000337,0.993,False,0.952206,unrated
tracking (education),tracking (education),,False,sunscreen,2026-03,3,2,36,0.000966,0.0,,False,0.44516,unrated
transesterification,transesterification,,False,sunscreen,2026-07,3,1,36,0.000807,0.0,,False,0.494083,unrated
transition (genetics),transition (genetics),,False,sunscreen,2024-02,3,3,36,0.0,0.000838,0.0,False,,unrated
tree (set theory),tree (set theory),,False,sunscreen,2024-10,3,3,36,0.0,0.000732,0.0,False,,unrated
trolox equivalent antioxidant capacity,trolox equivalent antioxidant capacity,,False,sunscreen,2023-09,3,3,36,0.000598,0.000244,2.4557,False,0.436365,unrated
trunk,trunk,,False,sunscreen,2024-07,3,3,36,0.000585,0.000283,2.0644,False,0.365418,unrated
turbidity,turbidity,,False,sunscreen,2024-11,3,3,36,0.000619,0.000238,2.6003,False,0.391832,unrated
typology,typology,,False,sunscreen,2023-12,3,3,36,0.000285,0.000376,0.7588,False,0.482759,unrated
tyrosine,tyrosine,,False,sunscreen,2024-04,3,3,36,0.000358,0.000493,0.7265,False,0.698819,unrated
ultrastructure,ultrastructure,,False,sunscreen,2026-03,3,2,36,0.000879,0.0,,False,0.708733,unrated
understory,understory,,False,sunscreen,2024-10,3,3,36,0.000692,0.000274,2.5247,False,0.674856,unrated
university hospital,university hospital,,False,sunscreen,2023-10,3,3,36,0.000334,0.000579,0.5775,False,0.454044,unrated
usability,usability,,False,sunscreen,2025-12,3,2,36,0.000906,0.0,,False,0.435065,unrated
uv curing,uv curing,,False,sunscreen,2024-11,3,3,36,0.000681,0.000238,2.8619,False,0.680975,unrated
vaccinium,vaccinium,,False,sunscreen,2023-09,3,3,36,0.000439,0.000452,0.9716,False,0.857488,unrated
vermicompost,vermicompost,,False,sunscreen,2023-09,3,3,36,0.00031,0.00045,0.6896,False,0.387372,unrated
vietnamese,vietnamese,,False,sunscreen,2024-01,3,3,36,0.0,0.000605,0.0,False,,unrated
vinyl alcohol,vinyl alcohol,,False,sunscreen,2023-10,3,3,36,0.0,0.000713,0.0,False,,unrated
vitamin deficiency,vitamin deficiency,,False,sunscreen,2026-05,3,2,36,0.000953,0.0,,False,0.468402,unrated
vocational education,vocational education,,False,sunscreen,2025-11,3,3,36,0.001032,0.0,,False,0.434326,unrated
warrant,warrant,,False,sunscreen,2025-07,3,2,36,0.000784,0.000189,4.1568,False,0.644397,unrated
water column,water column,,False,sunscreen,2023-10,3,3,36,0.000297,0.00053,0.561,False,0.436275,unrated
water framework directive,water framework directive,,False,sunscreen,2025-05,3,3,36,0.000439,0.000414,1.0615,False,0.396135,unrated
weighting,weighting,,False,sunscreen,2023-09,3,3,36,0.000561,0.000244,2.3042,False,0.438897,unrated
wilcoxon signed rank test,wilcoxon signed rank test,,False,sunscreen,2026-05,3,3,36,0.000619,0.0,,False,0.468402,unrated
wild type,wild type,,False,sunscreen,2024-04,3,2,36,0.000621,0.000304,2.0404,False,0.387372,unrated
wool,wool,,False,sunscreen,2025-12,3,2,36,0.000904,0.0,,False,0.712165,unrated
word (group theory),word (group theory),,False,sunscreen,2024-12,3,2,36,0.000878,0.000206,4.2587,False,0.626812,unrated
wrist,wrist,,False,sunscreen,2025-01,3,2,36,0.000823,0.000102,8.0561,False,0.289593,unrated
wrky protein domain,wrky protein domain,,False,sunscreen,2023-11,3,3,36,0.000708,0.000285,2.4825,False,0.603884,unrated
wurtzite crystal structure,wurtzite crystal structure,,False,sunscreen,2024-05,3,2,36,0.000878,0.000262,3.352,False,0.693237,unrated
yarrowia,yarrowia,,False,sunscreen,2023-10,3,2,36,0.0,0.00066,0.0,False,,unrated
zeolite,zeolite,,False,sunscreen,2023-12,3,3,36,0.000334,0.000564,0.593,False,0.454044,unrated
zinc sulfide,zinc sulfide,,False,sunscreen,2023-12,3,3,36,0.000297,0.000376,0.791,False,0.436275,unrated
16s ribosomal rna,16s ribosomal rna,,False,sunscreen,2023-12,2,2,36,0.0,0.000564,0.0,False,,unrated
3d printing,3d printing,,False,sunscreen,2024-02,2,2,36,0.0,0.000446,0.0,False,,unrated
CERAMIDE,ceramide,ingredient,True,sunscreen,2025-06,2,2,36,0.000285,0.000194,1.4707,False,0.482759,unrated
ab initio quantum chemistry methods,ab initio quantum chemistry methods,,False,sunscreen,2024-09,2,2,36,0.000392,0.000239,1.6363,False,0.782328,unrated
ablative case,ablative case,,False,sunscreen,2025-09,2,2,36,0.000627,0.0,,False,0.650585,unrated
acanthaceae,acanthaceae,,False,sunscreen,2025-08,2,2,36,0.000269,0.000208,1.2912,False,0.494083,unrated
acanthosis nigricans,acanthosis nigricans,,False,sunscreen,2025-07,2,2,36,0.000297,0.000189,1.5757,False,0.436275,unrated
accelerated solvent extraction,accelerated solvent extraction,,False,sunscreen,2024-08,2,2,36,0.0,0.000409,0.0,False,,unrated
accounting,accounting,,False,sunscreen,2024-07,2,2,36,0.0,0.000477,0.0,False,,unrated
acetonitrile,acetonitrile,,False,sunscreen,2024-03,2,2,36,0.0,0.000409,0.0,False,,unrated
aché,aché,,False,sunscreen,2026-01,2,2,36,0.000598,0.0,,False,0.702615,unrated
acitretin,acitretin,,False,sunscreen,2024-03,2,2,36,0.000392,0.000306,1.2789,False,0.359914,unrated
action spectrum,action spectrum,,False,sunscreen,2023-09,2,2,36,0.00031,0.000244,1.2733,False,0.387372,unrated
active galactic nucleus,active galactic nucleus,,False,sunscreen,2023-09,2,2,36,0.000411,0.000244,1.6882,False,0.977376,unrated
active site,active site,,False,sunscreen,2024-03,2,2,36,0.0,0.000544,0.0,False,,unrated
acute intermittent porphyria,acute intermittent porphyria,,False,sunscreen,2024-01,2,2,36,0.0,0.000118,0.0,False,,unrated
acylation,acylation,,False,sunscreen,2025-03,2,2,36,0.000227,0.000269,0.8454,False,0.42375,unrated
adenylate kinase,adenylate kinase,,False,sunscreen,2024-01,2,2,36,0.0,0.000463,0.0,False,,unrated
adipate,adipate,,False,sunscreen,2024-02,2,2,36,0.000269,0.000344,0.7812,False,0.494083,unrated
adipogenesis,adipogenesis,,False,sunscreen,2024-08,2,2,36,0.000392,0.000306,1.2789,False,0.782328,unrated
adipose tissue,adipose tissue,,False,sunscreen,2024-08,2,2,36,0.000297,0.000306,0.9697,False,0.436275,unrated
advanced oxidation process,advanced oxidation process,,False,sunscreen,2023-12,2,2,36,0.0,0.000376,0.0,False,,unrated
aeolian processes,aeolian processes,,False,sunscreen,2024-01,2,2,36,0.0,0.000356,0.0,False,,unrated
aerial root,aerial root,,False,sunscreen,2024-08,2,2,36,0.000358,0.000306,1.1682,False,0.962598,unrated
afatinib,afatinib,,False,sunscreen,2025-01,2,2,36,0.0,0.000102,0.0,False,,unrated
african american,african american,,False,sunscreen,2024-09,2,2,36,0.000411,0.000239,1.7179,False,0.289593,unrated
agricultural science,agricultural science,,False,sunscreen,2024-06,2,2,36,0.0,0.000502,0.0,False,,unrated
aldolase a,aldolase a,,False,sunscreen,2024-03,2,2,36,0.000285,0.000306,0.9302,False,0.482759,unrated
alkaloid,alkaloid,,False,sunscreen,2024-09,2,2,36,0.0,0.000478,0.0,False,,unrated
alternative oxidase,alternative oxidase,,False,sunscreen,2026-04,2,2,36,0.000371,0.0,,False,0.934694,unrated
altitude (triangle),altitude (triangle),,False,sunscreen,2024-10,2,2,36,0.0,0.000512,0.0,False,,unrated
aluminium,aluminium,,False,sunscreen,2024-02,2,2,36,0.000285,0.000344,0.8277,False,0.482759,unrated
amateur,amateur,,False,sunscreen,2025-03,2,2,36,0.000227,0.000269,0.8454,False,0.42375,unrated
amendment,amendment,,False,sunscreen,2026-02,2,2,36,0.00081,0.0,,False,0.422558,unrated
american community survey,american community survey,,False,sunscreen,2026-05,2,1,36,0.000668,0.0,,False,0.454044,unrated
amide,amide,,False,sunscreen,2025-04,2,2,36,0.000269,0.000218,1.233,False,0.494083,unrated
amphibian,amphibian,,False,sunscreen,2025-10,2,2,36,0.000782,0.0,,False,0.680373,unrated
amyloidosis,amyloidosis,,False,sunscreen,2024-05,2,2,36,0.000371,0.000262,1.4162,False,0.44898,unrated
anabaena variabilis,anabaena variabilis,,False,sunscreen,2023-10,2,2,36,0.0,0.000466,0.0,False,,unrated
anacardiaceae,anacardiaceae,,False,sunscreen,2023-12,2,2,36,0.000227,0.000257,0.8836,False,0.42375,unrated
analysis of variance,analysis of variance,,False,sunscreen,2024-07,2,2,36,0.0,0.000492,0.0,False,,unrated
analytical procedures,analytical procedures,,False,sunscreen,2023-11,2,2,36,0.000439,0.000285,1.539,False,0.857488,unrated
ananas,ananas,,False,sunscreen,2024-06,2,2,36,0.000334,0.000233,1.4355,False,0.454044,unrated
anaphylaxis,anaphylaxis,,False,sunscreen,2024-10,2,2,36,0.000392,0.000274,1.4293,False,0.359914,unrated
androgen receptor,androgen receptor,,False,sunscreen,2023-09,2,2,36,0.0,0.000437,0.0,False,,unrated
animal model,animal model,,False,sunscreen,2025-01,2,2,36,0.000269,0.000102,2.634,False,0.494083,unrated
annona muricata,annona muricata,,False,sunscreen,2025-11,2,1,36,0.000784,0.0,,False,0.571121,unrated
anode,anode,,False,sunscreen,2024-02,2,2,36,0.0,0.000582,0.0,False,,unrated
anodizing,anodizing,,False,sunscreen,2024-02,2,2,36,0.00031,0.000344,0.9011,False,0.387372,unrated
anoxygenic photosynthesis,anoxygenic photosynthesis,,False,sunscreen,2024-03,2,2,36,0.0,0.000409,0.0,False,,unrated
antenna (radio),antenna (radio),,False,sunscreen,2023-11,2,2,36,0.0,0.000494,0.0,False,,unrated
anthraquinone,anthraquinone,,False,sunscreen,2023-12,2,2,36,0.000227,0.000257,0.8836,False,0.42375,unrated
antiaromaticity,antiaromaticity,,False,sunscreen,2025-10,2,1,36,0.000823,0.0,,False,0.530543,unrated
antibiotic resistance,antibiotic resistance,,False,sunscreen,2024-01,2,2,36,0.0,0.00042,0.0,False,,unrated
antidepressant,antidepressant,,False,sunscreen,2024-01,2,2,36,0.000227,0.000118,1.9199,False,0.42375,unrated
antiporter,antiporter,,False,sunscreen,2024-03,2,2,36,0.0,0.000513,0.0,False,,unrated
apiaceae,apiaceae,,False,sunscreen,2023-11,2,2,36,0.0,0.000285,0.0,False,,unrated
apx,apx,,False,sunscreen,2024-01,2,2,36,0.000269,0.000118,2.2724,False,0.494083,unrated
aqueous two phase system,aqueous two phase system,,False,sunscreen,2026-02,2,1,36,0.000878,0.0,,False,0.396135,unrated
arbuscular mycorrhizal,arbuscular mycorrhizal,,False,sunscreen,2026-06,2,1,36,0.00057,0.0,,False,0.482759,unrated
arbuscular mycorrhizal fungi,arbuscular mycorrhizal fungi,,False,sunscreen,2025-10,2,2,36,0.000696,0.0,,False,0.711967,unrated
architecture,architecture,,False,sunscreen,2024-08,2,2,36,0.000285,0.000306,0.9302,False,0.482759,unrated
argumentation theory,argumentation theory,,False,sunscreen,2024-07,2,1,36,0.0,0.000567,0.0,False,,unrated
arid,arid,,False,sunscreen,2024-03,2,2,36,0.0,0.00059,0.0,False,,unrated
arrhenius equation,arrhenius equation,,False,sunscreen,2026-05,2,2,36,0.000619,0.0,,False,0.468402,unrated
arsenic,arsenic,,False,sunscreen,2024-05,2,2,36,0.000227,0.000262,0.8673,False,0.42375,unrated
artificial photosynthesis,artificial photosynthesis,,False,sunscreen,2024-05,2,2,36,0.000297,0.000262,1.1338,False,0.436275,unrated
artificial skin,artificial skin,,False,sunscreen,2024-01,2,2,36,0.000285,0.000118,2.4076,False,0.482759,unrated
ascophyllum,ascophyllum,,False,sunscreen,2024-06,2,2,36,0.000371,0.000233,1.5941,False,0.44898,unrated
ascorbyl palmitate,ascorbyl palmitate,,False,sunscreen,2024-06,2,2,36,0.00031,0.000233,1.3328,False,0.387372,unrated
asthma,asthma,,False,sunscreen,2025-05,2,2,36,0.000297,0.000225,1.3192,False,0.436275,unrated
astringent,astringent,,False,sunscreen,2026-08,2,1,36,0.0,0.0,,False,,unrated
atmospheric pressure,atmospheric pressure,,False,sunscreen,2026-04,2,1,36,0.000742,0.0,,False,0.44898,unrated
atmospheric pressure plasma,atmospheric pressure plasma,,False,sunscreen,2026-04,2,1,36,0.000742,0.0,,False,0.44898,unrated
atomic absorption spectroscopy,atomic absorption spectroscopy,,False,sunscreen,2025-11,2,2,36,0.000661,0.0,,False,0.426999,unrated
atrazine,atrazine,,False,sunscreen,2025-07,2,1,36,0.0,0.000377,0.0,False,,unrated
attenuation coefficient,attenuation coefficient,,False,sunscreen,2026-01,2,2,36,0.000227,0.0,,False,0.42375,unrated
axilla,axilla,,False,sunscreen,2025-01,2,2,36,0.000392,0.000102,3.8367,False,0.359914,unrated
baccharis,baccharis,,False,sunscreen,2024-03,2,2,36,0.0,0.000306,0.0,False,,unrated
ball mill,ball mill,,False,sunscreen,2023-09,2,2,36,0.0,0.000483,0.0,False,,unrated
baltic sea,baltic sea,,False,sunscreen,2025-01,2,1,36,0.0,0.000204,0.0,False,,unrated
banana peel,banana peel,,False,sunscreen,2023-10,2,2,36,0.000297,0.000272,1.0909,False,0.436275,unrated
baseline (sea),baseline (sea),,False,sunscreen,2024-02,2,2,36,0.0,0.000446,0.0,False,,unrated
basilicum,basilicum,,False,sunscreen,2024-05,2,2,36,0.0,0.0005,0.0,False,,unrated
basis set,basis set,,False,sunscreen,2025-04,2,2,36,0.000269,0.000218,1.233,False,0.494083,unrated
beautification,beautification,,False,sunscreen,2026-07,2,1,36,0.000538,0.0,,False,0.494083,unrated
beech,beech,,False,sunscreen,2025-01,2,1,36,0.0,0.000204,0.0,False,,unrated
behavior change,behavior change,,False,sunscreen,2023-10,2,2,36,0.0,0.000579,0.0,False,,unrated
behavioral risk factor surveillance system,behavioral risk factor surveillance system,,False,sunscreen,2025-05,2,2,36,0.0,0.000434,0.0,False,,unrated
behaviour change,behaviour change,,False,sunscreen,2025-10,2,2,36,0.000803,0.0,,False,0.583374,unrated
beijing,beijing,,False,sunscreen,2024-01,2,2,36,0.0,0.000387,0.0,False,,unrated
bend radius,bend radius,,False,sunscreen,2025-12,2,1,36,0.000621,0.0,,False,0.650171,unrated
benthos,benthos,,False,sunscreen,2025-04,2,2,36,0.000371,0.000218,1.701,False,0.44898,unrated
benzene derivatives,benzene derivatives,,False,sunscreen,2026-04,2,2,36,0.000705,0.0,,False,0.451512,unrated
betaine,betaine,,False,sunscreen,2023-10,2,2,36,0.0,0.000558,0.0,False,,unrated
betel,betel,,False,sunscreen,2024-04,2,2,36,0.00031,0.000304,1.0202,False,0.387372,unrated
bibliometrics,bibliometrics,,False,sunscreen,2026-01,2,2,36,0.000666,0.0,,False,0.409942,unrated
bilayer,bilayer,,False,sunscreen,2025-06,2,2,36,0.00031,0.000194,1.6011,False,0.912969,unrated
binary star,binary star,,False,sunscreen,2026-02,2,1,36,0.000878,0.0,,False,0.919082,unrated
binding constant,binding constant,,False,sunscreen,2023-12,2,2,36,0.0,0.000561,0.0,False,,unrated
binding site,binding site,,False,sunscreen,2023-12,2,2,36,0.0,0.000561,0.0,False,,unrated
bioadhesive,bioadhesive,,False,sunscreen,2024-11,2,2,36,0.000371,0.000238,1.5587,False,0.44898,unrated
bioaugmentation,bioaugmentation,,False,sunscreen,2025-10,2,1,36,0.000823,0.0,,False,0.753394,unrated
biodiesel,biodiesel,,False,sunscreen,2026-01,2,2,36,0.000512,0.0,,False,0.453255,unrated
biofortification,biofortification,,False,sunscreen,2023-11,2,2,36,0.0,0.000504,0.0,False,,unrated
biological dispersal,biological dispersal,,False,sunscreen,2025-09,2,2,36,0.000692,0.0,,False,0.640408,unrated
biomanufacturing,biomanufacturing,,False,sunscreen,2025-01,2,2,36,0.000269,0.000102,2.634,False,0.494083,unrated
biomedical sciences,biomedical sciences,,False,sunscreen,2026-05,2,1,36,0.000668,0.0,,False,0.454044,unrated
biopesticide,biopesticide,,False,sunscreen,2024-08,2,2,36,0.000334,0.000306,1.0908,False,0.454044,unrated
bioproducts,bioproducts,,False,sunscreen,2025-01,2,2,36,0.0,0.000371,0.0,False,,unrated
bioreactor,bioreactor,,False,sunscreen,2024-04,2,2,36,0.000392,0.000304,1.2883,False,0.782328,unrated
biorefining,biorefining,,False,sunscreen,2024-07,2,2,36,0.00031,0.000283,1.0946,False,0.912969,unrated
biorepository,biorepository,,False,sunscreen,2026-03,2,2,36,0.000566,0.0,,False,0.710277,unrated
biosafety,biosafety,,False,sunscreen,2024-03,2,2,36,0.0,0.000539,0.0,False,,unrated
biotic component,biotic component,,False,sunscreen,2024-11,2,2,36,0.0,0.000446,0.0,False,,unrated
biphenyl,biphenyl,,False,sunscreen,2024-10,2,2,36,0.0,0.000463,0.0,False,,unrated
bipolar disorder,bipolar disorder,,False,sunscreen,2025-10,2,2,36,0.000722,0.0,,False,0.338483,unrated
birth weight,birth weight,,False,sunscreen,2024-06,2,2,36,0.0,0.000439,0.0,False,,unrated
bismuth,bismuth,,False,sunscreen,2024-08,2,2,36,0.000439,0.000306,1.4335,False,0.396135,unrated
blood loss,blood loss,,False,sunscreen,2024-06,2,2,36,0.0,0.000335,0.0,False,,unrated
bloom,bloom,,False,sunscreen,2025-01,2,2,36,0.0,0.00031,0.0,False,,unrated
blue mussel,blue mussel,,False,sunscreen,2023-09,2,2,36,0.0,0.000482,0.0,False,,unrated
bottled water,bottled water,,False,sunscreen,2023-12,2,2,36,0.00031,0.000257,1.2063,False,0.912969,unrated
bran,bran,,False,sunscreen,2023-09,2,2,36,0.0,0.000501,0.0,False,,unrated
brand preference,brand preference,,False,sunscreen,2026-06,2,1,36,0.00057,0.0,,False,0.482759,unrated
brassinosteroid,brassinosteroid,,False,sunscreen,2024-09,2,2,36,0.000297,0.000239,1.2407,False,0.436275,unrated
bromelain,bromelain,,False,sunscreen,2025-02,2,2,36,0.000297,0.000302,0.984,False,0.436275,unrated
browning,browning,,False,sunscreen,2025-08,2,2,36,0.000358,0.000208,1.718,False,0.307087,unrated
bryophyte,bryophyte,,False,sunscreen,2025-07,2,2,36,0.000297,0.000189,1.5757,False,0.436275,unrated
buccal administration,buccal administration,,False,sunscreen,2025-10,2,2,36,0.000851,0.0,,False,0.342864,unrated
building envelope,building envelope,,False,sunscreen,2026-03,2,1,36,0.000594,0.0,,False,0.436275,unrated
bupleurum,bupleurum,,False,sunscreen,2025-12,2,2,36,0.000579,0.0,,False,0.440727,unrated
burn injury,burn injury,,False,sunscreen,2026-03,2,2,36,0.000582,0.0,,False,0.459517,unrated
burn units,burn units,,False,sunscreen,2026-03,2,2,36,0.000582,0.0,,False,0.459517,unrated
business plan,business plan,,False,sunscreen,2025-01,2,1,36,0.0,0.000204,0.0,False,,unrated
buttocks,buttocks,,False,sunscreen,2025-01,2,2,36,0.000411,0.000102,4.028,False,0.289593,unrated
butyrylcholinesterase,butyrylcholinesterase,,False,sunscreen,2026-01,2,2,36,0.000524,0.0,,False,0.430013,unrated
calcipotriol,calcipotriol,,False,sunscreen,2024-03,2,2,36,0.0,0.000495,0.0,False,,unrated
calcitriol,calcitriol,,False,sunscreen,2025-03,2,2,36,0.000297,0.000269,1.1051,False,0.436275,unrated
calcium carbonate,calcium carbonate,,False,sunscreen,2023-12,2,2,36,0.0,0.000482,0.0,False,,unrated
calcium oxide,calcium oxide,,False,sunscreen,2024-03,2,2,36,0.0,0.000495,0.0,False,,unrated
calendula officinalis,calendula officinalis,,False,sunscreen,2024-06,2,2,36,0.0,0.000427,0.0,False,,unrated
camellia oleifera,camellia oleifera,,False,sunscreen,2025-09,2,2,36,0.000643,0.0,,False,0.394923,unrated
cancer incidence,cancer incidence,,False,sunscreen,2025-10,2,2,36,0.00068,0.0,,False,0.632788,unrated
cancer medicine,cancer medicine,,False,sunscreen,2025-10,2,2,36,0.000803,0.0,,False,0.977536,unrated
cancer screening,cancer screening,,False,sunscreen,2026-06,2,2,36,0.000554,0.0,,False,0.488421,unrated
cannabinoid,cannabinoid,,False,sunscreen,2025-11,2,2,36,0.000702,0.0,,False,0.373643,unrated
carbon flux,carbon flux,,False,sunscreen,2025-12,2,2,36,0.000681,0.0,,False,0.723637,unrated
carbon nanoparticles,carbon nanoparticles,,False,sunscreen,2024-03,2,2,36,0.0,0.000409,0.0,False,,unrated
cardiac toxicity,cardiac toxicity,,False,sunscreen,2024-01,2,2,36,0.0,0.000387,0.0,False,,unrated
carnauba wax,carnauba wax,,False,sunscreen,2024-06,2,2,36,0.000334,0.000233,1.4355,False,0.454044,unrated
carnosic acid,carnosic acid,,False,sunscreen,2026-05,2,1,36,0.000668,0.0,,False,0.454044,unrated
case control study,case control study,,False,sunscreen,2025-06,2,2,36,0.000285,0.000194,1.4707,False,0.482759,unrated
case presentation,case presentation,,False,sunscreen,2024-10,2,1,36,0.0,0.000548,0.0,False,,unrated
cathelicidin,cathelicidin,,False,sunscreen,2025-10,2,2,36,0.000696,0.0,,False,0.386176,unrated
cathode,cathode,,False,sunscreen,2025-05,2,1,36,0.0,0.00045,0.0,False,,unrated
causative,causative,,False,sunscreen,2026-01,2,1,36,0.000455,0.0,,False,0.42375,unrated
cavity magnetron,cavity magnetron,,False,sunscreen,2025-01,2,2,36,0.0,0.000291,0.0,False,,unrated
cell adhesion,cell adhesion,,False,sunscreen,2025-09,2,1,36,0.000716,0.0,,False,0.307087,unrated
cell cycle,cell cycle,,False,sunscreen,2025-10,2,2,36,0.000639,0.0,,False,0.356672,unrated
cell cycle checkpoint,cell cycle checkpoint,,False,sunscreen,2025-10,2,2,36,0.000782,0.0,,False,0.369286,unrated
cell wall,cell wall,,False,sunscreen,2024-03,2,2,36,0.000334,0.000306,1.0908,False,0.952206,unrated
cellular aging,cellular aging,,False,sunscreen,2025-05,2,2,36,0.000334,0.000225,1.4839,False,0.454044,unrated
cellulase,cellulase,,False,sunscreen,2024-05,2,2,36,0.0,0.000364,0.0,False,,unrated
cellulite,cellulite,,False,sunscreen,2026-02,2,1,36,0.000878,0.0,,False,0.396135,unrated
centaurea,centaurea,,False,sunscreen,2024-09,2,2,36,0.0,0.000514,0.0,False,,unrated
central nervous system,central nervous system,,False,sunscreen,2025-06,2,2,36,0.000285,0.000194,1.4707,False,0.482759,unrated
centroid,centroid,,False,sunscreen,2023-09,2,2,36,0.000227,0.000244,0.9327,False,0.42375,unrated
chamaecyparis,chamaecyparis,,False,sunscreen,2024-01,2,2,36,0.0,0.00042,0.0,False,,unrated
character (mathematics),character (mathematics),,False,sunscreen,2026-07,2,1,36,0.000538,0.0,,False,0.494083,unrated
charge carrier,charge carrier,,False,sunscreen,2025-11,2,2,36,0.000661,0.0,,False,0.426999,unrated
cheek,cheek,,False,sunscreen,2024-11,2,2,36,0.000269,0.000238,1.1299,False,0.494083,unrated
chelation,chelation,,False,sunscreen,2023-09,2,2,36,0.0,0.000518,0.0,False,,unrated
chemical biology,chemical biology,,False,sunscreen,2026-07,2,1,36,0.000538,0.0,,False,0.494083,unrated
chemical constituents,chemical constituents,,False,sunscreen,2026-04,2,2,36,0.000705,0.0,,False,0.451512,unrated
chemical decomposition,chemical decomposition,,False,sunscreen,2025-01,2,2,36,0.0,0.00031,0.0,False,,unrated
chemical oxygen demand,chemical oxygen demand,,False,sunscreen,2024-11,2,2,36,0.000285,0.000238,1.1971,False,0.482759,unrated
chemical space,chemical space,,False,sunscreen,2026-04,2,2,36,0.000705,0.0,,False,0.451512,unrated
chemiluminescence,chemiluminescence,,False,sunscreen,2025-01,2,2,36,0.000227,0.000102,2.2254,False,0.42375,unrated
chemoprotective,chemoprotective,,False,sunscreen,2024-03,2,2,36,0.000411,0.000306,1.3427,False,0.857466,unrated
chenopodiaceae,chenopodiaceae,,False,sunscreen,2024-01,2,2,36,0.0,0.000425,0.0,False,,unrated
chenopodium quinoa,chenopodium quinoa,,False,sunscreen,2025-02,2,2,36,0.000285,0.000302,0.944,False,0.482759,unrated
cherenkov detector,cherenkov detector,,False,sunscreen,2024-03,2,1,36,0.0,0.000613,0.0,False,,unrated
cherenkov radiation,cherenkov radiation,,False,sunscreen,2024-03,2,1,36,0.0,0.000613,0.0,False,,unrated
chloramination,chloramination,,False,sunscreen,2024-01,2,2,36,0.0,0.000463,0.0,False,,unrated
chlorella pyrenoidosa,chlorella pyrenoidosa,,False,sunscreen,2024-05,2,2,36,0.0,0.000502,0.0,False,,unrated
chloride,chloride,,False,sunscreen,2024-07,2,2,36,0.0,0.000522,0.0,False,,unrated
chlorosome,chlorosome,,False,sunscreen,2024-01,2,2,36,0.0,0.000425,0.0,False,,unrated
cholinesterase,cholinesterase,,False,sunscreen,2025-07,2,2,36,0.0,0.000397,0.0,False,,unrated
chromatography detector,chromatography detector,,False,sunscreen,2025-01,2,2,36,0.000334,0.000102,3.2723,False,0.454044,unrated
chronic toxicity,chronic toxicity,,False,sunscreen,2026-01,2,2,36,0.000496,0.0,,False,0.458917,unrated
cinnamic acid,cinnamic acid,,False,sunscreen,2025-08,2,2,36,0.000411,0.000208,1.9745,False,0.289593,unrated
citizen science,citizen science,,False,sunscreen,2025-03,2,2,36,0.0,0.000269,0.0,False,,unrated
citral,citral,,False,sunscreen,2024-01,2,2,36,0.00031,0.000118,2.6211,False,0.387372,unrated
citric acid cycle,citric acid cycle,,False,sunscreen,2025-08,2,2,36,0.000269,0.000208,1.2912,False,0.494083,unrated
citrus × sinensis,citrus × sinensis,,False,sunscreen,2024-01,2,2,36,0.0,0.000327,0.0,False,,unrated
civil engineering,civil engineering,,False,sunscreen,2025-08,2,1,36,0.0,0.000417,0.0,False,,unrated
clean technology,clean technology,,False,sunscreen,2024-03,2,2,36,0.0,0.000546,0.0,False,,unrated
clean up,clean up,,False,sunscreen,2024-09,2,2,36,0.000358,0.000239,1.4947,False,0.698819,unrated
climate change adaptation,climate change adaptation,,False,sunscreen,2025-01,2,2,36,0.0,0.000296,0.0,False,,unrated
clinical oncology,clinical oncology,,False,sunscreen,2025-10,2,2,36,0.000803,0.0,,False,0.977536,unrated
clobetasol propionate,clobetasol propionate,,False,sunscreen,2025-09,2,2,36,0.000692,0.0,,False,0.380566,unrated
club,club,,False,sunscreen,2024-12,2,2,36,0.0,0.000308,0.0,False,,unrated
coacervate,coacervate,,False,sunscreen,2025-01,2,2,36,0.00031,0.000102,3.0382,False,0.387372,unrated
cofactor,cofactor,,False,sunscreen,2025-09,2,2,36,0.000797,0.0,,False,0.611453,unrated
cognitive load,cognitive load,,False,sunscreen,2024-07,2,1,36,0.0,0.000567,0.0,False,,unrated
cognitive science,cognitive science,,False,sunscreen,2025-05,2,2,36,0.0,0.000419,0.0,False,,unrated
college health,college health,,False,sunscreen,2023-11,2,2,36,0.0,0.000569,0.0,False,,unrated
colonialism,colonialism,,False,sunscreen,2025-11,2,1,36,0.000784,0.0,,False,0.359914,unrated
color vision,color vision,,False,sunscreen,2024-07,2,2,36,0.000334,0.000283,1.1789,False,0.454044,unrated
colorimeter,colorimeter,,False,sunscreen,2024-08,2,2,36,0.000411,0.000306,1.3427,False,0.289593,unrated
column (typography),column (typography),,False,sunscreen,2024-09,2,2,36,0.0,0.000514,0.0,False,,unrated
combustion,combustion,,False,sunscreen,2023-12,2,2,36,0.000227,0.000257,0.8836,False,0.42375,unrated
comedo,comedo,,False,sunscreen,2026-01,2,2,36,0.000496,0.0,,False,0.458917,unrated
commerce,commerce,,False,sunscreen,2024-04,2,2,36,0.0,0.000406,0.0,False,,unrated
commercialization,commercialization,,False,sunscreen,2024-06,2,2,36,0.000392,0.000233,1.6831,False,0.359914,unrated
community structure,community structure,,False,sunscreen,2024-01,2,2,36,0.0,0.000356,0.0,False,,unrated
comorbidity,comorbidity,,False,sunscreen,2025-06,2,2,36,0.000285,0.000194,1.4707,False,0.981191,unrated
confirmatory factor analysis,confirmatory factor analysis,,False,sunscreen,2026-06,2,1,36,0.00057,0.0,,False,0.482759,unrated
conformal coating,conformal coating,,False,sunscreen,2025-12,2,1,36,0.000621,0.0,,False,0.650171,unrated
conformational change,conformational change,,False,sunscreen,2026-06,2,2,36,0.000554,0.0,,False,0.746258,unrated
conidium,conidium,,False,sunscreen,2024-12,2,2,36,0.000334,0.000206,1.6203,False,0.454044,unrated
conjecture,conjecture,,False,sunscreen,2026-03,2,1,36,0.000594,0.0,,False,0.436275,unrated
connective tissue disorder,connective tissue disorder,,False,sunscreen,2023-10,2,2,36,0.000358,0.000272,1.3142,False,0.307087,unrated
consciousness,consciousness,,False,sunscreen,2023-11,2,2,36,0.0,0.000479,0.0,False,,unrated
consensus conference,consensus conference,,False,sunscreen,2024-09,2,2,36,0.000334,0.000239,1.3956,False,0.952206,unrated
consumer education,consumer education,,False,sunscreen,2024-09,2,2,36,0.00031,0.000239,1.2957,False,0.387372,unrated
content validity,content validity,,False,sunscreen,2026-06,2,1,36,0.00057,0.0,,False,0.482759,unrated
convergent evolution,convergent evolution,,False,sunscreen,2023-09,2,2,36,0.0,0.000452,0.0,False,,unrated
cooking oil,cooking oil,,False,sunscreen,2025-09,2,2,36,0.000668,0.0,,False,0.347229,unrated
cooling load,cooling load,,False,sunscreen,2025-09,2,2,36,0.000585,0.0,,False,0.561284,unrated
coral reef fish,coral reef fish,,False,sunscreen,2025-08,2,2,36,0.000411,0.000208,1.9745,False,0.649321,unrated
coral reef organizations,coral reef organizations,,False,sunscreen,2025-03,2,2,36,0.0,0.000487,0.0,False,,unrated
cork,cork,,False,sunscreen,2024-10,2,2,36,0.0,0.000543,0.0,False,,unrated
corm,corm,,False,sunscreen,2024-12,2,2,36,0.0,0.000475,0.0,False,,unrated
cornerstone,cornerstone,,False,sunscreen,2025-07,2,1,36,0.0,0.000377,0.0,False,,unrated
corrosion,corrosion,,False,sunscreen,2025-11,2,2,36,0.000689,0.0,,False,0.643193,unrated
cost–benefit analysis,cost–benefit analysis,,False,sunscreen,2024-07,2,2,36,0.000285,0.000283,1.0054,False,0.482759,unrated
counterfeit drugs,counterfeit drugs,,False,sunscreen,2025-06,2,2,36,0.000392,0.000194,2.0219,False,0.359914,unrated
coupling reaction,coupling reaction,,False,sunscreen,2025-11,2,1,36,0.000784,0.0,,False,0.359914,unrated
crassostrea,crassostrea,,False,sunscreen,2025-01,2,2,36,0.0,0.000404,0.0,False,,unrated
creatinine,creatinine,,False,sunscreen,2023-09,2,2,36,0.000358,0.000244,1.4688,False,0.307087,unrated
creb,creb,,False,sunscreen,2023-09,2,2,36,0.0,0.000462,0.0,False,,unrated
cricket,cricket,,False,sunscreen,2025-01,2,2,36,0.0,0.000296,0.0,False,,unrated
critical appraisal,critical appraisal,,False,sunscreen,2024-03,2,2,36,0.0,0.000306,0.0,False,,unrated
crust,crust,,False,sunscreen,2026-06,2,1,36,0.00057,0.0,,False,0.482759,unrated
crystal violet,crystal violet,,False,sunscreen,2025-11,2,2,36,0.000689,0.0,,False,0.682577,unrated
cultural diversity,cultural diversity,,False,sunscreen,2024-07,2,2,36,0.000297,0.000283,1.0481,False,0.436275,unrated
cultural identity,cultural identity,,False,sunscreen,2025-09,2,2,36,0.000769,0.0,,False,0.29834,unrated
curing (chemistry),curing (chemistry),,False,sunscreen,2024-11,2,2,36,0.0,0.00034,0.0,False,,unrated
customer advocacy,customer advocacy,,False,sunscreen,2025-09,2,2,36,0.000643,0.0,,False,0.394923,unrated
customer delight,customer delight,,False,sunscreen,2025-09,2,2,36,0.000358,0.0,,False,0.307087,unrated
customer retention,customer retention,,False,sunscreen,2025-09,2,2,36,0.000358,0.0,,False,0.307087,unrated
cutting,cutting,,False,sunscreen,2025-12,2,1,36,0.000621,0.0,,False,0.387372,unrated
cyanide,cyanide,,False,sunscreen,2026-05,2,1,36,0.000668,0.0,,False,0.454044,unrated
cyclobutane,cyclobutane,,False,sunscreen,2025-10,2,2,36,0.000411,0.0,,False,0.289593,unrated
cymbopogon citratus,cymbopogon citratus,,False,sunscreen,2024-01,2,2,36,0.0,0.000463,0.0,False,,unrated
cyp3a4,cyp3a4,,False,sunscreen,2024-05,2,2,36,0.000392,0.000262,1.4953,False,0.965517,unrated
cypress,cypress,,False,sunscreen,2024-01,2,2,36,0.0,0.00042,0.0,False,,unrated
cytokine,cytokine,,False,sunscreen,2023-10,2,2,36,0.000371,0.000272,1.3626,False,0.44898,unrated
cytosol,cytosol,,False,sunscreen,2025-01,2,2,36,0.0,0.000296,0.0,False,,unrated
damages,damages,,False,sunscreen,2025-03,2,2,36,0.000439,0.000269,1.6337,False,0.966184,unrated
damselfish,damselfish,,False,sunscreen,2024-07,2,2,36,0.000411,0.000283,1.4512,False,0.649321,unrated
daphnia pulex,daphnia pulex,,False,sunscreen,2025-01,2,2,36,0.0,0.000291,0.0,False,,unrated
dark state,dark state,,False,sunscreen,2026-01,2,2,36,0.000512,0.0,,False,0.453255,unrated
data extraction,data extraction,,False,sunscreen,2024-02,2,2,36,0.000227,0.000344,0.66,False,0.42375,unrated
data mining,data mining,,False,sunscreen,2024-04,2,2,36,0.0,0.000542,0.0,False,,unrated
data pre processing,data pre processing,,False,sunscreen,2025-12,2,1,36,0.000621,0.0,,False,0.387372,unrated
data set,data set,,False,sunscreen,2025-12,2,1,36,0.000621,0.0,,False,0.387372,unrated
day to day,day to day,,False,sunscreen,2024-10,2,2,36,0.0,0.000468,0.0,False,,unrated
dcmu,dcmu,,False,sunscreen,2025-05,2,1,36,0.0,0.00045,0.0,False,,unrated
debris,debris,,False,sunscreen,2023-10,2,2,36,0.0,0.000461,0.0,False,,unrated
decarboxylation,decarboxylation,,False,sunscreen,2025-12,2,2,36,0.000595,0.0,,False,0.435065,unrated
decoding methods,decoding methods,,False,sunscreen,2025-01,2,2,36,0.0,0.000327,0.0,False,,unrated
dehydration,dehydration,,False,sunscreen,2025-01,2,2,36,0.00031,0.000102,3.0382,False,0.387372,unrated
deinococcus radiodurans,deinococcus radiodurans,,False,sunscreen,2023-09,2,2,36,0.000227,0.000244,0.9327,False,0.42375,unrated
deliverable,deliverable,,False,sunscreen,2024-12,2,1,36,0.0,0.000413,0.0,False,,unrated
demodex,demodex,,False,sunscreen,2025-01,2,2,36,0.000227,0.000102,2.2254,False,0.42375,unrated
demodicosis,demodicosis,,False,sunscreen,2025-01,2,2,36,0.000227,0.000102,2.2254,False,0.42375,unrated
demographic profile,demographic profile,,False,sunscreen,2026-01,2,2,36,0.000561,0.0,,False,0.438897,unrated
denim,denim,,False,sunscreen,2026-03,2,1,36,0.000594,0.0,,False,0.436275,unrated
density matrix renormalization group,density matrix renormalization group,,False,sunscreen,2026-02,2,1,36,0.000878,0.0,,False,0.396135,unrated
density of states,density of states,,False,sunscreen,2024-08,2,2,36,0.000358,0.000306,1.1682,False,0.698819,unrated
deodorant,deodorant,,False,sunscreen,2023-12,2,2,36,0.000297,0.000257,1.1551,False,0.436275,unrated
dermatology life quality index,dermatology life quality index,,False,sunscreen,2024-04,2,2,36,0.000285,0.000304,0.9371,False,0.482759,unrated
dermatophyte,dermatophyte,,False,sunscreen,2024-04,2,2,36,0.000411,0.000304,1.3526,False,0.289593,unrated
desert (philosophy),desert (philosophy),,False,sunscreen,2024-03,2,2,36,0.0,0.000513,0.0,False,,unrated
detoxification (alternative medicine),detoxification (alternative medicine),,False,sunscreen,2024-01,2,2,36,0.0,0.000358,0.0,False,,unrated
dialysis,dialysis,,False,sunscreen,2024-12,2,2,36,0.000227,0.000206,1.1019,False,0.42375,unrated
diarrhetic shellfish poisoning,diarrhetic shellfish poisoning,,False,sunscreen,2024-01,2,2,36,0.0,0.000312,0.0,False,,unrated
diclofenac sodium,diclofenac sodium,,False,sunscreen,2026-01,2,2,36,0.000512,0.0,,False,0.688254,unrated
dielectric spectroscopy,dielectric spectroscopy,,False,sunscreen,2024-02,2,2,36,0.0,0.000446,0.0,False,,unrated
differential effects,differential effects,,False,sunscreen,2025-08,2,2,36,0.000227,0.000208,1.0909,False,0.42375,unrated
diffuse reflection,diffuse reflection,,False,sunscreen,2025-01,2,1,36,0.0,0.000204,0.0,False,,unrated
digital health,digital health,,False,sunscreen,2025-08,2,1,36,0.0,0.000417,0.0,False,,unrated
dilution,dilution,,False,sunscreen,2026-02,2,2,36,0.000736,0.0,,False,0.646881,unrated
dimmer,dimmer,,False,sunscreen,2026-06,2,2,36,0.000554,0.0,,False,0.488421,unrated
dipole,dipole,,False,sunscreen,2025-12,2,2,36,0.000607,0.0,,False,0.632814,unrated
discrete dipole approximation,discrete dipole approximation,,False,sunscreen,2025-12,2,2,36,0.000607,0.0,,False,0.632814,unrated
disfigurement,disfigurement,,False,sunscreen,2025-01,2,2,36,0.000227,0.000102,2.2254,False,0.42375,unrated
dispar,dispar,,False,sunscreen,2024-11,2,2,36,0.0,0.000444,0.0,False,,unrated
dispersant,dispersant,,False,sunscreen,2024-02,2,2,36,0.000334,0.000344,0.9705,False,0.454044,unrated
dispersion stability,dispersion stability,,False,sunscreen,2025-06,2,2,36,0.000227,0.000194,1.1728,False,0.42375,unrated
distress,distress,,False,sunscreen,2024-02,2,2,36,0.000334,0.000344,0.9705,False,0.454044,unrated
dithranol,dithranol,,False,sunscreen,2026-02,2,1,36,0.000878,0.0,,False,0.396135,unrated
dna microarray,dna microarray,,False,sunscreen,2025-09,2,2,36,0.000655,0.0,,False,0.371681,unrated
document retrieval,document retrieval,,False,sunscreen,2025-12,2,1,36,0.000621,0.0,,False,0.387372,unrated
dolichol,dolichol,,False,sunscreen,2025-05,2,2,36,0.00031,0.000225,1.3777,False,0.829352,unrated
dopamine,dopamine,,False,sunscreen,2024-11,2,2,36,0.0,0.000432,0.0,False,,unrated
dopant,dopant,,False,sunscreen,2024-02,2,2,36,0.000411,0.000344,1.1947,False,0.771493,unrated
dosimeter,dosimeter,,False,sunscreen,2023-11,2,2,36,0.0,0.000592,0.0,False,,unrated
dosimetry,dosimetry,,False,sunscreen,2024-08,2,2,36,0.00031,0.000306,1.0127,False,0.387372,unrated
download,download,,False,sunscreen,2024-01,2,2,36,0.0,0.00038,0.0,False,,unrated
drainage basin,drainage basin,,False,sunscreen,2025-11,2,2,36,0.000661,0.0,,False,0.888205,unrated
dream,dream,,False,sunscreen,2025-11,2,1,36,0.000784,0.0,,False,0.359914,unrated
drug industry,drug industry,,False,sunscreen,2025-10,2,2,36,0.00068,0.0,,False,0.391838,unrated
drug repositioning,drug repositioning,,False,sunscreen,2026-01,2,1,36,0.000455,0.0,,False,0.42375,unrated
dry weight,dry weight,,False,sunscreen,2025-04,2,2,36,0.000439,0.000218,2.0131,False,0.396135,unrated
earthworm,earthworm,,False,sunscreen,2023-12,2,2,36,0.0,0.000526,0.0,False,,unrated
ec50,ec50,,False,sunscreen,2023-09,2,2,36,0.000227,0.000244,0.9327,False,0.42375,unrated
ecosystem services,ecosystem services,,False,sunscreen,2024-09,2,2,36,0.00031,0.000239,1.2957,False,0.387372,unrated
ectoine,ectoine,,False,sunscreen,2025-03,2,2,36,0.0,0.000463,0.0,False,,unrated
edaphic,edaphic,,False,sunscreen,2025-10,2,2,36,0.000722,0.0,,False,0.579433,unrated
eddy covariance,eddy covariance,,False,sunscreen,2026-03,2,2,36,0.000668,0.0,,False,0.442628,unrated
effect modification,effect modification,,False,sunscreen,2024-08,2,2,36,0.0,0.0005,0.0,False,,unrated
effector,effector,,False,sunscreen,2024-02,2,2,36,0.000439,0.000344,1.2755,False,0.396135,unrated
effects of global warming on oceans,effects of global warming on oceans,,False,sunscreen,2023-11,2,2,36,0.000285,0.000285,0.9987,False,0.482759,unrated
elaboration likelihood model,elaboration likelihood model,,False,sunscreen,2025-06,2,2,36,0.000392,0.000194,2.0219,False,0.359914,unrated
electricity,electricity,,False,sunscreen,2025-11,2,2,36,0.000619,0.0,,False,0.391832,unrated
electrochromism,electrochromism,,False,sunscreen,2025-04,2,2,36,0.000227,0.000218,1.0417,False,0.42375,unrated
electron acceptor,electron acceptor,,False,sunscreen,2025-04,2,2,36,0.00031,0.000218,1.4222,False,0.829352,unrated
electron microscope,electron microscope,,False,sunscreen,2024-01,2,2,36,0.0,0.000356,0.0,False,,unrated
electrophile,electrophile,,False,sunscreen,2025-12,2,2,36,0.000595,0.0,,False,0.435065,unrated
electrospray,electrospray,,False,sunscreen,2024-03,2,2,36,0.0,0.000539,0.0,False,,unrated
elevation (ballistics),elevation (ballistics),,False,sunscreen,2024-01,2,2,36,0.0,0.000356,0.0,False,,unrated
elite,elite,,False,sunscreen,2025-01,2,2,36,0.000285,0.000102,2.7907,False,0.482759,unrated
enantioselective synthesis,enantioselective synthesis,,False,sunscreen,2024-03,2,2,36,0.0,0.000532,0.0,False,,unrated
endometriosis,endometriosis,,False,sunscreen,2024-12,2,2,36,0.0,0.0004,0.0,False,,unrated
energy consumption,energy consumption,,False,sunscreen,2026-03,2,1,36,0.000594,0.0,,False,0.436275,unrated
energy density,energy density,,False,sunscreen,2024-11,2,2,36,0.000392,0.000238,1.6457,False,0.359914,unrated
energy metabolism,energy metabolism,,False,sunscreen,2024-10,2,2,36,0.000371,0.000274,1.3537,False,0.981633,unrated
enforcement,enforcement,,False,sunscreen,2026-02,2,1,36,0.000878,0.0,,False,0.396135,unrated
enhanced data rates for gsm evolution,enhanced data rates for gsm evolution,,False,sunscreen,2025-02,2,2,36,0.0,0.00051,0.0,False,,unrated
enthusiasm,enthusiasm,,False,sunscreen,2024-04,2,2,36,0.000371,0.000304,1.2202,False,0.44898,unrated
envelope (radar),envelope (radar),,False,sunscreen,2026-03,2,1,36,0.000594,0.0,,False,0.436275,unrated
environmental change,environmental change,,False,sunscreen,2024-01,2,2,36,0.000269,0.000118,2.2724,False,0.994083,unrated
environmental education,environmental education,,False,sunscreen,2025-03,2,2,36,0.0,0.000463,0.0,False,,unrated
environmental effect,environmental effect,,False,sunscreen,2026-06,2,1,36,0.00057,0.0,,False,0.482759,unrated
environmental ethics,environmental ethics,,False,sunscreen,2024-01,2,2,36,0.0,0.000327,0.0,False,,unrated
epichlorohydrin,epichlorohydrin,,False,sunscreen,2024-01,2,2,36,0.0,0.000356,0.0,False,,unrated
epigallocatechin gallate,epigallocatechin gallate,,False,sunscreen,2024-02,2,2,36,0.000227,0.000344,0.66,False,0.42375,unrated
epithelial–mesenchymal transition,epithelial–mesenchymal transition,,False,sunscreen,2024-02,2,2,36,0.000227,0.000344,0.66,False,0.42375,unrated
equity (law),equity (law),,False,sunscreen,2024-05,2,2,36,0.000227,0.000262,0.8673,False,0.42375,unrated
erlotinib,erlotinib,,False,sunscreen,2025-12,2,2,36,0.00031,0.0,,False,0.959044,unrated
erythropoietic protoporphyria,erythropoietic protoporphyria,,False,sunscreen,2024-09,2,2,36,0.0,0.000342,0.0,False,,unrated
ether,ether,,False,sunscreen,2025-11,2,1,36,0.000784,0.0,,False,0.359914,unrated
ethyl cellulose,ethyl cellulose,,False,sunscreen,2026-03,2,2,36,0.000297,0.0,,False,0.436275,unrated
ethyl methanesulfonate,ethyl methanesulfonate,,False,sunscreen,2026-01,2,2,36,0.000524,0.0,,False,0.675111,unrated
eucalyptus oil,eucalyptus oil,,False,sunscreen,2026-02,2,1,36,0.000878,0.0,,False,0.396135,unrated
european commission,european commission,,False,sunscreen,2025-09,2,2,36,0.000627,0.0,,False,0.400585,unrated
evaluation methods,evaluation methods,,False,sunscreen,2026-02,2,1,36,0.000878,0.0,,False,0.396135,unrated
evaporation,evaporation,,False,sunscreen,2024-10,2,2,36,0.0,0.000512,0.0,False,,unrated
exacerbation,exacerbation,,False,sunscreen,2025-02,2,2,36,0.000269,0.000302,0.891,False,0.494083,unrated
excimer,excimer,,False,sunscreen,2023-12,2,2,36,0.0,0.000376,0.0,False,,unrated
excited electronic state,excited electronic state,,False,sunscreen,2026-04,2,2,36,0.000656,0.0,,False,0.465869,unrated
exosome,exosome,,False,sunscreen,2023-09,2,2,36,0.0,0.000588,0.0,False,,unrated
expert elicitation,expert elicitation,,False,sunscreen,2024-12,2,2,36,0.000285,0.000206,1.3818,False,0.482759,unrated
expert opinion,expert opinion,,False,sunscreen,2024-04,2,2,36,0.000358,0.000304,1.1768,False,0.994094,unrated
exploratory data analysis,exploratory data analysis,,False,sunscreen,2025-09,2,2,36,0.000643,0.0,,False,0.394923,unrated
extant taxon,extant taxon,,False,sunscreen,2024-01,2,2,36,0.00031,0.000118,2.6211,False,0.829352,unrated
extracellular vesicle,extracellular vesicle,,False,sunscreen,2025-01,2,2,36,0.000269,0.000102,2.634,False,0.494083,unrated
extrusion,extrusion,,False,sunscreen,2023-09,2,2,36,0.000297,0.000244,1.2193,False,0.436275,unrated
factor (programming language),factor (programming language),,False,sunscreen,2025-01,2,1,36,0.0,0.000204,0.0,False,,unrated
fagus sylvatica,fagus sylvatica,,False,sunscreen,2025-01,2,1,36,0.0,0.000204,0.0,False,,unrated
far red,far red,,False,sunscreen,2025-03,2,2,36,0.0,0.000494,0.0,False,,unrated
farm workers,farm workers,,False,sunscreen,2024-06,2,2,36,0.0,0.000535,0.0,False,,unrated
fashion industry,fashion industry,,False,sunscreen,2025-01,2,2,36,0.000227,0.000102,2.2254,False,0.42375,unrated
fat emulsion,fat emulsion,,False,sunscreen,2026-01,2,2,36,0.000561,0.0,,False,0.438897,unrated
fatty alcohol,fatty alcohol,,False,sunscreen,2025-10,2,2,36,0.000782,0.0,,False,0.369286,unrated
feeling,feeling,,False,sunscreen,2026-01,2,1,36,0.000455,0.0,,False,0.65875,unrated
femininity,femininity,,False,sunscreen,2026-01,2,2,36,0.000666,0.0,,False,0.409942,unrated
fermi level,fermi level,,False,sunscreen,2025-09,2,2,36,0.000627,0.0,,False,0.596451,unrated
fern,fern,,False,sunscreen,2023-09,2,2,36,0.0,0.000362,0.0,False,,unrated
ferricyanide,ferricyanide,,False,sunscreen,2026-05,2,1,36,0.000668,0.0,,False,0.454044,unrated
ferrihydrite,ferrihydrite,,False,sunscreen,2023-11,2,2,36,0.0,0.000387,0.0,False,,unrated
ferrocyanide,ferrocyanide,,False,sunscreen,2026-05,2,1,36,0.000668,0.0,,False,0.454044,unrated
ferromagnetism,ferromagnetism,,False,sunscreen,2025-01,2,2,36,0.000392,0.000102,3.8367,False,0.782328,unrated
fertilizer,fertilizer,,False,sunscreen,2025-05,2,2,36,0.000334,0.000225,1.4839,False,0.952206,unrated
fiddler crab,fiddler crab,,False,sunscreen,2024-01,2,2,36,0.0,0.000337,0.0,False,,unrated
field theory (psychology),field theory (psychology),,False,sunscreen,2025-12,2,1,36,0.000621,0.0,,False,0.387372,unrated
field trip,field trip,,False,sunscreen,2026-08,2,1,36,0.0,0.0,,False,,unrated
fire retardant,fire retardant,,False,sunscreen,2024-04,2,2,36,0.0,0.000522,0.0,False,,unrated
fishing,fishing,,False,sunscreen,2025-03,2,2,36,0.00031,0.000269,1.1541,False,0.387372,unrated
flare,flare,,False,sunscreen,2025-08,2,2,36,0.000358,0.000208,1.718,False,0.698819,unrated
flash photolysis,flash photolysis,,False,sunscreen,2024-02,2,2,36,0.0,0.000563,0.0,False,,unrated
flexible electronics,flexible electronics,,False,sunscreen,2025-12,2,1,36,0.000621,0.0,,False,0.650171,unrated
flora (microbiology),flora (microbiology),,False,sunscreen,2025-07,2,2,36,0.000358,0.000189,1.8983,False,0.307087,unrated
flow properties,flow properties,,False,sunscreen,2025-11,2,1,36,0.000784,0.0,,False,0.359914,unrated
fluid ounce (us),fluid ounce (us),,False,sunscreen,2023-10,2,2,36,0.000358,0.000272,1.3142,False,0.307087,unrated
fluorescence correlation spectroscopy,fluorescence correlation spectroscopy,,False,sunscreen,2025-12,2,1,36,0.000621,0.0,,False,0.673208,unrated
fluorescence spectrometry,fluorescence spectrometry,,False,sunscreen,2024-06,2,2,36,0.000269,0.000233,1.1555,False,0.494083,unrated
fluorophore,fluorophore,,False,sunscreen,2023-09,2,2,36,0.0,0.000483,0.0,False,,unrated
focal adhesion,focal adhesion,,False,sunscreen,2025-09,2,1,36,0.000716,0.0,,False,0.307087,unrated
folk medicine,folk medicine,,False,sunscreen,2025-01,2,2,36,0.000297,0.000102,2.9091,False,0.436275,unrated
follicular phase,follicular phase,,False,sunscreen,2025-08,2,2,36,0.000439,0.000208,2.1081,False,0.396135,unrated
folliculitis,folliculitis,,False,sunscreen,2024-04,2,2,36,0.0,0.000304,0.0,False,,unrated
food delivery,food delivery,,False,sunscreen,2026-07,2,1,36,0.000538,0.0,,False,0.494083,unrated
food waste,food waste,,False,sunscreen,2024-09,2,2,36,0.0,0.000342,0.0,False,,unrated
food web,food web,,False,sunscreen,2025-10,2,2,36,0.000708,0.0,,False,0.646871,unrated
foot (prosody),foot (prosody),,False,sunscreen,2024-06,2,1,36,0.0,0.000466,0.0,False,,unrated
forgetting,forgetting,,False,sunscreen,2026-01,2,1,36,0.000455,0.0,,False,0.42375,unrated
formic acid,formic acid,,False,sunscreen,2024-03,2,2,36,0.000269,0.000306,0.878,False,0.494083,unrated
foundation (evidence),foundation (evidence),,False,sunscreen,2025-02,2,2,36,0.0,0.00051,0.0,False,,unrated
fourier transform,fourier transform,,False,sunscreen,2026-06,2,1,36,0.00057,0.0,,False,0.482759,unrated
fractal,fractal,,False,sunscreen,2024-03,2,2,36,0.0,0.000409,0.0,False,,unrated
fractal dimension,fractal dimension,,False,sunscreen,2024-03,2,2,36,0.0,0.000409,0.0,False,,unrated
fractional factorial design,fractional factorial design,,False,sunscreen,2024-11,2,2,36,0.000371,0.000238,1.5587,False,0.44898,unrated
fragaria,fragaria,,False,sunscreen,2024-04,2,2,36,0.0,0.000573,0.0,False,,unrated
freeze drying,freeze drying,,False,sunscreen,2025-09,2,2,36,0.000769,0.0,,False,0.29834,unrated
frequency domain,frequency domain,,False,sunscreen,2026-06,2,1,36,0.00057,0.0,,False,0.482759,unrated
freundlich equation,freundlich equation,,False,sunscreen,2023-12,2,2,36,0.000392,0.000257,1.5233,False,0.359914,unrated
frond,frond,,False,sunscreen,2026-01,2,1,36,0.000455,0.0,,False,0.42375,unrated
fruit juice,fruit juice,,False,sunscreen,2025-07,2,2,36,0.000371,0.000189,1.9682,False,0.44898,unrated
functional divergence,functional divergence,,False,sunscreen,2025-09,2,2,36,0.000643,0.0,,False,0.722679,unrated
functional diversity,functional diversity,,False,sunscreen,2026-04,2,2,36,0.00064,0.0,,False,0.471531,unrated
fungus,fungus,,False,sunscreen,2023-12,2,2,36,0.000334,0.000257,1.2993,False,0.952206,unrated
furfural,furfural,,False,sunscreen,2024-01,2,2,36,0.00031,0.000118,2.6211,False,0.829352,unrated
furocoumarins,furocoumarins,,False,sunscreen,2025-02,2,2,36,0.000439,0.000302,1.4546,False,0.396135,unrated
fuzzy logic,fuzzy logic,,False,sunscreen,2025-12,2,2,36,0.000579,0.0,,False,0.440727,unrated
gall,gall,,False,sunscreen,2025-01,2,2,36,0.0,0.00032,0.0,False,,unrated
gametophyte,gametophyte,,False,sunscreen,2023-09,2,2,36,0.0,0.000588,0.0,False,,unrated
gamma ray,gamma ray,,False,sunscreen,2025-01,2,2,36,0.000411,0.000102,4.028,False,0.289593,unrated
garcinia mangostana,garcinia mangostana,,False,sunscreen,2023-10,2,2,36,0.0,0.000556,0.0,False,,unrated
gefitinib,gefitinib,,False,sunscreen,2025-01,2,2,36,0.0,0.000102,0.0,False,,unrated
gel permeation chromatography,gel permeation chromatography,,False,sunscreen,2025-01,2,2,36,0.00031,0.000102,3.0382,False,0.387372,unrated
general hospital,general hospital,,False,sunscreen,2023-10,2,2,36,0.0,0.00053,0.0,False,,unrated
general interest,general interest,,False,sunscreen,2025-01,2,2,36,0.000371,0.000102,3.6337,False,0.44898,unrated
general partnership,general partnership,,False,sunscreen,2025-01,2,2,36,0.000227,0.000102,2.2254,False,0.42375,unrated
generative grammar,generative grammar,,False,sunscreen,2025-10,2,2,36,0.000722,0.0,,False,0.579433,unrated
generative model,generative model,,False,sunscreen,2025-10,2,2,36,0.000696,0.0,,False,0.627126,unrated
genetic architecture,genetic architecture,,False,sunscreen,2025-07,2,2,36,0.000227,0.000189,1.2054,False,0.89375,unrated
genetic screen,genetic screen,,False,sunscreen,2026-05,2,1,36,0.000668,0.0,,False,0.454044,unrated
gentisic acid,gentisic acid,,False,sunscreen,2024-03,2,2,36,0.000358,0.000306,1.1682,False,0.307087,unrated
geochemistry,geochemistry,,False,sunscreen,2024-03,2,2,36,0.0,0.000568,0.0,False,,unrated
geomorphology,geomorphology,,False,sunscreen,2024-01,2,2,36,0.0,0.000356,0.0,False,,unrated
geospatial analysis,geospatial analysis,,False,sunscreen,2026-03,2,1,36,0.000594,0.0,,False,0.436275,unrated
geriatrics,geriatrics,,False,sunscreen,2026-03,2,1,36,0.000594,0.0,,False,0.436275,unrated
gibbs free energy,gibbs free energy,,False,sunscreen,2024-04,2,2,36,0.000334,0.000304,1.0988,False,0.952206,unrated
girl,girl,,False,sunscreen,2024-05,2,2,36,0.0,0.000364,0.0,False,,unrated
glazing,glazing,,False,sunscreen,2023-09,2,2,36,0.000227,0.000244,0.9327,False,0.42375,unrated
global health,global health,,False,sunscreen,2025-09,2,2,36,0.000729,0.0,,False,0.637876,unrated
glucocorticoid,glucocorticoid,,False,sunscreen,2023-10,2,2,36,0.0,0.000579,0.0,False,,unrated
glucocorticoid receptor,glucocorticoid receptor,,False,sunscreen,2023-10,2,2,36,0.0,0.000579,0.0,False,,unrated
gluconeogenesis,gluconeogenesis,,False,sunscreen,2024-01,2,2,36,0.0,0.000387,0.0,False,,unrated
glutamic acid,glutamic acid,,False,sunscreen,2024-01,2,2,36,0.00031,0.000118,2.6211,False,0.387372,unrated
glycerol,glycerol,,False,sunscreen,2025-01,2,2,36,0.000411,0.000102,4.028,False,0.289593,unrated
glycerophospholipid,glycerophospholipid,,False,sunscreen,2024-11,2,2,36,0.0,0.000444,0.0,False,,unrated
glycyrrhiza uralensis,glycyrrhiza uralensis,,False,sunscreen,2024-02,2,2,36,0.0,0.000628,0.0,False,,unrated
golimumab,golimumab,,False,sunscreen,2023-10,2,2,36,0.000392,0.000272,1.4387,False,0.359914,unrated
gourd,gourd,,False,sunscreen,2026-07,2,1,36,0.000538,0.0,,False,0.494083,unrated
gracilaria,gracilaria,,False,sunscreen,2024-12,2,2,36,0.000439,0.000206,2.1294,False,0.396135,unrated
graduate students,graduate students,,False,sunscreen,2024-08,2,2,36,0.000334,0.000306,1.0908,False,0.454044,unrated
grain size,grain size,,False,sunscreen,2023-12,2,2,36,0.000439,0.000257,1.7075,False,0.396135,unrated
grain yield,grain yield,,False,sunscreen,2024-10,2,2,36,0.000411,0.000274,1.5006,False,0.289593,unrated
granulomatous disease,granulomatous disease,,False,sunscreen,2025-11,2,2,36,0.000702,0.0,,False,0.373643,unrated
graph,graph,,False,sunscreen,2025-07,2,2,36,0.0,0.000189,0.0,False,,unrated
gratitude,gratitude,,False,sunscreen,2023-11,2,2,36,0.000334,0.000285,1.171,False,0.454044,unrated
gravitational wave,gravitational wave,,False,sunscreen,2026-06,2,1,36,0.00057,0.0,,False,0.482759,unrated
greenhouse gas,greenhouse gas,,False,sunscreen,2026-04,2,2,36,0.000705,0.0,,False,0.451512,unrated
grey literature,grey literature,,False,sunscreen,2025-01,2,2,36,0.000439,0.000102,4.3004,False,0.396135,unrated
greywater,greywater,,False,sunscreen,2024-12,2,2,36,0.000297,0.000206,1.4404,False,0.926471,unrated
griseofulvin,griseofulvin,,False,sunscreen,2024-04,2,2,36,0.000411,0.000304,1.3526,False,0.289593,unrated
grocery shopping,grocery shopping,,False,sunscreen,2026-07,2,1,36,0.000538,0.0,,False,0.494083,unrated
grocery store,grocery store,,False,sunscreen,2026-07,2,1,36,0.000538,0.0,,False,0.494083,unrated
group (periodic table),group (periodic table),,False,sunscreen,2025-07,2,2,36,0.000285,0.000189,1.5116,False,0.482759,unrated
group b,group b,,False,sunscreen,2025-06,2,2,36,0.000392,0.000194,2.0219,False,0.359914,unrated
guideline,guideline,,False,sunscreen,2024-03,2,2,36,0.0,0.000409,0.0,False,,unrated
hair growth,hair growth,,False,sunscreen,2024-12,2,2,36,0.000269,0.000206,1.3042,False,0.494083,unrated
hair removal,hair removal,,False,sunscreen,2025-05,2,2,36,0.0,0.000434,0.0,False,,unrated
hajj,hajj,,False,sunscreen,2023-09,2,2,36,0.0,0.000483,0.0,False,,unrated
halide,halide,,False,sunscreen,2025-11,2,2,36,0.000661,0.0,,False,0.426999,unrated
hand dermatitis,hand dermatitis,,False,sunscreen,2025-02,2,2,36,0.0,0.00052,0.0,False,,unrated
health data,health data,,False,sunscreen,2026-05,2,1,36,0.000668,0.0,,False,0.454044,unrated
health hazard,health hazard,,False,sunscreen,2023-10,2,2,36,0.000227,0.000272,0.8345,False,0.42375,unrated
health policy,health policy,,False,sunscreen,2024-06,2,2,36,0.000227,0.000233,0.9763,False,0.42375,unrated
health services research,health services research,,False,sunscreen,2025-10,2,2,36,0.000708,0.0,,False,0.362934,unrated
heat illness,heat illness,,False,sunscreen,2024-07,2,2,36,0.000371,0.000283,1.3092,False,0.934694,unrated
heat resistance,heat resistance,,False,sunscreen,2025-09,2,2,36,0.000627,0.0,,False,0.596451,unrated
hematopoietic stem cell transplantation,hematopoietic stem cell transplantation,,False,sunscreen,2026-03,2,1,36,0.000594,0.0,,False,0.681373,unrated
heme,heme,,False,sunscreen,2024-01,2,2,36,0.0,0.000312,0.0,False,,unrated
hemodialysis,hemodialysis,,False,sunscreen,2024-09,2,2,36,0.00031,0.000239,1.2957,False,0.387372,unrated
hemolymph,hemolymph,,False,sunscreen,2025-04,2,2,36,0.0,0.000443,0.0,False,,unrated
herbaceous plant,herbaceous plant,,False,sunscreen,2024-12,2,2,36,0.000392,0.000206,1.8997,False,0.877155,unrated
herbal extracts,herbal extracts,,False,sunscreen,2026-07,2,1,36,0.000538,0.0,,False,0.494083,unrated
heritability,heritability,,False,sunscreen,2025-09,2,2,36,0.000585,0.0,,False,0.600418,unrated
hero,hero,,False,sunscreen,2026-02,2,1,36,0.000878,0.0,,False,0.396135,unrated
herpes labialis,herpes labialis,,False,sunscreen,2023-11,2,2,36,0.0,0.000504,0.0,False,,unrated
herpes simplex virus,herpes simplex virus,,False,sunscreen,2023-11,2,2,36,0.0,0.000504,0.0,False,,unrated
herring,herring,,False,sunscreen,2025-06,2,2,36,0.000358,0.000194,1.8469,False,0.826772,unrated
herring gull,herring gull,,False,sunscreen,2025-06,2,2,36,0.000358,0.000194,1.8469,False,0.826772,unrated
heterotroph,heterotroph,,False,sunscreen,2024-08,2,2,36,0.000297,0.000306,0.9697,False,0.436275,unrated
hierarchical clustering,hierarchical clustering,,False,sunscreen,2024-01,2,1,36,0.0,0.000237,0.0,False,,unrated
hierarchy,hierarchy,,False,sunscreen,2026-07,2,1,36,0.000538,0.0,,False,0.494083,unrated
high energy,high energy,,False,sunscreen,2025-06,2,2,36,0.000411,0.000194,2.1227,False,0.911765,unrated
homeopathy,homeopathy,,False,sunscreen,2025-07,2,2,36,0.0,0.000189,0.0,False,,unrated
homo lumo,homo lumo,,False,sunscreen,2024-09,2,2,36,0.000411,0.000239,1.7179,False,0.289593,unrated
homogenization (climate),homogenization (climate),,False,sunscreen,2025-08,2,2,36,0.00031,0.000208,1.4893,False,0.387372,unrated
hordeum vulgare,hordeum vulgare,,False,sunscreen,2025-12,2,2,36,0.000644,0.0,,False,0.420708,unrated
hubble space telescope,hubble space telescope,,False,sunscreen,2024-03,2,2,36,0.0,0.000568,0.0,False,,unrated
human behavior,human behavior,,False,sunscreen,2026-07,2,1,36,0.000538,0.0,,False,0.494083,unrated
human decontamination,human decontamination,,False,sunscreen,2023-12,2,2,36,0.000334,0.000257,1.2993,False,0.454044,unrated
humic acid,humic acid,,False,sunscreen,2024-07,2,2,36,0.000439,0.000283,1.5494,False,0.966184,unrated
humulus lupulus,humulus lupulus,,False,sunscreen,2025-08,2,2,36,0.000439,0.000208,2.1081,False,0.857488,unrated
hyaluronidase,hyaluronidase,,False,sunscreen,2024-06,2,2,36,0.0,0.000471,0.0,False,,unrated
hybrid functional,hybrid functional,,False,sunscreen,2024-01,2,2,36,0.0,0.00022,0.0,False,,unrated
hydrocarbon,hydrocarbon,,False,sunscreen,2025-01,2,2,36,0.0,0.000327,0.0,False,,unrated
hydrogen,hydrogen,,False,sunscreen,2026-01,2,2,36,0.000561,0.0,,False,0.687978,unrated
hydrogen cyanide,hydrogen cyanide,,False,sunscreen,2025-01,2,1,36,0.0,0.000204,0.0,False,,unrated
hydrogen sulfide,hydrogen sulfide,,False,sunscreen,2026-03,2,1,36,0.000594,0.0,,False,0.436275,unrated
hydrostatic pressure,hydrostatic pressure,,False,sunscreen,2024-08,2,2,36,0.000358,0.000306,1.1682,False,0.698819,unrated
hydroxyl radical,hydroxyl radical,,False,sunscreen,2023-12,2,2,36,0.0,0.000376,0.0,False,,unrated
hydroxysteroid dehydrogenase,hydroxysteroid dehydrogenase,,False,sunscreen,2023-09,2,2,36,0.0,0.000513,0.0,False,,unrated
hyperplasia,hyperplasia,,False,sunscreen,2025-04,2,2,36,0.0,0.000443,0.0,False,,unrated
hypertrichosis,hypertrichosis,,False,sunscreen,2025-05,2,2,36,0.000285,0.000225,1.2655,False,0.482759,unrated
hypoactivity,hypoactivity,,False,sunscreen,2024-07,2,2,36,0.000411,0.000283,1.4512,False,0.857466,unrated
hypoxia (environmental),hypoxia (environmental),,False,sunscreen,2024-01,2,2,36,0.0,0.000387,0.0,False,,unrated
ideology,ideology,,False,sunscreen,2023-11,2,2,36,0.0,0.000387,0.0,False,,unrated
idiopathic pulmonary fibrosis,idiopathic pulmonary fibrosis,,False,sunscreen,2024-09,2,2,36,0.000439,0.000239,1.8341,False,0.857488,unrated
image processing,image processing,,False,sunscreen,2025-11,2,2,36,0.000702,0.0,,False,0.373643,unrated
imaging spectroscopy,imaging spectroscopy,,False,sunscreen,2024-06,2,2,36,0.0,0.000502,0.0,False,,unrated
immunoglobulin e,immunoglobulin e,,False,sunscreen,2024-12,2,2,36,0.000392,0.000206,1.8997,False,0.359914,unrated
immunosurveillance,immunosurveillance,,False,sunscreen,2024-01,2,2,36,0.0,0.00022,0.0,False,,unrated
impact crater,impact crater,,False,sunscreen,2026-06,2,1,36,0.00057,0.0,,False,0.482759,unrated
impact of nanotechnology,impact of nanotechnology,,False,sunscreen,2023-12,2,2,36,0.000297,0.000257,1.1551,False,0.436275,unrated
impurity,impurity,,False,sunscreen,2025-03,2,2,36,0.0,0.000477,0.0,False,,unrated
incentive,incentive,,False,sunscreen,2026-04,2,2,36,0.000656,0.0,,False,0.465869,unrated
inclusion and exclusion criteria,inclusion and exclusion criteria,,False,sunscreen,2024-02,2,2,36,0.000334,0.000344,0.9705,False,0.454044,unrated
indonesian,indonesian,,False,sunscreen,2025-02,2,2,36,0.000269,0.000302,0.891,False,0.494083,unrated
indoor air,indoor air,,False,sunscreen,2025-06,2,2,36,0.000227,0.000194,1.1728,False,0.42375,unrated
indoor air quality,indoor air quality,,False,sunscreen,2024-08,2,2,36,0.000227,0.000306,0.7418,False,0.42375,unrated
industrial and production engineering,industrial and production engineering,,False,sunscreen,2024-11,2,2,36,0.00031,0.000238,1.3032,False,0.981229,unrated
industrial biotechnology,industrial biotechnology,,False,sunscreen,2025-01,2,2,36,0.000358,0.000102,3.5046,False,0.307087,unrated
inert,inert,,False,sunscreen,2025-05,2,2,36,0.000411,0.000225,1.8266,False,0.911765,unrated
infectious disease (medical specialty),infectious disease (medical specialty),,False,sunscreen,2024-02,2,2,36,0.0,0.000618,0.0,False,,unrated
inflation (cosmology),inflation (cosmology),,False,sunscreen,2026-06,2,1,36,0.00057,0.0,,False,0.482759,unrated
information quality,information quality,,False,sunscreen,2026-02,2,2,36,0.000708,0.0,,False,0.445109,unrated
information retrieval,information retrieval,,False,sunscreen,2025-01,2,2,36,0.0,0.000327,0.0,False,,unrated
information system,information system,,False,sunscreen,2026-02,2,2,36,0.00081,0.0,,False,0.422558,unrated
initialization,initialization,,False,sunscreen,2025-12,2,1,36,0.000621,0.0,,False,0.387372,unrated
injury prevention,injury prevention,,False,sunscreen,2024-07,2,2,36,0.0,0.000509,0.0,False,,unrated
insect repellent,insect repellent,,False,sunscreen,2024-08,2,2,36,0.0,0.000409,0.0,False,,unrated
instinct,instinct,,False,sunscreen,2026-05,2,1,36,0.000668,0.0,,False,0.454044,unrated
insulin,insulin,,False,sunscreen,2025-11,2,2,36,0.000661,0.0,,False,0.711481,unrated
intellectual property,intellectual property,,False,sunscreen,2025-09,2,2,36,0.000627,0.0,,False,0.400585,unrated
intercropping,intercropping,,False,sunscreen,2026-01,2,2,36,0.000666,0.0,,False,0.681682,unrated
interface (matter),interface (matter),,False,sunscreen,2025-01,2,2,36,0.000227,0.000102,2.2254,False,0.9875,unrated
interferon,interferon,,False,sunscreen,2026-03,2,2,36,0.000566,0.0,,False,0.465179,unrated
intermediate filament,intermediate filament,,False,sunscreen,2025-01,2,2,36,0.00031,0.000102,3.0382,False,0.912969,unrated
international trade,international trade,,False,sunscreen,2023-09,2,2,36,0.0,0.000501,0.0,False,,unrated
internship,internship,,False,sunscreen,2026-04,2,2,36,0.000656,0.0,,False,0.465869,unrated
intraspecific competition,intraspecific competition,,False,sunscreen,2023-11,2,2,36,0.000439,0.000285,1.539,False,0.396135,unrated
intumescent,intumescent,,False,sunscreen,2025-06,2,1,36,0.0,0.000388,0.0,False,,unrated
inula,inula,,False,sunscreen,2026-01,2,2,36,0.000598,0.0,,False,0.436365,unrated
inverse,inverse,,False,sunscreen,2024-01,2,2,36,0.0,0.000118,0.0,False,,unrated
isoniazid,isoniazid,,False,sunscreen,2024-04,2,2,36,0.0,0.000498,0.0,False,,unrated
isoorientin,isoorientin,,False,sunscreen,2024-01,2,2,36,0.0,0.000425,0.0,False,,unrated
isopropyl,isopropyl,,False,sunscreen,2024-03,2,2,36,0.000227,0.000306,0.7418,False,0.42375,unrated
isopropyl myristate,isopropyl myristate,,False,sunscreen,2024-03,2,2,36,0.000285,0.000306,0.9302,False,0.482759,unrated
isovitexin,isovitexin,,False,sunscreen,2024-08,2,2,36,0.000411,0.000306,1.3427,False,0.649321,unrated
itching,itching,,False,sunscreen,2024-06,2,2,36,0.000297,0.000233,1.2762,False,0.436275,unrated
item response theory,item response theory,,False,sunscreen,2026-06,2,1,36,0.00057,0.0,,False,0.482759,unrated
janus,janus,,False,sunscreen,2024-09,2,2,36,0.0,0.000342,0.0,False,,unrated
juvenile dermatomyositis,juvenile dermatomyositis,,False,sunscreen,2024-01,2,2,36,0.000358,0.000118,3.0235,False,0.307087,unrated
kaolinite,kaolinite,,False,sunscreen,2023-10,2,2,36,0.000285,0.000272,1.0465,False,0.482759,unrated
keap1,keap1,,False,sunscreen,2025-09,2,2,36,0.000655,0.0,,False,0.631524,unrated
kenaf,kenaf,,False,sunscreen,2023-09,2,2,36,0.000285,0.000244,1.1696,False,0.482759,unrated
kernel (algebra),kernel (algebra),,False,sunscreen,2025-12,2,1,36,0.000621,0.0,,False,0.387372,unrated
kidney transplant,kidney transplant,,False,sunscreen,2025-04,2,2,36,0.0,0.000443,0.0,False,,unrated
labeo,labeo,,False,sunscreen,2025-01,2,2,36,0.000392,0.000102,3.8367,False,0.782328,unrated
laccase,laccase,,False,sunscreen,2024-12,2,2,36,0.000392,0.000206,1.8997,False,0.359914,unrated
lamiaceae,lamiaceae,,False,sunscreen,2023-10,2,2,36,0.0,0.000541,0.0,False,,unrated
lanthanum,lanthanum,,False,sunscreen,2025-05,2,2,36,0.000439,0.000225,1.9501,False,0.396135,unrated
large magellanic cloud,large magellanic cloud,,False,sunscreen,2026-02,2,1,36,0.000878,0.0,,False,0.919082,unrated
laser induced breakdown spectroscopy,laser induced breakdown spectroscopy,,False,sunscreen,2025-07,2,2,36,0.000392,0.000189,2.0782,False,0.359914,unrated
latitude,latitude,,False,sunscreen,2023-10,2,2,36,0.000297,0.000272,1.0909,False,0.436275,unrated
lavandula,lavandula,,False,sunscreen,2025-02,2,2,36,0.0,0.000527,0.0,False,,unrated
law and economics,law and economics,,False,sunscreen,2023-12,2,2,36,0.0,0.000466,0.0,False,,unrated
layer by layer,layer by layer,,False,sunscreen,2024-02,2,2,36,0.000297,0.000344,0.8628,False,0.436275,unrated
layered double hydroxides,layered double hydroxides,,False,sunscreen,2023-09,2,2,36,0.0,0.000483,0.0,False,,unrated
leafy vegetables,leafy vegetables,,False,sunscreen,2025-09,2,2,36,0.000692,0.0,,False,0.380566,unrated
lecithin,lecithin,,False,sunscreen,2023-11,2,2,36,0.000285,0.000285,0.9987,False,0.482759,unrated
legislature,legislature,,False,sunscreen,2024-05,2,2,36,0.0,0.000502,0.0,False,,unrated
legume,legume,,False,sunscreen,2024-09,2,2,36,0.000411,0.000239,1.7179,False,0.289593,unrated
lemna,lemna,,False,sunscreen,2024-01,2,2,36,0.0,0.000325,0.0,False,,unrated
lemna minor,lemna minor,,False,sunscreen,2024-12,2,2,36,0.000392,0.000206,1.8997,False,0.359914,unrated
lentigo,lentigo,,False,sunscreen,2026-01,2,2,36,0.000524,0.0,,False,0.430013,unrated
lentigo maligna,lentigo maligna,,False,sunscreen,2025-08,2,2,36,0.000358,0.000208,1.718,False,0.307087,unrated
lentigo maligna melanoma,lentigo maligna melanoma,,False,sunscreen,2025-08,2,2,36,0.000358,0.000208,1.718,False,0.307087,unrated
leukemia,leukemia,,False,sunscreen,2026-03,2,1,36,0.000594,0.0,,False,0.681373,unrated
lexical item,lexical item,,False,sunscreen,2026-01,2,1,36,0.000455,0.0,,False,0.42375,unrated
lifetime risk,lifetime risk,,False,sunscreen,2024-09,2,2,36,0.000269,0.000239,1.1234,False,0.494083,unrated
light cycle,light cycle,,False,sunscreen,2024-01,2,2,36,0.000227,0.000118,1.9199,False,0.42375,unrated
light pollution,light pollution,,False,sunscreen,2024-01,2,2,36,0.000358,0.000118,3.0235,False,0.698819,unrated
light therapy,light therapy,,False,sunscreen,2025-10,2,2,36,0.000722,0.0,,False,0.338483,unrated
linear correlation,linear correlation,,False,sunscreen,2024-11,2,2,36,0.000297,0.000238,1.2478,False,0.436275,unrated
linear range,linear range,,False,sunscreen,2025-11,2,2,36,0.000392,0.0,,False,0.359914,unrated
listeria monocytogenes,listeria monocytogenes,,False,sunscreen,2023-12,2,2,36,0.000227,0.000257,0.8836,False,0.42375,unrated
lithuanian,lithuanian,,False,sunscreen,2025-11,2,2,36,0.000763,0.0,,False,0.404447,unrated
lizard,lizard,,False,sunscreen,2024-10,2,2,36,0.0,0.000576,0.0,False,,unrated
lolium perenne,lolium perenne,,False,sunscreen,2023-12,2,2,36,0.0,0.000561,0.0,False,,unrated
longitudinal study,longitudinal study,,False,sunscreen,2025-12,2,2,36,0.000681,0.0,,False,0.639166,unrated
lotus,lotus,,False,sunscreen,2026-02,2,1,36,0.000878,0.0,,False,0.396135,unrated
low density polyethylene,low density polyethylene,,False,sunscreen,2023-09,2,2,36,0.0,0.000527,0.0,False,,unrated
low income,low income,,False,sunscreen,2024-05,2,2,36,0.0,0.000531,0.0,False,,unrated
low latitude,low latitude,,False,sunscreen,2023-10,2,2,36,0.000297,0.000272,1.0909,False,0.436275,unrated
luminosity function,luminosity function,,False,sunscreen,2024-12,2,2,36,0.0,0.000308,0.0,False,,unrated
lunar craters,lunar craters,,False,sunscreen,2026-06,2,1,36,0.00057,0.0,,False,0.482759,unrated
lycium,lycium,,False,sunscreen,2023-10,2,2,36,0.0,0.000479,0.0,False,,unrated
lymphoma,lymphoma,,False,sunscreen,2025-01,2,2,36,0.0,0.000371,0.0,False,,unrated
maculopathy,maculopathy,,False,sunscreen,2025-07,2,2,36,0.000285,0.000189,1.5116,False,0.482759,unrated
magic (telescope),magic (telescope),,False,sunscreen,2025-11,2,1,36,0.000784,0.0,,False,0.359914,unrated
magnetic field,magnetic field,,False,sunscreen,2025-08,2,2,36,0.000358,0.000208,1.718,False,0.698819,unrated
magnetic flux,magnetic flux,,False,sunscreen,2025-08,2,2,36,0.000358,0.000208,1.718,False,0.698819,unrated
magnetic nanoparticles,magnetic nanoparticles,,False,sunscreen,2024-11,2,2,36,0.000227,0.000238,0.9546,False,0.89375,unrated
maillard reaction,maillard reaction,,False,sunscreen,2025-09,2,2,36,0.000585,0.0,,False,0.365418,unrated
malar rash,malar rash,,False,sunscreen,2025-07,2,2,36,0.000334,0.000189,1.7725,False,0.454044,unrated
mandelic acid,mandelic acid,,False,sunscreen,2024-03,2,2,36,0.0,0.00058,0.0,False,,unrated
marchantia polymorpha,marchantia polymorpha,,False,sunscreen,2025-07,2,2,36,0.000334,0.000189,1.7725,False,0.998162,unrated
margin (machine learning),margin (machine learning),,False,sunscreen,2025-06,2,2,36,0.0,0.000194,0.0,False,,unrated
marine bacteriophage,marine bacteriophage,,False,sunscreen,2024-01,2,2,36,0.0,0.000425,0.0,False,,unrated
marine habitats,marine habitats,,False,sunscreen,2025-07,2,2,36,0.000358,0.000189,1.8983,False,0.826772,unrated
marine protected area,marine protected area,,False,sunscreen,2023-11,2,2,36,0.0,0.000494,0.0,False,,unrated
marine strategy framework directive,marine strategy framework directive,,False,sunscreen,2025-04,2,2,36,0.0,0.000443,0.0,False,,unrated
marital status,marital status,,False,sunscreen,2026-02,2,2,36,0.000773,0.0,,False,0.42509,unrated
market analysis,market analysis,,False,sunscreen,2025-11,2,1,36,0.000784,0.0,,False,0.359914,unrated
market research,market research,,False,sunscreen,2025-11,2,1,36,0.000784,0.0,,False,0.359914,unrated
market size,market size,,False,sunscreen,2025-11,2,1,36,0.000784,0.0,,False,0.359914,unrated
mars exploration program,mars exploration program,,False,sunscreen,2023-12,2,2,36,0.000392,0.000257,1.5233,False,0.359914,unrated
marsh,marsh,,False,sunscreen,2025-11,2,1,36,0.000784,0.0,,False,0.359914,unrated
masculinity,masculinity,,False,sunscreen,2023-11,2,2,36,0.000439,0.000285,1.539,False,0.396135,unrated
mass transfer,mass transfer,,False,sunscreen,2025-01,2,2,36,0.000439,0.000102,4.3004,False,0.396135,unrated
mast cell,mast cell,,False,sunscreen,2025-11,2,2,36,0.000763,0.0,,False,0.404447,unrated
matching (statistics),matching (statistics),,False,sunscreen,2024-01,2,2,36,0.000392,0.000118,3.31,False,0.359914,unrated
mate choice,mate choice,,False,sunscreen,2024-01,2,2,36,0.0,0.000337,0.0,False,,unrated
materials testing,materials testing,,False,sunscreen,2025-08,2,2,36,0.000227,0.000208,1.0909,False,0.42375,unrated
mating,mating,,False,sunscreen,2024-01,2,2,36,0.0,0.000337,0.0,False,,unrated
matlab,matlab,,False,sunscreen,2024-03,2,2,36,0.000358,0.000306,1.1682,False,0.307087,unrated
matricaria chamomilla,matricaria chamomilla,,False,sunscreen,2024-05,2,2,36,0.0,0.0005,0.0,False,,unrated
meaning (existential),meaning (existential),,False,sunscreen,2024-12,2,2,36,0.0,0.000475,0.0,False,,unrated
mediation,mediation,,False,sunscreen,2024-12,2,2,36,0.000358,0.000206,1.7353,False,0.307087,unrated
medical emergency,medical emergency,,False,sunscreen,2024-07,2,2,36,0.0,0.000502,0.0,False,,unrated
medical journal,medical journal,,False,sunscreen,2025-11,2,2,36,0.000702,0.0,,False,0.373643,unrated
medical literature,medical literature,,False,sunscreen,2025-09,2,2,36,0.000668,0.0,,False,0.347229,unrated
medical practice,medical practice,,False,sunscreen,2025-04,2,2,36,0.000227,0.000218,1.0417,False,0.42375,unrated
medical school,medical school,,False,sunscreen,2025-01,2,2,36,0.000285,0.000102,2.7907,False,0.482759,unrated
medical screening,medical screening,,False,sunscreen,2026-06,2,2,36,0.000554,0.0,,False,0.488421,unrated
melanoma diagnosis,melanoma diagnosis,,False,sunscreen,2024-09,2,2,36,0.0,0.000514,0.0,False,,unrated
melatonin receptor,melatonin receptor,,False,sunscreen,2025-09,2,2,36,0.000769,0.0,,False,0.494206,unrated
meliaceae,meliaceae,,False,sunscreen,2024-01,2,2,36,0.000297,0.000118,2.5097,False,0.436275,unrated
membrane fouling,membrane fouling,,False,sunscreen,2025-11,2,2,36,0.000661,0.0,,False,0.638205,unrated
membrane permeability,membrane permeability,,False,sunscreen,2026-01,2,2,36,0.000666,0.0,,False,0.409942,unrated
membrane technology,membrane technology,,False,sunscreen,2026-04,2,1,36,0.000742,0.0,,False,0.44898,unrated
mendelian randomization,mendelian randomization,,False,sunscreen,2025-05,2,2,36,0.000411,0.000225,1.8266,False,0.649321,unrated
mental health,mental health,,False,sunscreen,2024-03,2,2,36,0.000269,0.000306,0.878,False,0.494083,unrated
mental lexicon,mental lexicon,,False,sunscreen,2026-01,2,1,36,0.000455,0.0,,False,0.42375,unrated
mental representation,mental representation,,False,sunscreen,2026-01,2,1,36,0.000455,0.0,,False,0.42375,unrated
metabolic activity,metabolic activity,,False,sunscreen,2026-07,2,1,36,0.000538,0.0,,False,0.494083,unrated
metabolic regulation,metabolic regulation,,False,sunscreen,2025-11,2,2,36,0.000702,0.0,,False,0.847649,unrated
metal ions in aqueous solution,metal ions in aqueous solution,,False,sunscreen,2024-04,2,2,36,0.0,0.000406,0.0,False,,unrated
metastasis,metastasis,,False,sunscreen,2024-08,2,2,36,0.0,0.000515,0.0,False,,unrated
methoxsalen,methoxsalen,,False,sunscreen,2025-04,2,2,36,0.000439,0.000218,2.0131,False,0.396135,unrated
methyl jasmonate,methyl jasmonate,,False,sunscreen,2023-10,2,2,36,0.0,0.000556,0.0,False,,unrated
microbial metabolism,microbial metabolism,,False,sunscreen,2025-11,2,1,36,0.000784,0.0,,False,0.644397,unrated
micrococcus luteus,micrococcus luteus,,False,sunscreen,2025-11,2,1,36,0.000784,0.0,,False,0.359914,unrated
microcosm,microcosm,,False,sunscreen,2025-08,2,2,36,0.00031,0.000208,1.4893,False,0.829352,unrated
microcrystalline cellulose,microcrystalline cellulose,,False,sunscreen,2025-01,2,2,36,0.000358,0.000102,3.5046,False,0.826772,unrated
microplasma,microplasma,,False,sunscreen,2026-04,2,1,36,0.000742,0.0,,False,0.44898,unrated
micropropagation,micropropagation,,False,sunscreen,2026-04,2,2,36,0.000371,0.0,,False,0.44898,unrated
microsporum canis,microsporum canis,,False,sunscreen,2025-10,2,2,36,0.000411,0.0,,False,0.289593,unrated
middle east,middle east,,False,sunscreen,2025-01,2,2,36,0.0,0.000296,0.0,False,,unrated
milia,milia,,False,sunscreen,2023-11,2,2,36,0.000297,0.000285,1.0411,False,0.436275,unrated
military personnel,military personnel,,False,sunscreen,2025-05,2,2,36,0.000334,0.000225,1.4839,False,0.454044,unrated
milk thistle,milk thistle,,False,sunscreen,2024-01,2,2,36,0.00031,0.000118,2.6211,False,0.829352,unrated
minor planet,minor planet,,False,sunscreen,2025-12,2,1,36,0.000621,0.0,,False,0.608362,unrated
mist,mist,,False,sunscreen,2025-12,2,2,36,0.000749,0.0,,False,0.391753,unrated
mitochondrial dna,mitochondrial dna,,False,sunscreen,2026-06,2,2,36,0.000285,0.0,,False,0.482759,unrated
mitochondrial fission,mitochondrial fission,,False,sunscreen,2025-11,2,2,36,0.000689,0.0,,False,0.707361,unrated
mixing (physics),mixing (physics),,False,sunscreen,2026-04,2,2,36,0.000705,0.0,,False,0.451512,unrated
mixotroph,mixotroph,,False,sunscreen,2026-03,2,1,36,0.000594,0.0,,False,0.681373,unrated
mobile apps,mobile apps,,False,sunscreen,2025-01,2,2,36,0.000269,0.000102,2.634,False,0.494083,unrated
modal,modal,,False,sunscreen,2025-01,2,2,36,0.000285,0.000102,2.7907,False,0.482759,unrated
modified starch,modified starch,,False,sunscreen,2026-05,2,1,36,0.000668,0.0,,False,0.454044,unrated
mohs surgery,mohs surgery,,False,sunscreen,2023-09,2,2,36,0.000297,0.000244,1.2193,False,0.436275,unrated
molecular imprinting,molecular imprinting,,False,sunscreen,2024-01,2,2,36,0.0,0.000325,0.0,False,,unrated
molybdate,molybdate,,False,sunscreen,2025-01,2,2,36,0.000297,0.000102,2.9091,False,0.436275,unrated
monochromatic color,monochromatic color,,False,sunscreen,2025-04,2,2,36,0.000227,0.000218,1.0417,False,0.42375,unrated
monoculture,monoculture,,False,sunscreen,2026-01,2,2,36,0.000666,0.0,,False,0.681682,unrated
mood,mood,,False,sunscreen,2025-10,2,2,36,0.000746,0.0,,False,0.620899,unrated
moraceae,moraceae,,False,sunscreen,2025-02,2,2,36,0.0,0.00052,0.0,False,,unrated
morphea,morphea,,False,sunscreen,2024-07,2,2,36,0.0,0.000477,0.0,False,,unrated
movement (music),movement (music),,False,sunscreen,2024-11,2,2,36,0.000392,0.000238,1.6457,False,0.877155,unrated
multicollinearity,multicollinearity,,False,sunscreen,2025-10,2,1,36,0.000823,0.0,,False,0.289593,unrated
multivariate statistics,multivariate statistics,,False,sunscreen,2025-12,2,2,36,0.000595,0.0,,False,0.684281,unrated
mutualism (biology),mutualism (biology),,False,sunscreen,2025-10,2,2,36,0.000696,0.0,,False,0.386176,unrated
mycorrhizal fungi,mycorrhizal fungi,,False,sunscreen,2026-06,2,1,36,0.00057,0.0,,False,0.482759,unrated
myelofibrosis,myelofibrosis,,False,sunscreen,2024-08,2,2,36,0.0,0.000546,0.0,False,,unrated
myopathy,myopathy,,False,sunscreen,2024-04,2,2,36,0.000392,0.000304,1.2883,False,0.359914,unrated
myositis,myositis,,False,sunscreen,2024-09,2,2,36,0.000392,0.000239,1.6363,False,0.359914,unrated
myricetin,myricetin,,False,sunscreen,2024-01,2,2,36,0.00031,0.000118,2.6211,False,0.829352,unrated
myristica fragrans,myristica fragrans,,False,sunscreen,2023-11,2,2,36,0.0,0.000543,0.0,False,,unrated
nad+ kinase,nad+ kinase,,False,sunscreen,2025-01,2,2,36,0.0,0.000327,0.0,False,,unrated
nanocrystalline material,nanocrystalline material,,False,sunscreen,2025-10,2,2,36,0.000851,0.0,,False,0.583814,unrated
nanofluid,nanofluid,,False,sunscreen,2024-12,2,2,36,0.000297,0.000206,1.4404,False,0.436275,unrated
nanorod,nanorod,,False,sunscreen,2023-09,2,2,36,0.0,0.000437,0.0,False,,unrated
nanosensor,nanosensor,,False,sunscreen,2024-08,2,2,36,0.0,0.000546,0.0,False,,unrated
nasolabial fold,nasolabial fold,,False,sunscreen,2025-12,2,2,36,0.000681,0.0,,False,0.418176,unrated
national health interview survey,national health interview survey,,False,sunscreen,2025-09,2,2,36,0.000797,0.0,,False,0.351611,unrated
natural food,natural food,,False,sunscreen,2024-08,2,2,36,0.000227,0.000306,0.7418,False,0.42375,unrated
natural selection,natural selection,,False,sunscreen,2024-02,2,2,36,0.0,0.000553,0.0,False,,unrated
nausea,nausea,,False,sunscreen,2024-08,2,2,36,0.0,0.000546,0.0,False,,unrated
nd:yag laser,nd:yag laser,,False,sunscreen,2025-02,2,2,36,0.0,0.000496,0.0,False,,unrated
near infrared spectroscopy,near infrared spectroscopy,,False,sunscreen,2025-07,2,2,36,0.000227,0.000189,1.2054,False,0.42375,unrated
near ultraviolet,near ultraviolet,,False,sunscreen,2026-03,2,2,36,0.000668,0.0,,False,0.442628,unrated
needs assessment,needs assessment,,False,sunscreen,2026-02,2,2,36,0.000708,0.0,,False,0.445109,unrated
neem oil,neem oil,,False,sunscreen,2024-01,2,2,36,0.000297,0.000118,2.5097,False,0.436275,unrated
neologism,neologism,,False,sunscreen,2026-02,2,1,36,0.000878,0.0,,False,0.626812,unrated
nervous system,nervous system,,False,sunscreen,2025-10,2,2,36,0.000696,0.0,,False,0.627126,unrated
net present value,net present value,,False,sunscreen,2025-02,2,2,36,0.000285,0.000302,0.944,False,0.482759,unrated
neural stem cell,neural stem cell,,False,sunscreen,2025-09,2,2,36,0.000769,0.0,,False,0.53929,unrated
neurodegeneration,neurodegeneration,,False,sunscreen,2026-03,2,1,36,0.000594,0.0,,False,0.436275,unrated
neuromelanin,neuromelanin,,False,sunscreen,2026-01,2,1,36,0.000455,0.0,,False,0.69,unrated
neutron star,neutron star,,False,sunscreen,2023-09,2,2,36,0.0,0.000346,0.0,False,,unrated
nevus of ota,nevus of ota,,False,sunscreen,2024-02,2,2,36,0.0,0.000446,0.0,False,,unrated
nicotiana benthamiana,nicotiana benthamiana,,False,sunscreen,2025-05,2,2,36,0.000227,0.000225,1.0092,False,0.42375,unrated
nicotinamide mononucleotide,nicotinamide mononucleotide,,False,sunscreen,2025-05,2,2,36,0.000227,0.000225,1.0092,False,0.42375,unrated
nigericin,nigericin,,False,sunscreen,2024-04,2,2,36,0.0,0.000493,0.0,False,,unrated
nitrite,nitrite,,False,sunscreen,2025-12,2,2,36,0.000579,0.0,,False,0.440727,unrated
nitrogen cycle,nitrogen cycle,,False,sunscreen,2023-12,2,2,36,0.000371,0.000257,1.4428,False,0.934694,unrated
nitrogen deficiency,nitrogen deficiency,,False,sunscreen,2025-09,2,2,36,0.000585,0.0,,False,0.65971,unrated
no observed adverse effect level,no observed adverse effect level,,False,sunscreen,2025-09,2,2,36,0.000692,0.0,,False,0.629646,unrated
nodular melanoma,nodular melanoma,,False,sunscreen,2025-08,2,2,36,0.000358,0.000208,1.718,False,0.307087,unrated
normative,normative,,False,sunscreen,2026-04,2,2,36,0.000705,0.0,,False,0.694369,unrated
norwegian,norwegian,,False,sunscreen,2025-01,2,2,36,0.000227,0.000102,2.2254,False,0.42375,unrated
nuclear engineering,nuclear engineering,,False,sunscreen,2024-11,2,2,36,0.0,0.000444,0.0,False,,unrated
nucleic acid,nucleic acid,,False,sunscreen,2023-11,2,1,36,0.0,0.000571,0.0,False,,unrated
nucleophile,nucleophile,,False,sunscreen,2025-04,2,2,36,0.000285,0.000218,1.3063,False,0.482759,unrated
nucleotide excision repair,nucleotide excision repair,,False,sunscreen,2025-12,2,2,36,0.000595,0.0,,False,0.435065,unrated
nursing science,nursing science,,False,sunscreen,2025-09,2,2,36,0.00075,0.0,,False,0.3335,unrated
objectivity (philosophy),objectivity (philosophy),,False,sunscreen,2025-12,2,2,36,0.000644,0.0,,False,0.420708,unrated
observable,observable,,False,sunscreen,2025-12,2,1,36,0.000621,0.0,,False,0.387372,unrated
observatory,observatory,,False,sunscreen,2025-10,2,1,36,0.000823,0.0,,False,0.289593,unrated
odor,odor,,False,sunscreen,2024-06,2,2,36,0.0,0.000421,0.0,False,,unrated
office workers,office workers,,False,sunscreen,2025-10,2,2,36,0.000722,0.0,,False,0.338483,unrated
ofloxacin,ofloxacin,,False,sunscreen,2024-09,2,2,36,0.00031,0.000239,1.2957,False,0.829352,unrated
olea,olea,,False,sunscreen,2025-08,2,2,36,0.00031,0.000208,1.4893,False,0.912969,unrated
oleanolic acid,oleanolic acid,,False,sunscreen,2026-05,2,1,36,0.000668,0.0,,False,0.454044,unrated
oligomer,oligomer,,False,sunscreen,2024-03,2,2,36,0.0,0.000568,0.0,False,,unrated
omalizumab,omalizumab,,False,sunscreen,2024-12,2,2,36,0.000392,0.000206,1.8997,False,0.359914,unrated
online advertising,online advertising,,False,sunscreen,2025-12,2,2,36,0.000607,0.0,,False,0.411824,unrated
open reading frame,open reading frame,,False,sunscreen,2026-01,2,2,36,0.000598,0.0,,False,0.436365,unrated
operating system,operating system,,False,sunscreen,2024-03,2,2,36,0.0,0.000546,0.0,False,,unrated
operations management,operations management,,False,sunscreen,2023-11,2,2,36,0.0,0.000479,0.0,False,,unrated
operations research,operations research,,False,sunscreen,2024-12,2,2,36,0.0,0.000415,0.0,False,,unrated
operator (biology),operator (biology),,False,sunscreen,2025-12,2,1,36,0.000621,0.0,,False,0.387372,unrated
optical coating,optical coating,,False,sunscreen,2025-06,2,2,36,0.000439,0.000194,2.2663,False,0.396135,unrated
optical coherence tomography,optical coherence tomography,,False,sunscreen,2024-06,2,2,36,0.000439,0.000233,1.8866,False,0.396135,unrated
orchard,orchard,,False,sunscreen,2024-07,2,2,36,0.0,0.000386,0.0,False,,unrated
ordinary least squares,ordinary least squares,,False,sunscreen,2026-01,2,2,36,0.000561,0.0,,False,0.438897,unrated
oreochromis,oreochromis,,False,sunscreen,2023-12,2,2,36,0.0,0.000257,0.0,False,,unrated
organic farming,organic farming,,False,sunscreen,2025-03,2,2,36,0.00031,0.000269,1.1541,False,0.387372,unrated
organophosphate,organophosphate,,False,sunscreen,2025-04,2,1,36,0.0,0.000436,0.0,False,,unrated
orthorhombic crystal system,orthorhombic crystal system,,False,sunscreen,2025-10,2,2,36,0.000696,0.0,,False,0.627126,unrated
osmotic pressure,osmotic pressure,,False,sunscreen,2026-03,2,2,36,0.000566,0.0,,False,0.465179,unrated
outdoor activity,outdoor activity,,False,sunscreen,2025-01,2,2,36,0.000392,0.000102,3.8367,False,0.359914,unrated
ovarian reserve,ovarian reserve,,False,sunscreen,2023-10,2,2,36,0.000439,0.000272,1.6127,False,0.396135,unrated
ovary,ovary,,False,sunscreen,2025-10,2,1,36,0.000823,0.0,,False,0.600679,unrated
over the counter,over the counter,,False,sunscreen,2024-10,2,1,36,0.0,0.000548,0.0,False,,unrated
overwintering,overwintering,,False,sunscreen,2024-04,2,2,36,0.000227,0.000304,0.7473,False,0.42375,unrated
oxalic acid,oxalic acid,,False,sunscreen,2025-04,2,2,36,0.000269,0.000218,1.233,False,0.494083,unrated
oxidizing agent,oxidizing agent,,False,sunscreen,2023-11,2,2,36,0.000269,0.000285,0.9426,False,0.494083,unrated
oxygen evolution,oxygen evolution,,False,sunscreen,2025-12,2,2,36,0.000538,0.0,,False,0.626551,unrated
p38 mitogen activated protein kinases,p38 mitogen activated protein kinases,,False,sunscreen,2023-09,2,2,36,0.00031,0.000244,1.2733,False,0.387372,unrated
palisade cell,palisade cell,,False,sunscreen,2024-04,2,2,36,0.000392,0.000304,1.2883,False,0.877155,unrated
palm,palm,,False,sunscreen,2024-08,2,2,36,0.0,0.000525,0.0,False,,unrated
papule,papule,,False,sunscreen,2023-11,2,1,36,0.0,0.000571,0.0,False,,unrated
paracentrotus lividus,paracentrotus lividus,,False,sunscreen,2025-07,2,2,36,0.000227,0.000189,1.2054,False,0.42375,unrated
paracrine signalling,paracrine signalling,,False,sunscreen,2023-12,2,2,36,0.000227,0.000257,0.8836,False,0.42375,unrated
parameter space,parameter space,,False,sunscreen,2026-06,2,1,36,0.00057,0.0,,False,0.482759,unrated
parylene,parylene,,False,sunscreen,2025-12,2,1,36,0.000621,0.0,,False,0.650171,unrated
passive sampling,passive sampling,,False,sunscreen,2024-03,2,2,36,0.0,0.000409,0.0,False,,unrated
password,password,,False,sunscreen,2026-03,2,1,36,0.000594,0.0,,False,0.436275,unrated
patent law,patent law,,False,sunscreen,2025-12,2,1,36,0.000621,0.0,,False,0.387372,unrated
path analysis (statistics),path analysis (statistics),,False,sunscreen,2023-09,2,2,36,0.0,0.000244,0.0,False,,unrated
pathogen,pathogen,,False,sunscreen,2023-09,2,2,36,0.0,0.000548,0.0,False,,unrated
patient data,patient data,,False,sunscreen,2026-02,2,2,36,0.000773,0.0,,False,0.42509,unrated
payback period,payback period,,False,sunscreen,2025-02,2,2,36,0.000285,0.000302,0.944,False,0.482759,unrated
peat,peat,,False,sunscreen,2025-12,2,2,36,0.00031,0.0,,False,0.387372,unrated
penetration depth,penetration depth,,False,sunscreen,2023-09,2,2,36,0.0,0.000501,0.0,False,,unrated
peninsula,peninsula,,False,sunscreen,2023-11,2,2,36,0.0,0.000592,0.0,False,,unrated
peridinin,peridinin,,False,sunscreen,2024-09,2,1,36,0.0,0.000479,0.0,False,,unrated
period (music),period (music),,False,sunscreen,2024-01,2,2,36,0.0,0.000312,0.0,False,,unrated
periodontal disease,periodontal disease,,False,sunscreen,2024-06,2,2,36,0.0,0.000472,0.0,False,,unrated
peripheral neuropathy,peripheral neuropathy,,False,sunscreen,2026-06,2,2,36,0.000554,0.0,,False,0.488421,unrated
persian,persian,,False,sunscreen,2024-11,2,2,36,0.0,0.000444,0.0,False,,unrated
persistence (discontinuity),persistence (discontinuity),,False,sunscreen,2024-07,2,2,36,0.0,0.000386,0.0,False,,unrated
persulfate,persulfate,,False,sunscreen,2023-12,2,2,36,0.0,0.000376,0.0,False,,unrated
perturbation (astronomy),perturbation (astronomy),,False,sunscreen,2026-06,2,1,36,0.00057,0.0,,False,0.482759,unrated
pesticide residue,pesticide residue,,False,sunscreen,2025-09,2,2,36,0.000655,0.0,,False,0.567547,unrated
petri dish,petri dish,,False,sunscreen,2024-03,2,2,36,0.0,0.000539,0.0,False,,unrated
petroleum ether,petroleum ether,,False,sunscreen,2025-05,2,2,36,0.0,0.000434,0.0,False,,unrated
phakic intraocular lens,phakic intraocular lens,,False,sunscreen,2025-10,2,1,36,0.000823,0.0,,False,0.289593,unrated
pharmacognosy,pharmacognosy,,False,sunscreen,2025-02,2,2,36,0.000297,0.000302,0.984,False,0.436275,unrated
phenology,phenology,,False,sunscreen,2026-07,2,2,36,0.000269,0.0,,False,0.494083,unrated
phenomenon,phenomenon,,False,sunscreen,2024-01,2,2,36,0.0,0.000392,0.0,False,,unrated
phenomics,phenomics,,False,sunscreen,2024-10,2,2,36,0.000334,0.000274,1.2191,False,0.454044,unrated
phosphoenolpyruvate carboxykinase,phosphoenolpyruvate carboxykinase,,False,sunscreen,2024-01,2,2,36,0.0,0.000425,0.0,False,,unrated
phospholipid,phospholipid,,False,sunscreen,2023-10,2,2,36,0.0,0.000479,0.0,False,,unrated
phosphor,phosphor,,False,sunscreen,2024-01,2,2,36,0.000285,0.000118,2.4076,False,0.482759,unrated
photo elicitation,photo elicitation,,False,sunscreen,2026-04,2,2,36,0.000656,0.0,,False,0.465869,unrated
photoactive layer,photoactive layer,,False,sunscreen,2023-09,2,2,36,0.000297,0.000244,1.2193,False,0.436275,unrated
photoinitiator,photoinitiator,,False,sunscreen,2024-03,2,2,36,0.000371,0.000306,1.2112,False,0.44898,unrated
photonic crystal,photonic crystal,,False,sunscreen,2024-07,2,2,36,0.0,0.00049,0.0,False,,unrated
phototropin,phototropin,,False,sunscreen,2024-12,2,2,36,0.0,0.000475,0.0,False,,unrated
phthalimide,phthalimide,,False,sunscreen,2024-11,2,2,36,0.000227,0.000238,0.9546,False,0.42375,unrated
phyllanthus,phyllanthus,,False,sunscreen,2024-01,2,2,36,0.0,0.000337,0.0,False,,unrated
phyllostachys edulis,phyllostachys edulis,,False,sunscreen,2024-01,2,2,36,0.0,0.000425,0.0,False,,unrated
physiologically based pharmacokinetic modelling,physiologically based pharmacokinetic modelling,,False,sunscreen,2025-09,2,2,36,0.000627,0.0,,False,0.400585,unrated
phytochrome,phytochrome,,False,sunscreen,2024-02,2,2,36,0.000227,0.000344,0.66,False,0.42375,unrated
phytotherapy,phytotherapy,,False,sunscreen,2025-10,2,2,36,0.000639,0.0,,False,0.356672,unrated
picnic,picnic,,False,sunscreen,2026-07,2,1,36,0.000538,0.0,,False,0.494083,unrated
pilgrim,pilgrim,,False,sunscreen,2025-12,2,1,36,0.000621,0.0,,False,0.387372,unrated
piperine,piperine,,False,sunscreen,2025-07,2,2,36,0.000269,0.000189,1.4267,False,0.494083,unrated
pisum,pisum,,False,sunscreen,2023-09,2,2,36,0.0,0.000244,0.0,False,,unrated
pityriasis,pityriasis,,False,sunscreen,2025-10,2,2,36,0.000722,0.0,,False,0.338483,unrated
placenta,placenta,,False,sunscreen,2024-03,2,2,36,0.0,0.000513,0.0,False,,unrated
planetary boundary layer,planetary boundary layer,,False,sunscreen,2024-11,2,1,36,0.0,0.000476,0.0,False,,unrated
plankton,plankton,,False,sunscreen,2025-04,2,2,36,0.000358,0.000218,1.6405,False,0.307087,unrated
plant biology,plant biology,,False,sunscreen,2024-10,2,2,36,0.0,0.000512,0.0,False,,unrated
plant species,plant species,,False,sunscreen,2025-04,2,2,36,0.00031,0.000218,1.4222,False,0.387372,unrated
plasmon,plasmon,,False,sunscreen,2025-06,2,2,36,0.000227,0.000194,1.1728,False,0.42375,unrated
platelet,platelet,,False,sunscreen,2024-01,2,2,36,0.0,0.000463,0.0,False,,unrated
pleurotus,pleurotus,,False,sunscreen,2025-04,2,2,36,0.000439,0.000218,2.0131,False,0.396135,unrated
podiatrist,podiatrist,,False,sunscreen,2024-06,2,1,36,0.0,0.000466,0.0,False,,unrated
podiatry,podiatry,,False,sunscreen,2024-06,2,1,36,0.0,0.000466,0.0,False,,unrated
point (geometry),point (geometry),,False,sunscreen,2026-03,2,2,36,0.000668,0.0,,False,0.442628,unrated
point of delivery,point of delivery,,False,sunscreen,2025-10,2,2,36,0.000851,0.0,,False,0.342864,unrated
polarity (international relations),polarity (international relations),,False,sunscreen,2026-06,2,1,36,0.00057,0.0,,False,0.482759,unrated
politics,politics,,False,sunscreen,2023-11,2,2,36,0.0,0.000492,0.0,False,,unrated
polyaniline,polyaniline,,False,sunscreen,2024-08,2,2,36,0.000269,0.000306,0.878,False,0.494083,unrated
polycyclic aromatic hydrocarbon,polycyclic aromatic hydrocarbon,,False,sunscreen,2025-01,2,2,36,0.0,0.000327,0.0,False,,unrated
polyethylene terephthalate,polyethylene terephthalate,,False,sunscreen,2023-12,2,2,36,0.0,0.000376,0.0,False,,unrated
polyimide,polyimide,,False,sunscreen,2025-12,2,1,36,0.000621,0.0,,False,0.650171,unrated
polylactic acid,polylactic acid,,False,sunscreen,2025-04,2,2,36,0.000227,0.000218,1.0417,False,0.42375,unrated
polymer degradation,polymer degradation,,False,sunscreen,2025-10,2,1,36,0.000823,0.0,,False,0.469457,unrated
polyol,polyol,,False,sunscreen,2024-01,2,2,36,0.0,0.000307,0.0,False,,unrated
polypharmacy,polypharmacy,,False,sunscreen,2025-12,2,2,36,0.000579,0.0,,False,0.726564,unrated
polyunsaturated fatty acid,polyunsaturated fatty acid,,False,sunscreen,2024-05,2,2,36,0.0,0.000568,0.0,False,,unrated
polyvinyl chloride,polyvinyl chloride,,False,sunscreen,2025-04,2,2,36,0.000297,0.000218,1.3618,False,0.926471,unrated
population based study,population based study,,False,sunscreen,2025-11,2,2,36,0.000661,0.0,,False,0.426999,unrated
porphyrin,porphyrin,,False,sunscreen,2025-05,2,2,36,0.00031,0.000225,1.3777,False,0.387372,unrated
potassium ferrocyanide,potassium ferrocyanide,,False,sunscreen,2026-05,2,1,36,0.000668,0.0,,False,0.454044,unrated
potentiometric titration,potentiometric titration,,False,sunscreen,2024-08,2,2,36,0.0,0.000409,0.0,False,,unrated
powdered activated carbon treatment,powdered activated carbon treatment,,False,sunscreen,2025-01,2,2,36,0.000227,0.000102,2.2254,False,0.99375,unrated
prawn,prawn,,False,sunscreen,2023-09,2,2,36,0.0,0.000432,0.0,False,,unrated
prebiotic,prebiotic,,False,sunscreen,2025-01,2,2,36,0.00031,0.000102,3.0382,False,0.387372,unrated
precautionary principle,precautionary principle,,False,sunscreen,2026-04,2,1,36,0.000742,0.0,,False,0.44898,unrated
precision oncology,precision oncology,,False,sunscreen,2025-10,2,2,36,0.000803,0.0,,False,0.977536,unrated
prednisolone,prednisolone,,False,sunscreen,2025-05,2,2,36,0.000358,0.000225,1.5892,False,0.698819,unrated
prednisone,prednisone,,False,sunscreen,2023-11,2,2,36,0.0,0.00059,0.0,False,,unrated
priming (agriculture),priming (agriculture),,False,sunscreen,2023-09,2,2,36,0.0,0.000244,0.0,False,,unrated
probabilistic logic,probabilistic logic,,False,sunscreen,2025-10,2,2,36,0.000851,0.0,,False,0.522728,unrated
probit model,probit model,,False,sunscreen,2024-05,2,2,36,0.000227,0.000262,0.8673,False,0.42375,unrated
process management,process management,,False,sunscreen,2024-12,2,2,36,0.0,0.000395,0.0,False,,unrated
prodigiosin,prodigiosin,,False,sunscreen,2023-12,2,2,36,0.0,0.000466,0.0,False,,unrated
product line,product line,,False,sunscreen,2025-11,2,1,36,0.000784,0.0,,False,0.359914,unrated
profitability index,profitability index,,False,sunscreen,2025-08,2,2,36,0.00031,0.000208,1.4893,False,0.387372,unrated
programmed cell death,programmed cell death,,False,sunscreen,2024-12,2,2,36,0.000297,0.000206,1.4404,False,0.436275,unrated
proof of concept,proof of concept,,False,sunscreen,2024-11,2,1,36,0.0,0.000476,0.0,False,,unrated
proportional hazards model,proportional hazards model,,False,sunscreen,2024-08,2,2,36,0.000439,0.000306,1.4335,False,0.396135,unrated
propylthiouracil,propylthiouracil,,False,sunscreen,2025-09,2,2,36,0.000668,0.0,,False,0.828931,unrated
protective factor,protective factor,,False,sunscreen,2025-09,2,2,36,0.000668,0.0,,False,0.347229,unrated
protein dynamics,protein dynamics,,False,sunscreen,2026-03,2,2,36,0.000668,0.0,,False,0.442628,unrated
protein kinase b,protein kinase b,,False,sunscreen,2024-11,2,2,36,0.000227,0.000238,0.9546,False,0.42375,unrated
protein structure,protein structure,,False,sunscreen,2025-12,2,2,36,0.000538,0.0,,False,0.945234,unrated
protein subunit,protein subunit,,False,sunscreen,2025-03,2,2,36,0.000371,0.000269,1.3804,False,0.44898,unrated
protein–protein interaction,protein–protein interaction,,False,sunscreen,2026-01,2,2,36,0.000524,0.0,,False,0.430013,unrated
protocatechuic acid,protocatechuic acid,,False,sunscreen,2024-03,2,2,36,0.0,0.000513,0.0,False,,unrated
proton transport,proton transport,,False,sunscreen,2023-12,2,2,36,0.000297,0.000257,1.1551,False,0.436275,unrated
protoporphyrin ix,protoporphyrin ix,,False,sunscreen,2025-07,2,2,36,0.000269,0.000189,1.4267,False,0.494083,unrated
pterygium,pterygium,,False,sunscreen,2025-10,2,2,36,0.00068,0.0,,False,0.391838,unrated
public access,public access,,False,sunscreen,2026-05,2,2,36,0.000603,0.0,,False,0.474063,unrated
public engagement,public engagement,,False,sunscreen,2026-06,2,2,36,0.000285,0.0,,False,0.482759,unrated
public health policy,public health policy,,False,sunscreen,2024-05,2,2,36,0.0,0.000495,0.0,False,,unrated
pulex,pulex,,False,sunscreen,2025-01,2,2,36,0.0,0.000291,0.0,False,,unrated
pullulan,pullulan,,False,sunscreen,2024-07,2,2,36,0.000392,0.000283,1.3823,False,0.359914,unrated
python (programming language),python (programming language),,False,sunscreen,2026-01,2,1,36,0.000455,0.0,,False,0.42375,unrated
quality assessment,quality assessment,,False,sunscreen,2026-07,2,2,36,0.000269,0.0,,False,0.494083,unrated
quality function deployment,quality function deployment,,False,sunscreen,2025-06,2,2,36,0.000439,0.000194,2.2663,False,0.396135,unrated
quantitative assessment,quantitative assessment,,False,sunscreen,2026-05,2,2,36,0.000619,0.0,,False,0.966699,unrated
quantum entanglement,quantum entanglement,,False,sunscreen,2026-07,2,1,36,0.000538,0.0,,False,0.494083,unrated
quantum technology,quantum technology,,False,sunscreen,2026-07,2,1,36,0.000538,0.0,,False,0.494083,unrated
quaternary,quaternary,,False,sunscreen,2024-09,2,2,36,0.0,0.000508,0.0,False,,unrated
quercus petraea,quercus petraea,,False,sunscreen,2025-10,2,2,36,0.000803,0.0,,False,0.60869,unrated
quinone,quinone,,False,sunscreen,2024-01,2,2,36,0.0,0.000422,0.0,False,,unrated
r package,r package,,False,sunscreen,2026-06,2,1,36,0.00057,0.0,,False,0.482759,unrated
radiant heat,radiant heat,,False,sunscreen,2024-12,2,2,36,0.0,0.000395,0.0,False,,unrated
radiation shielding,radiation shielding,,False,sunscreen,2024-01,2,2,36,0.0,0.000392,0.0,False,,unrated
radiodensity,radiodensity,,False,sunscreen,2025-08,2,2,36,0.0,0.000208,0.0,False,,unrated
radiography,radiography,,False,sunscreen,2025-03,2,2,36,0.0,0.000269,0.0,False,,unrated
rational design,rational design,,False,sunscreen,2025-10,2,2,36,0.000696,0.0,,False,0.56604,unrated
reactance,reactance,,False,sunscreen,2023-12,2,2,36,0.0,0.000475,0.0,False,,unrated
reaction mechanism,reaction mechanism,,False,sunscreen,2024-01,2,2,36,0.0,0.000402,0.0,False,,unrated
readability,readability,,False,sunscreen,2024-02,2,2,36,0.0,0.000584,0.0,False,,unrated
reading (process),reading (process),,False,sunscreen,2025-07,2,1,36,0.0,0.000377,0.0,False,,unrated
red light,red light,,False,sunscreen,2025-03,2,2,36,0.0,0.000494,0.0,False,,unrated
refining (metallurgy),refining (metallurgy),,False,sunscreen,2024-09,2,2,36,0.0,0.000428,0.0,False,,unrated
reflection (computer programming),reflection (computer programming),,False,sunscreen,2023-11,2,2,36,0.0,0.000387,0.0,False,,unrated
reflector (photography),reflector (photography),,False,sunscreen,2025-06,2,2,36,0.000285,0.000194,1.4707,False,0.482759,unrated
regolith,regolith,,False,sunscreen,2026-06,2,1,36,0.00057,0.0,,False,0.482759,unrated
relative risk,relative risk,,False,sunscreen,2024-06,2,2,36,0.000334,0.000233,1.4355,False,0.454044,unrated
reporter gene,reporter gene,,False,sunscreen,2026-01,2,2,36,0.000598,0.0,,False,0.436365,unrated
research method,research method,,False,sunscreen,2025-11,2,2,36,0.000689,0.0,,False,0.398095,unrated
resilience of coral reefs,resilience of coral reefs,,False,sunscreen,2025-03,2,2,36,0.00031,0.000269,1.1541,False,0.387372,unrated
respiratory chain,respiratory chain,,False,sunscreen,2026-07,2,1,36,0.000538,0.0,,False,0.494083,unrated
respiratory system,respiratory system,,False,sunscreen,2024-05,2,2,36,0.0,0.0005,0.0,False,,unrated
respiratory tract,respiratory tract,,False,sunscreen,2024-05,2,2,36,0.0,0.0005,0.0,False,,unrated
retinopathy,retinopathy,,False,sunscreen,2025-07,2,2,36,0.000285,0.000189,1.5116,False,0.482759,unrated
reuse,reuse,,False,sunscreen,2024-03,2,2,36,0.0,0.000525,0.0,False,,unrated
revenue,revenue,,False,sunscreen,2024-02,2,2,36,0.000411,0.000344,1.1947,False,0.289593,unrated
rheometer,rheometer,,False,sunscreen,2026-01,2,2,36,0.000524,0.0,,False,0.430013,unrated
rna,rna,,False,sunscreen,2023-10,2,2,36,0.0,0.000461,0.0,False,,unrated
rotational speed,rotational speed,,False,sunscreen,2024-11,2,1,36,0.0,0.000476,0.0,False,,unrated
rotifer,rotifer,,False,sunscreen,2024-04,2,2,36,0.0,0.000578,0.0,False,,unrated
rubus,rubus,,False,sunscreen,2025-12,2,2,36,0.000538,0.0,,False,0.405561,unrated
rural health,rural health,,False,sunscreen,2026-03,2,2,36,0.000566,0.0,,False,0.465179,unrated
safeguarding,safeguarding,,False,sunscreen,2024-06,2,2,36,0.000297,0.000233,1.2762,False,0.436275,unrated
salmo,salmo,,False,sunscreen,2024-01,2,2,36,0.0,0.00038,0.0,False,,unrated
salvia,salvia,,False,sunscreen,2026-05,2,1,36,0.000668,0.0,,False,0.454044,unrated
sample size determination,sample size determination,,False,sunscreen,2025-10,2,2,36,0.000782,0.0,,False,0.369286,unrated
sandalwood,sandalwood,,False,sunscreen,2025-04,2,2,36,0.000285,0.000218,1.3063,False,0.482759,unrated
sapindaceae,sapindaceae,,False,sunscreen,2025-10,2,2,36,0.000803,0.0,,False,0.324754,unrated
scaffold,scaffold,,False,sunscreen,2026-05,2,1,36,0.000668,0.0,,False,0.454044,unrated
scalar field,scalar field,,False,sunscreen,2025-12,2,1,36,0.000621,0.0,,False,0.387372,unrated
schizosaccharomyces,schizosaccharomyces,,False,sunscreen,2024-01,2,2,36,0.0,0.000325,0.0,False,,unrated
scintillator,scintillator,,False,sunscreen,2024-03,2,1,36,0.0,0.000613,0.0,False,,unrated
screen time,screen time,,False,sunscreen,2024-01,2,2,36,0.000285,0.000118,2.4076,False,0.482759,unrated
scripting language,scripting language,,False,sunscreen,2026-06,2,1,36,0.00057,0.0,,False,0.482759,unrated
scrutiny,scrutiny,,False,sunscreen,2024-06,2,2,36,0.00031,0.000233,1.3328,False,0.387372,unrated
sea anemone,sea anemone,,False,sunscreen,2025-12,2,2,36,0.000681,0.0,,False,0.418176,unrated
seborrheic dermatitis,seborrheic dermatitis,,False,sunscreen,2026-01,2,2,36,0.000524,0.0,,False,0.430013,unrated
selenium,selenium,,False,sunscreen,2026-01,2,2,36,0.000496,0.0,,False,0.693917,unrated
self assembly,self assembly,,False,sunscreen,2024-07,2,2,36,0.0,0.00049,0.0,False,,unrated
self efficacy,self efficacy,,False,sunscreen,2024-02,2,2,36,0.000297,0.000344,0.8628,False,0.436275,unrated
self healing,self healing,,False,sunscreen,2025-02,2,2,36,0.0,0.000571,0.0,False,,unrated
sentinel species,sentinel species,,False,sunscreen,2023-09,2,2,36,0.0,0.000483,0.0,False,,unrated
sequence (biology),sequence (biology),,False,sunscreen,2024-04,2,2,36,0.000269,0.000304,0.8845,False,0.494083,unrated
serine,serine,,False,sunscreen,2023-10,2,2,36,0.0,0.000466,0.0,False,,unrated
serology,serology,,False,sunscreen,2023-10,2,2,36,0.000297,0.000272,1.0909,False,0.436275,unrated
serratia marcescens,serratia marcescens,,False,sunscreen,2023-12,2,2,36,0.0,0.000466,0.0,False,,unrated
sesame oil,sesame oil,,False,sunscreen,2024-07,2,2,36,0.00031,0.000283,1.0946,False,0.387372,unrated
sesamin,sesamin,,False,sunscreen,2024-07,2,2,36,0.00031,0.000283,1.0946,False,0.387372,unrated
setaria viridis,setaria viridis,,False,sunscreen,2024-12,2,2,36,0.0,0.000308,0.0,False,,unrated
sex organ,sex organ,,False,sunscreen,2024-04,2,2,36,0.000439,0.000304,1.4441,False,0.396135,unrated
shade tolerance,shade tolerance,,False,sunscreen,2025-10,2,2,36,0.000782,0.0,,False,0.369286,unrated
shrub,shrub,,False,sunscreen,2026-05,2,2,36,0.000603,0.0,,False,0.474063,unrated
side chain,side chain,,False,sunscreen,2025-07,2,2,36,0.000411,0.000189,2.1818,False,0.289593,unrated
sign (mathematics),sign (mathematics),,False,sunscreen,2026-03,2,1,36,0.000594,0.0,,False,0.436275,unrated
signalling,signalling,,False,sunscreen,2025-06,2,2,36,0.000227,0.000194,1.1728,False,0.42375,unrated
silicate,silicate,,False,sunscreen,2025-09,2,2,36,0.000585,0.0,,False,0.625261,unrated
silicon photomultiplier,silicon photomultiplier,,False,sunscreen,2024-03,2,1,36,0.0,0.000613,0.0,False,,unrated
silver nitrate,silver nitrate,,False,sunscreen,2024-04,2,2,36,0.0,0.000529,0.0,False,,unrated
simple random sample,simple random sample,,False,sunscreen,2025-02,2,2,36,0.000439,0.000302,1.4546,False,0.396135,unrated
simplex,simplex,,False,sunscreen,2023-09,2,2,36,0.0,0.000432,0.0,False,,unrated
single blind,single blind,,False,sunscreen,2024-09,2,2,36,0.00031,0.000239,1.2957,False,0.387372,unrated
size exclusion chromatography,size exclusion chromatography,,False,sunscreen,2025-09,2,2,36,0.000668,0.0,,False,0.347229,unrated
skin repair,skin repair,,False,sunscreen,2024-12,2,2,36,0.000227,0.000206,1.1019,False,0.42375,unrated
skin temperature,skin temperature,,False,sunscreen,2024-05,2,2,36,0.000371,0.000262,1.4162,False,0.934694,unrated
sleep (system call),sleep (system call),,False,sunscreen,2025-03,2,2,36,0.000358,0.000269,1.3313,False,0.698819,unrated
sma*,sma*,,False,sunscreen,2024-10,2,2,36,0.000371,0.000274,1.3537,False,0.44898,unrated
snail,snail,,False,sunscreen,2023-09,2,2,36,0.0,0.000362,0.0,False,,unrated
snowball sampling,snowball sampling,,False,sunscreen,2025-04,2,2,36,0.000392,0.000218,1.796,False,0.359914,unrated
social media marketing,social media marketing,,False,sunscreen,2025-02,2,2,36,0.0,0.00052,0.0,False,,unrated
software deployment,software deployment,,False,sunscreen,2024-11,2,2,36,0.000439,0.000238,1.8447,False,0.396135,unrated
software portability,software portability,,False,sunscreen,2025-12,2,1,36,0.000621,0.0,,False,0.387372,unrated
softwood,softwood,,False,sunscreen,2023-09,2,2,36,0.0,0.000469,0.0,False,,unrated
soil remediation,soil remediation,,False,sunscreen,2024-12,2,2,36,0.0,0.000308,0.0,False,,unrated
soil salinity,soil salinity,,False,sunscreen,2025-07,2,2,36,0.000297,0.000189,1.5757,False,0.436275,unrated
soil science,soil science,,False,sunscreen,2024-02,2,2,36,0.0,0.000551,0.0,False,,unrated
sol gel,sol gel,,False,sunscreen,2024-08,2,2,36,0.000227,0.000306,0.7418,False,0.42375,unrated
solanum tuberosum,solanum tuberosum,,False,sunscreen,2023-10,2,2,36,0.0,0.000391,0.0,False,,unrated
solar flare,solar flare,,False,sunscreen,2025-08,2,2,36,0.000358,0.000208,1.718,False,0.698819,unrated
solvatochromism,solvatochromism,,False,sunscreen,2024-09,2,2,36,0.000227,0.000239,0.9491,False,0.42375,unrated
source credibility,source credibility,,False,sunscreen,2026-01,2,2,36,0.000524,0.0,,False,0.430013,unrated
spacecraft,spacecraft,,False,sunscreen,2024-11,2,2,36,0.0,0.000507,0.0,False,,unrated
spacetime,spacetime,,False,sunscreen,2026-06,2,1,36,0.00057,0.0,,False,0.482759,unrated
spark (programming language),spark (programming language),,False,sunscreen,2025-07,2,1,36,0.0,0.000377,0.0,False,,unrated
specific surface area,specific surface area,,False,sunscreen,2023-12,2,2,36,0.000411,0.000257,1.5993,False,0.911765,unrated
spectral imaging,spectral imaging,,False,sunscreen,2023-09,2,2,36,0.0,0.000529,0.0,False,,unrated
spectral properties,spectral properties,,False,sunscreen,2025-02,2,2,36,0.000269,0.000302,0.891,False,0.494083,unrated
spurious relationship,spurious relationship,,False,sunscreen,2026-06,2,1,36,0.00057,0.0,,False,0.482759,unrated
sputter deposition,sputter deposition,,False,sunscreen,2025-01,2,2,36,0.0,0.000291,0.0,False,,unrated
sputtering,sputtering,,False,sunscreen,2025-01,2,2,36,0.0,0.000291,0.0,False,,unrated
squamous cell cancer,squamous cell cancer,,False,sunscreen,2025-07,2,2,36,0.000392,0.000189,2.0782,False,0.359914,unrated
stable isotope ratio,stable isotope ratio,,False,sunscreen,2023-11,2,2,36,0.000358,0.000285,1.2542,False,0.307087,unrated
stalk,stalk,,False,sunscreen,2023-09,2,2,36,0.000439,0.000244,1.8024,False,0.396135,unrated
statement (logic),statement (logic),,False,sunscreen,2025-09,2,2,36,0.000692,0.0,,False,0.957402,unrated
steam distillation,steam distillation,,False,sunscreen,2024-01,2,2,36,0.000227,0.000118,1.9199,False,0.42375,unrated
steam explosion,steam explosion,,False,sunscreen,2024-01,2,2,36,0.0,0.000425,0.0,False,,unrated
steatosis,steatosis,,False,sunscreen,2025-10,2,2,36,0.000411,0.0,,False,0.857466,unrated
steric effects,steric effects,,False,sunscreen,2025-11,2,2,36,0.000619,0.0,,False,0.923168,unrated
stimulant,stimulant,,False,sunscreen,2024-01,2,2,36,0.0,0.000325,0.0,False,,unrated
straw,straw,,False,sunscreen,2024-11,2,2,36,0.0,0.000456,0.0,False,,unrated
streptomyces,streptomyces,,False,sunscreen,2024-01,2,2,36,0.0,0.00022,0.0,False,,unrated
structural engineering,structural engineering,,False,sunscreen,2023-09,2,2,36,0.0,0.000501,0.0,False,,unrated
structural stability,structural stability,,False,sunscreen,2026-01,2,1,36,0.000455,0.0,,False,0.42375,unrated
structure function,structure function,,False,sunscreen,2024-01,2,2,36,0.0,0.000402,0.0,False,,unrated
style (visual arts),style (visual arts),,False,sunscreen,2024-08,2,2,36,0.00031,0.000306,1.0127,False,0.387372,unrated
stylophora pistillata,stylophora pistillata,,False,sunscreen,2023-11,2,2,36,0.0,0.000492,0.0,False,,unrated
subcellular localization,subcellular localization,,False,sunscreen,2024-01,2,2,36,0.000371,0.000118,3.1349,False,0.44898,unrated
subclinical infection,subclinical infection,,False,sunscreen,2025-04,2,2,36,0.0,0.000218,0.0,False,,unrated
subsidy,subsidy,,False,sunscreen,2024-05,2,2,36,0.000227,0.000262,0.8673,False,0.42375,unrated
substitution (logic),substitution (logic),,False,sunscreen,2025-07,2,2,36,0.000358,0.000189,1.8983,False,0.307087,unrated
subtropics,subtropics,,False,sunscreen,2025-01,2,2,36,0.000285,0.000102,2.7907,False,0.482759,unrated
sucrose,sucrose,,False,sunscreen,2023-10,2,2,36,0.000334,0.000272,1.2271,False,0.454044,unrated
sulforaphane,sulforaphane,,False,sunscreen,2025-01,2,2,36,0.000371,0.000102,3.6337,False,0.44898,unrated
supercritical fluid extraction,supercritical fluid extraction,,False,sunscreen,2025-12,2,2,36,0.000538,0.0,,False,0.691397,unrated
superradiance,superradiance,,False,sunscreen,2026-07,2,1,36,0.000538,0.0,,False,0.494083,unrated
supramolecular assembly,supramolecular assembly,,False,sunscreen,2025-01,2,2,36,0.000334,0.000102,3.2723,False,0.454044,unrated
surgical procedures,surgical procedures,,False,sunscreen,2025-10,2,2,36,0.00068,0.0,,False,0.391838,unrated
survey data collection,survey data collection,,False,sunscreen,2025-02,2,2,36,0.000358,0.000302,1.1855,False,0.307087,unrated
survival analysis,survival analysis,,False,sunscreen,2024-08,2,2,36,0.000334,0.000306,1.0908,False,0.454044,unrated
sweet sorghum,sweet sorghum,,False,sunscreen,2026-01,2,2,36,0.000666,0.0,,False,0.681682,unrated
systemic lupus,systemic lupus,,False,sunscreen,2024-03,2,2,36,0.0,0.00059,0.0,False,,unrated
tagetes,tagetes,,False,sunscreen,2024-05,2,2,36,0.00031,0.000262,1.1841,False,0.829352,unrated
taguchi methods,taguchi methods,,False,sunscreen,2025-01,2,2,36,0.000334,0.000102,3.2723,False,0.454044,unrated
taiga,taiga,,False,sunscreen,2024-10,2,2,36,0.0,0.000499,0.0,False,,unrated
tandem,tandem,,False,sunscreen,2024-02,2,1,36,0.0,0.000689,0.0,False,,unrated
taraxacum officinale,taraxacum officinale,,False,sunscreen,2024-12,2,2,36,0.000227,0.000206,1.1019,False,0.42375,unrated
target audience,target audience,,False,sunscreen,2026-01,2,1,36,0.000455,0.0,,False,0.42375,unrated
target lesion,target lesion,,False,sunscreen,2026-01,2,2,36,0.000512,0.0,,False,0.453255,unrated
task (project management),task (project management),,False,sunscreen,2024-04,2,2,36,0.000297,0.000304,0.9769,False,0.436275,unrated
temperate forest,temperate forest,,False,sunscreen,2025-11,2,1,36,0.000784,0.0,,False,0.359914,unrated
terminalia chebula,terminalia chebula,,False,sunscreen,2026-03,2,2,36,0.000566,0.0,,False,0.465179,unrated
terrestrial ecosystem,terrestrial ecosystem,,False,sunscreen,2024-09,2,2,36,0.000371,0.000239,1.5497,False,0.44898,unrated
tetraethyl orthosilicate,tetraethyl orthosilicate,,False,sunscreen,2026-01,2,2,36,0.000496,0.0,,False,0.458917,unrated
tetragonal crystal system,tetragonal crystal system,,False,sunscreen,2025-01,2,2,36,0.000411,0.000102,4.028,False,0.289593,unrated
thematic map,thematic map,,False,sunscreen,2025-12,2,1,36,0.000621,0.0,,False,0.387372,unrated
theory of relativity,theory of relativity,,False,sunscreen,2026-03,2,1,36,0.000594,0.0,,False,0.436275,unrated
thermal management of electronic devices and systems,thermal management of electronic devices and systems,,False,sunscreen,2026-01,2,2,36,0.000598,0.0,,False,0.914222,unrated
thermal radiation,thermal radiation,,False,sunscreen,2024-12,2,2,36,0.000297,0.000206,1.4404,False,0.436275,unrated
thermoelectric materials,thermoelectric materials,,False,sunscreen,2025-11,2,2,36,0.000661,0.0,,False,0.638205,unrated
thermophoresis,thermophoresis,,False,sunscreen,2024-12,2,2,36,0.000297,0.000206,1.4404,False,0.436275,unrated
thickening,thickening,,False,sunscreen,2025-10,2,2,36,0.000746,0.0,,False,0.620899,unrated
thioredoxin,thioredoxin,,False,sunscreen,2025-09,2,2,36,0.000668,0.0,,False,0.895975,unrated
third party,third party,,False,sunscreen,2026-01,2,1,36,0.000455,0.0,,False,0.42375,unrated
thixotropy,thixotropy,,False,sunscreen,2024-07,2,2,36,0.000227,0.000283,0.8018,False,0.42375,unrated
thuja,thuja,,False,sunscreen,2026-06,2,1,36,0.00057,0.0,,False,0.482759,unrated
thursday,thursday,,False,sunscreen,2026-07,2,1,36,0.000538,0.0,,False,0.494083,unrated
tin,tin,,False,sunscreen,2025-01,2,2,36,0.0,0.00031,0.0,False,,unrated
tin oxide,tin oxide,,False,sunscreen,2025-01,2,2,36,0.0,0.00031,0.0,False,,unrated
tocopherol,tocopherol,,False,sunscreen,2023-09,2,2,36,0.0,0.000529,0.0,False,,unrated
toothbrush,toothbrush,,False,sunscreen,2024-04,2,2,36,0.00031,0.000304,1.0202,False,0.387372,unrated
toothpaste,toothpaste,,False,sunscreen,2024-04,2,2,36,0.00031,0.000304,1.0202,False,0.387372,unrated
torque,torque,,False,sunscreen,2024-11,2,1,36,0.0,0.000476,0.0,False,,unrated
toughness,toughness,,False,sunscreen,2024-02,2,2,36,0.0,0.000651,0.0,False,,unrated
tourist destinations,tourist destinations,,False,sunscreen,2025-05,2,2,36,0.000411,0.000225,1.8266,False,0.289593,unrated
trace metal,trace metal,,False,sunscreen,2025-01,2,2,36,0.000285,0.000102,2.7907,False,0.482759,unrated
training (meteorology),training (meteorology),,False,sunscreen,2024-03,2,2,36,0.000371,0.000306,1.2112,False,0.44898,unrated
transcytosis,transcytosis,,False,sunscreen,2026-04,2,1,36,0.000742,0.0,,False,0.44898,unrated
transect,transect,,False,sunscreen,2023-10,2,2,36,0.000411,0.000272,1.5105,False,0.771493,unrated
transformative learning,transformative learning,,False,sunscreen,2026-03,2,2,36,0.000631,0.0,,False,0.44516,unrated
transketolase,transketolase,,False,sunscreen,2023-12,2,2,36,0.0,0.000519,0.0,False,,unrated
transmembrane domain,transmembrane domain,,False,sunscreen,2026-01,2,2,36,0.000512,0.0,,False,0.453255,unrated
transmembrane protein,transmembrane protein,,False,sunscreen,2026-01,2,2,36,0.000512,0.0,,False,0.453255,unrated
transmetalation,transmetalation,,False,sunscreen,2025-01,2,2,36,0.000227,0.000102,2.2254,False,0.99375,unrated
transporter,transporter,,False,sunscreen,2024-04,2,2,36,0.0,0.000588,0.0,False,,unrated
transposable element,transposable element,,False,sunscreen,2025-08,2,2,36,0.000334,0.000208,1.6041,False,0.454044,unrated
trehalose,trehalose,,False,sunscreen,2024-11,2,2,36,0.000269,0.000238,1.1299,False,0.494083,unrated
trichome,trichome,,False,sunscreen,2026-01,2,2,36,0.000227,0.0,,False,0.42375,unrated
triglyceride,triglyceride,,False,sunscreen,2025-10,2,1,36,0.000823,0.0,,False,0.573529,unrated
tris,tris,,False,sunscreen,2025-04,2,2,36,0.0,0.000407,0.0,False,,unrated
turkish,turkish,,False,sunscreen,2026-01,2,2,36,0.000512,0.0,,False,0.453255,unrated
type (biology),type (biology),,False,sunscreen,2024-05,2,2,36,0.0,0.000456,0.0,False,,unrated
ultrapure water,ultrapure water,,False,sunscreen,2025-08,2,2,36,0.000269,0.000208,1.2912,False,0.494083,unrated
ultrasonic sensor,ultrasonic sensor,,False,sunscreen,2024-04,2,2,36,0.0,0.000498,0.0,False,,unrated
ultraviolet astronomy,ultraviolet astronomy,,False,sunscreen,2025-04,2,2,36,0.000439,0.000218,2.0131,False,0.980676,unrated
unit (ring theory),unit (ring theory),,False,sunscreen,2024-12,2,2,36,0.000439,0.000206,2.1294,False,0.396135,unrated
upgrade,upgrade,,False,sunscreen,2026-01,2,1,36,0.000455,0.0,,False,0.42375,unrated
upstream open reading frame,upstream open reading frame,,False,sunscreen,2026-01,2,2,36,0.000598,0.0,,False,0.436365,unrated
urban environment,urban environment,,False,sunscreen,2025-10,2,2,36,0.000803,0.0,,False,0.324754,unrated
urban planning,urban planning,,False,sunscreen,2026-07,2,1,36,0.000538,0.0,,False,0.494083,unrated
urea,urea,,False,sunscreen,2024-11,2,2,36,0.000334,0.000238,1.4036,False,0.454044,unrated
user generated content,user generated content,,False,sunscreen,2025-10,2,2,36,0.000722,0.0,,False,0.579433,unrated
usnic acid,usnic acid,,False,sunscreen,2025-04,2,2,36,0.000285,0.000218,1.3063,False,0.482759,unrated
van der waals force,van der waals force,,False,sunscreen,2025-08,2,2,36,0.000411,0.000208,1.9745,False,0.289593,unrated
vanillin,vanillin,,False,sunscreen,2024-12,2,2,36,0.00031,0.000206,1.5044,False,0.912969,unrated
vapour pressure deficit,vapour pressure deficit,,False,sunscreen,2025-01,2,2,36,0.000297,0.000102,2.9091,False,0.436275,unrated
varnish,varnish,,False,sunscreen,2024-06,2,2,36,0.000227,0.000233,0.9763,False,0.42375,unrated
vellus hair,vellus hair,,False,sunscreen,2024-06,2,2,36,0.000358,0.000233,1.5375,False,0.307087,unrated
verb,verb,,False,sunscreen,2026-01,2,1,36,0.000455,0.0,,False,0.42375,unrated
verbascoside,verbascoside,,False,sunscreen,2024-01,2,2,36,0.000269,0.000118,2.2724,False,0.494083,unrated
vesicle,vesicle,,False,sunscreen,2024-12,2,1,36,0.0,0.000413,0.0,False,,unrated
viewpoints,viewpoints,,False,sunscreen,2026-08,2,1,36,0.0,0.0,,False,,unrated
virtual screening,virtual screening,,False,sunscreen,2025-11,2,2,36,0.000619,0.0,,False,0.838039,unrated
viscometer,viscometer,,False,sunscreen,2025-06,2,2,36,0.000227,0.000194,1.1728,False,0.42375,unrated
visibility,visibility,,False,sunscreen,2026-01,2,1,36,0.000455,0.0,,False,0.925,unrated
visitor pattern,visitor pattern,,False,sunscreen,2023-10,2,2,36,0.000227,0.000272,0.8345,False,0.42375,unrated
visual acuity,visual acuity,,False,sunscreen,2026-04,2,1,36,0.000742,0.0,,False,0.44898,unrated
visualization,visualization,,False,sunscreen,2024-07,2,2,36,0.000358,0.000283,1.2627,False,0.307087,unrated
waste recycling,waste recycling,,False,sunscreen,2026-02,2,2,36,0.00081,0.0,,False,0.422558,unrated
waste stream,waste stream,,False,sunscreen,2026-03,2,2,36,0.000668,0.0,,False,0.442628,unrated
water consumption,water consumption,,False,sunscreen,2024-10,2,2,36,0.000227,0.000274,0.8291,False,0.42375,unrated
water disinfection,water disinfection,,False,sunscreen,2023-12,2,2,36,0.0,0.000359,0.0,False,,unrated
water soluble,water soluble,,False,sunscreen,2024-01,2,2,36,0.000227,0.000118,1.9199,False,0.42375,unrated
water source,water source,,False,sunscreen,2025-12,2,2,36,0.000538,0.0,,False,0.668359,unrated
water vapor,water vapor,,False,sunscreen,2023-12,2,2,36,0.000227,0.000257,0.8836,False,0.42375,unrated
wearable technology,wearable technology,,False,sunscreen,2025-12,2,1,36,0.000621,0.0,,False,0.387372,unrated
wechsler adult intelligence scale,wechsler adult intelligence scale,,False,sunscreen,2023-09,2,2,36,0.00031,0.000244,1.2733,False,0.829352,unrated
weed,weed,,False,sunscreen,2026-06,2,1,36,0.00057,0.0,,False,0.482759,unrated
welding,welding,,False,sunscreen,2025-06,2,2,36,0.000227,0.000194,1.1728,False,0.42375,unrated
whey protein,whey protein,,False,sunscreen,2024-02,2,2,36,0.0,0.00057,0.0,False,,unrated
white light,white light,,False,sunscreen,2025-09,2,2,36,0.000358,0.0,,False,0.895669,unrated
white wine,white wine,,False,sunscreen,2025-10,2,2,36,0.000639,0.0,,False,0.356672,unrated
wien2k,wien2k,,False,sunscreen,2025-11,2,2,36,0.000661,0.0,,False,0.638205,unrated
willingness to pay,willingness to pay,,False,sunscreen,2024-01,2,2,36,0.000227,0.000118,1.9199,False,0.42375,unrated
wireless,wireless,,False,sunscreen,2023-12,2,2,36,0.000297,0.000257,1.1551,False,0.436275,unrated
wnt signaling pathway,wnt signaling pathway,,False,sunscreen,2025-10,2,2,36,0.000851,0.0,,False,0.583814,unrated
x ray,x ray,,False,sunscreen,2025-04,2,2,36,0.0,0.000427,0.0,False,,unrated
yolk,yolk,,False,sunscreen,2025-09,2,2,36,0.000692,0.0,,False,0.640408,unrated
zingiber officinale,zingiber officinale,,False,sunscreen,2023-12,2,2,36,0.0,0.000466,0.0,False,,unrated
zingiberaceae,zingiberaceae,,False,sunscreen,2025-05,2,2,36,0.0,0.000414,0.0,False,,unrated
3d bioprinting,3d bioprinting,,False,sunscreen,2026-05,1,1,36,0.000334,0.0,,False,0.454044,unrated
EGF,epidermal growth factor,peptide,True,sunscreen,2024-02,1,1,36,0.0,0.000344,0.0,False,,unrated
abandonment (legal),abandonment (legal),,False,sunscreen,2026-06,1,1,36,0.000285,0.0,,False,0.482759,unrated
abca4,abca4,,False,sunscreen,2026-01,1,1,36,0.000227,0.0,,False,0.42375,unrated
abdomen,abdomen,,False,sunscreen,2023-11,1,1,36,0.0,0.000285,0.0,False,,unrated
abdominal obesity,abdominal obesity,,False,sunscreen,2025-11,1,1,36,0.000392,0.0,,False,0.359914,unrated
abdominoperineal resection,abdominoperineal resection,,False,sunscreen,2023-10,1,1,36,0.0,0.000272,0.0,False,,unrated
abrasion (mechanical),abrasion (mechanical),,False,sunscreen,2025-11,1,1,36,0.000392,0.0,,False,0.359914,unrated
absorptance,absorptance,,False,sunscreen,2025-01,1,1,36,0.0,0.000102,0.0,False,,unrated
absorption edge,absorption edge,,False,sunscreen,2026-05,1,1,36,0.000334,0.0,,False,0.454044,unrated
absorption of water,absorption of water,,False,sunscreen,2024-02,1,1,36,0.0,0.000344,0.0,False,,unrated
acacia auriculiformis,acacia auriculiformis,,False,sunscreen,2025-07,1,1,36,0.0,0.000189,0.0,False,,unrated
accelerated aging,accelerated aging,,False,sunscreen,2025-09,1,1,36,0.000358,0.0,,False,0.307087,unrated
acceptable daily intake,acceptable daily intake,,False,sunscreen,2024-08,1,1,36,0.0,0.000306,0.0,False,,unrated
accrual,accrual,,False,sunscreen,2026-07,1,1,36,0.000269,0.0,,False,0.494083,unrated
acculturation,acculturation,,False,sunscreen,2024-02,1,1,36,0.0,0.000344,0.0,False,,unrated
accuracy and precision,accuracy and precision,,False,sunscreen,2026-05,1,1,36,0.000334,0.0,,False,0.454044,unrated
acetanilide,acetanilide,,False,sunscreen,2024-11,1,1,36,0.0,0.000238,0.0,False,,unrated
acetic anhydride,acetic anhydride,,False,sunscreen,2025-07,1,1,36,0.0,0.000189,0.0,False,,unrated
acetylation,acetylation,,False,sunscreen,2025-07,1,1,36,0.0,0.000189,0.0,False,,unrated
acheta,acheta,,False,sunscreen,2025-06,1,1,36,0.0,0.000194,0.0,False,,unrated
achillea,achillea,,False,sunscreen,2024-10,1,1,36,0.0,0.000274,0.0,False,,unrated
achromatic lens,achromatic lens,,False,sunscreen,2026-06,1,1,36,0.000285,0.0,,False,0.482759,unrated
acid hydrolysis,acid hydrolysis,,False,sunscreen,2025-04,1,1,36,0.0,0.000218,0.0,False,,unrated
acid value,acid value,,False,sunscreen,2026-05,1,1,36,0.000334,0.0,,False,0.454044,unrated
acquired immune system,acquired immune system,,False,sunscreen,2025-05,1,1,36,0.0,0.000225,0.0,False,,unrated
acral lentiginous melanoma,acral lentiginous melanoma,,False,sunscreen,2025-09,1,1,36,0.000358,0.0,,False,0.307087,unrated
acridine orange,acridine orange,,False,sunscreen,2025-09,1,1,36,0.000358,0.0,,False,0.307087,unrated
acrosome reaction,acrosome reaction,,False,sunscreen,2024-02,1,1,36,0.0,0.000344,0.0,False,,unrated
actinobacteria,actinobacteria,,False,sunscreen,2024-05,1,1,36,0.0,0.000262,0.0,False,,unrated
activated sludge,activated sludge,,False,sunscreen,2025-12,1,1,36,0.00031,0.0,,False,0.387372,unrated
active appearance model,active appearance model,,False,sunscreen,2026-06,1,1,36,0.000285,0.0,,False,0.482759,unrated
active layer,active layer,,False,sunscreen,2023-09,1,1,36,0.0,0.000244,0.0,False,,unrated
active principle,active principle,,False,sunscreen,2025-12,1,1,36,0.00031,0.0,,False,0.387372,unrated
activity monitor,activity monitor,,False,sunscreen,2025-04,1,1,36,0.0,0.000218,0.0,False,,unrated
actuarial science,actuarial science,,False,sunscreen,2024-09,1,1,36,0.0,0.000239,0.0,False,,unrated
aculeata,aculeata,,False,sunscreen,2025-01,1,1,36,0.0,0.000102,0.0,False,,unrated
acute care,acute care,,False,sunscreen,2026-08,1,1,36,0.0,0.0,,False,,unrated
acute kidney injury,acute kidney injury,,False,sunscreen,2024-02,1,1,36,0.0,0.000344,0.0,False,,unrated
acute leukemia,acute leukemia,,False,sunscreen,2026-03,1,1,36,0.000297,0.0,,False,0.926471,unrated
acute lymphocytic leukemia,acute lymphocytic leukemia,,False,sunscreen,2026-03,1,1,36,0.000297,0.0,,False,0.436275,unrated
adamantane,adamantane,,False,sunscreen,2025-09,1,1,36,0.000358,0.0,,False,0.698819,unrated
adaptive evolution,adaptive evolution,,False,sunscreen,2025-10,1,1,36,0.000411,0.0,,False,0.649321,unrated
adaptive response,adaptive response,,False,sunscreen,2026-05,1,1,36,0.000334,0.0,,False,0.454044,unrated
adaptive strategies,adaptive strategies,,False,sunscreen,2025-10,1,1,36,0.000411,0.0,,False,0.649321,unrated
adduct,adduct,,False,sunscreen,2024-11,1,1,36,0.0,0.000238,0.0,False,,unrated
adenosine diphosphate,adenosine diphosphate,,False,sunscreen,2025-10,1,1,36,0.000411,0.0,,False,0.911765,unrated
adenylylation,adenylylation,,False,sunscreen,2025-06,1,1,36,0.0,0.000194,0.0,False,,unrated
adipocyte,adipocyte,,False,sunscreen,2025-10,1,1,36,0.000411,0.0,,False,0.289593,unrated
adornment,adornment,,False,sunscreen,2025-03,1,1,36,0.0,0.000269,0.0,False,,unrated
adult male,adult male,,False,sunscreen,2024-10,1,1,36,0.0,0.000274,0.0,False,,unrated
adverse weather,adverse weather,,False,sunscreen,2026-02,1,1,36,0.000439,0.0,,False,0.396135,unrated
advertising campaign,advertising campaign,,False,sunscreen,2025-12,1,1,36,0.00031,0.0,,False,0.387372,unrated
aesculus hippocastanum,aesculus hippocastanum,,False,sunscreen,2026-06,1,1,36,0.000285,0.0,,False,0.981191,unrated
affinities,affinities,,False,sunscreen,2026-06,1,1,36,0.000285,0.0,,False,0.482759,unrated
affinity analysis,affinity analysis,,False,sunscreen,2025-09,1,1,36,0.000358,0.0,,False,0.307087,unrated
african descent,african descent,,False,sunscreen,2024-09,1,1,36,0.0,0.000239,0.0,False,,unrated
agar dilution method,agar dilution method,,False,sunscreen,2025-08,1,1,36,0.0,0.000208,0.0,False,,unrated
ageratum conyzoides,ageratum conyzoides,,False,sunscreen,2026-04,1,1,36,0.000371,0.0,,False,0.44898,unrated
aggravating factor,aggravating factor,,False,sunscreen,2026-05,1,1,36,0.000334,0.0,,False,0.454044,unrated
agonistic behaviour,agonistic behaviour,,False,sunscreen,2025-10,1,1,36,0.000411,0.0,,False,0.649321,unrated
agrobacterium,agrobacterium,,False,sunscreen,2025-12,1,1,36,0.00031,0.0,,False,0.829352,unrated
air conditioning,air conditioning,,False,sunscreen,2026-01,1,1,36,0.000227,0.0,,False,0.42375,unrated
air pollutants,air pollutants,,False,sunscreen,2024-07,1,1,36,0.0,0.000283,0.0,False,,unrated
air temperature,air temperature,,False,sunscreen,2026-06,1,1,36,0.000285,0.0,,False,0.482759,unrated
airflow,airflow,,False,sunscreen,2023-09,1,1,36,0.0,0.000244,0.0,False,,unrated
alchemy,alchemy,,False,sunscreen,2024-08,1,1,36,0.0,0.000306,0.0,False,,unrated
alcohol intake,alcohol intake,,False,sunscreen,2025-11,1,1,36,0.000392,0.0,,False,0.359914,unrated
alcoholic liver disease,alcoholic liver disease,,False,sunscreen,2025-03,1,1,36,0.0,0.000269,0.0,False,,unrated
aldol condensation,aldol condensation,,False,sunscreen,2026-06,1,1,36,0.000285,0.0,,False,0.482759,unrated
aldol reaction,aldol reaction,,False,sunscreen,2026-06,1,1,36,0.000285,0.0,,False,0.482759,unrated
aldolase b,aldolase b,,False,sunscreen,2024-03,1,1,36,0.0,0.000306,0.0,False,,unrated
alexandrium tamarense,alexandrium tamarense,,False,sunscreen,2024-03,1,1,36,0.0,0.000306,0.0,False,,unrated
algebra over a field,algebra over a field,,False,sunscreen,2026-02,1,1,36,0.000439,0.0,,False,0.396135,unrated
algebraic structure,algebraic structure,,False,sunscreen,2026-02,1,1,36,0.000439,0.0,,False,0.396135,unrated
alkali metal,alkali metal,,False,sunscreen,2026-01,1,1,36,0.000227,0.0,,False,0.89375,unrated
alkaline earth metal,alkaline earth metal,,False,sunscreen,2024-12,1,1,36,0.0,0.000206,0.0,False,,unrated
allele,allele,,False,sunscreen,2024-12,1,1,36,0.0,0.000206,0.0,False,,unrated
alliance,alliance,,False,sunscreen,2024-05,1,1,36,0.0,0.000262,0.0,False,,unrated
allium sativum,allium sativum,,False,sunscreen,2026-02,1,1,36,0.000439,0.0,,False,0.966184,unrated
alpha pinene,alpha pinene,,False,sunscreen,2025-11,1,1,36,0.000392,0.0,,False,0.359914,unrated
alternaria,alternaria,,False,sunscreen,2024-07,1,1,36,0.0,0.000283,0.0,False,,unrated
alum,alum,,False,sunscreen,2023-09,1,1,36,0.0,0.000244,0.0,False,,unrated
aluminum oxide,aluminum oxide,,False,sunscreen,2025-07,1,1,36,0.0,0.000189,0.0,False,,unrated
amazon basin,amazon basin,,False,sunscreen,2025-01,1,1,36,0.0,0.000102,0.0,False,,unrated
amazonian,amazonian,,False,sunscreen,2025-01,1,1,36,0.0,0.000102,0.0,False,,unrated
ames test,ames test,,False,sunscreen,2025-01,1,1,36,0.0,0.000102,0.0,False,,unrated
amine gas treating,amine gas treating,,False,sunscreen,2025-04,1,1,36,0.0,0.000218,0.0,False,,unrated
aminobenzoic acid,aminobenzoic acid,,False,sunscreen,2024-11,1,1,36,0.0,0.000238,0.0,False,,unrated
ammonium acetate,ammonium acetate,,False,sunscreen,2026-03,1,1,36,0.000297,0.0,,False,0.436275,unrated
ammonium phosphate,ammonium phosphate,,False,sunscreen,2026-02,1,1,36,0.000439,0.0,,False,0.396135,unrated
amoxicillin,amoxicillin,,False,sunscreen,2025-01,1,1,36,0.0,0.000102,0.0,False,,unrated
ampere,ampere,,False,sunscreen,2024-01,1,1,36,0.0,0.000118,0.0,False,,unrated
amphiregulin,amphiregulin,,False,sunscreen,2024-02,1,1,36,0.0,0.000344,0.0,False,,unrated
amylase,amylase,,False,sunscreen,2023-12,1,1,36,0.0,0.000257,0.0,False,,unrated
amyloid (mycology),amyloid (mycology),,False,sunscreen,2025-01,1,1,36,0.0,0.000102,0.0,False,,unrated
amylopectin,amylopectin,,False,sunscreen,2025-09,1,1,36,0.000358,0.0,,False,0.307087,unrated
anabaena,anabaena,,False,sunscreen,2026-03,1,1,36,0.000297,0.0,,False,0.436275,unrated
anabolism,anabolism,,False,sunscreen,2026-01,1,1,36,0.000227,0.0,,False,0.89375,unrated
anacardium,anacardium,,False,sunscreen,2024-11,1,1,36,0.0,0.000238,0.0,False,,unrated
anal canal,anal canal,,False,sunscreen,2023-10,1,1,36,0.0,0.000272,0.0,False,,unrated
analyser,analyser,,False,sunscreen,2025-09,1,1,36,0.000358,0.0,,False,0.698819,unrated
analytic network process,analytic network process,,False,sunscreen,2025-08,1,1,36,0.0,0.000208,0.0,False,,unrated
analytical technique,analytical technique,,False,sunscreen,2025-11,1,1,36,0.000392,0.0,,False,0.359914,unrated
analytics,analytics,,False,sunscreen,2024-11,1,1,36,0.0,0.000238,0.0,False,,unrated
anemone,anemone,,False,sunscreen,2026-04,1,1,36,0.000371,0.0,,False,0.44898,unrated
anesthesia,anesthesia,,False,sunscreen,2024-11,1,1,36,0.0,0.000238,0.0,False,,unrated
anethole,anethole,,False,sunscreen,2025-06,1,1,36,0.0,0.000194,0.0,False,,unrated
aneurysm,aneurysm,,False,sunscreen,2024-02,1,1,36,0.0,0.000344,0.0,False,,unrated
angular diameter,angular diameter,,False,sunscreen,2024-12,1,1,36,0.0,0.000206,0.0,False,,unrated
anhydrous,anhydrous,,False,sunscreen,2023-09,1,1,36,0.0,0.000244,0.0,False,,unrated
aniline,aniline,,False,sunscreen,2024-02,1,1,36,0.0,0.000344,0.0,False,,unrated
animal ecology,animal ecology,,False,sunscreen,2026-05,1,1,36,0.000334,0.0,,False,0.454044,unrated
annelid,annelid,,False,sunscreen,2025-04,1,1,36,0.0,0.000218,0.0,False,,unrated
annihilation,annihilation,,False,sunscreen,2025-04,1,1,36,0.0,0.000218,0.0,False,,unrated
annonaceae,annonaceae,,False,sunscreen,2025-11,1,1,36,0.000392,0.0,,False,0.782328,unrated
annulation,annulation,,False,sunscreen,2024-02,1,1,36,0.0,0.000344,0.0,False,,unrated
anogenital distance,anogenital distance,,False,sunscreen,2024-08,1,1,36,0.0,0.000306,0.0,False,,unrated
anomaly (physics),anomaly (physics),,False,sunscreen,2025-01,1,1,36,0.0,0.000102,0.0,False,,unrated
anovulation,anovulation,,False,sunscreen,2023-10,1,1,36,0.0,0.000272,0.0,False,,unrated
antagonist,antagonist,,False,sunscreen,2024-01,1,1,36,0.0,0.000118,0.0,False,,unrated
antheraea pernyi,antheraea pernyi,,False,sunscreen,2025-01,1,1,36,0.0,0.000102,0.0,False,,unrated
antiandrogens,antiandrogens,,False,sunscreen,2025-09,1,1,36,0.000358,0.0,,False,0.307087,unrated
antibody titer,antibody titer,,False,sunscreen,2026-07,1,1,36,0.000269,0.0,,False,0.494083,unrated
antibonding molecular orbital,antibonding molecular orbital,,False,sunscreen,2025-01,1,1,36,0.0,0.000102,0.0,False,,unrated
anticipation (artificial intelligence),anticipation (artificial intelligence),,False,sunscreen,2024-11,1,1,36,0.0,0.000238,0.0,False,,unrated
antimony,antimony,,False,sunscreen,2023-10,1,1,36,0.0,0.000272,0.0,False,,unrated
antirheumatic drugs,antirheumatic drugs,,False,sunscreen,2025-09,1,1,36,0.000358,0.0,,False,0.307087,unrated
antithyroid agent,antithyroid agent,,False,sunscreen,2025-09,1,1,36,0.000358,0.0,,False,0.698819,unrated
antral follicle,antral follicle,,False,sunscreen,2026-02,1,1,36,0.000439,0.0,,False,0.396135,unrated
aotearoa,aotearoa,,False,sunscreen,2025-05,1,1,36,0.0,0.000225,0.0,False,,unrated
apocynaceae,apocynaceae,,False,sunscreen,2026-04,1,1,36,0.000371,0.0,,False,0.44898,unrated
apoplast,apoplast,,False,sunscreen,2024-03,1,1,36,0.0,0.000306,0.0,False,,unrated
appeal to emotion,appeal to emotion,,False,sunscreen,2025-11,1,1,36,0.000392,0.0,,False,0.359914,unrated
approved drug,approved drug,,False,sunscreen,2026-01,1,1,36,0.000227,0.0,,False,0.42375,unrated
apriori algorithm,apriori algorithm,,False,sunscreen,2024-04,1,1,36,0.0,0.000304,0.0,False,,unrated
aquaculture of coral,aquaculture of coral,,False,sunscreen,2025-12,1,1,36,0.00031,0.0,,False,0.387372,unrated
aquatic science,aquatic science,,False,sunscreen,2026-02,1,1,36,0.000439,0.0,,False,0.396135,unrated
aqueous medium,aqueous medium,,False,sunscreen,2025-11,1,1,36,0.000392,0.0,,False,0.978448,unrated
aqueous suspension,aqueous suspension,,False,sunscreen,2026-01,1,1,36,0.000227,0.0,,False,0.42375,unrated
aragonite,aragonite,,False,sunscreen,2026-03,1,1,36,0.000297,0.0,,False,0.436275,unrated
arbuscular mycorrhiza,arbuscular mycorrhiza,,False,sunscreen,2024-06,1,1,36,0.0,0.000233,0.0,False,,unrated
arc (geometry),arc (geometry),,False,sunscreen,2025-07,1,1,36,0.0,0.000189,0.0,False,,unrated
archaea,archaea,,False,sunscreen,2025-09,1,1,36,0.000358,0.0,,False,0.895669,unrated
archipelago,archipelago,,False,sunscreen,2025-10,1,1,36,0.000411,0.0,,False,0.771493,unrated
architectural design,architectural design,,False,sunscreen,2026-08,1,1,36,0.0,0.0,,False,,unrated
arctic vegetation,arctic vegetation,,False,sunscreen,2024-07,1,1,36,0.0,0.000283,0.0,False,,unrated
arduino,arduino,,False,sunscreen,2024-03,1,1,36,0.0,0.000306,0.0,False,,unrated
arenicola,arenicola,,False,sunscreen,2024-04,1,1,36,0.0,0.000304,0.0,False,,unrated
arginase,arginase,,False,sunscreen,2025-09,1,1,36,0.000358,0.0,,False,0.698819,unrated
arginine,arginine,,False,sunscreen,2025-09,1,1,36,0.000358,0.0,,False,0.698819,unrated
argument (complex analysis),argument (complex analysis),,False,sunscreen,2024-02,1,1,36,0.0,0.000344,0.0,False,,unrated
aripiprazole,aripiprazole,,False,sunscreen,2025-07,1,1,36,0.0,0.000189,0.0,False,,unrated
aromatic amino acids,aromatic amino acids,,False,sunscreen,2026-01,1,1,36,0.000227,0.0,,False,0.42375,unrated
arsenate,arsenate,,False,sunscreen,2026-01,1,1,36,0.000227,0.0,,False,0.42375,unrated
artemisia,artemisia,,False,sunscreen,2024-05,1,1,36,0.0,0.000262,0.0,False,,unrated
arterial disease,arterial disease,,False,sunscreen,2025-09,1,1,36,0.000358,0.0,,False,0.307087,unrated
arthritis,arthritis,,False,sunscreen,2023-10,1,1,36,0.0,0.000272,0.0,False,,unrated
artificial reef,artificial reef,,False,sunscreen,2024-11,1,1,36,0.0,0.000238,0.0,False,,unrated
artocarpus,artocarpus,,False,sunscreen,2026-04,1,1,36,0.000371,0.0,,False,0.44898,unrated
asha,asha,,False,sunscreen,2025-12,1,1,36,0.00031,0.0,,False,0.387372,unrated
ask price,ask price,,False,sunscreen,2025-12,1,1,36,0.00031,0.0,,False,0.387372,unrated
asparagus,asparagus,,False,sunscreen,2025-09,1,1,36,0.000358,0.0,,False,0.307087,unrated
aspartic acid,aspartic acid,,False,sunscreen,2025-05,1,1,36,0.0,0.000225,0.0,False,,unrated
aspergillus flavus,aspergillus flavus,,False,sunscreen,2024-08,1,1,36,0.0,0.000306,0.0,False,,unrated
aspergillus niger,aspergillus niger,,False,sunscreen,2025-04,1,1,36,0.0,0.000218,0.0,False,,unrated
aspergillus terreus,aspergillus terreus,,False,sunscreen,2025-09,1,1,36,0.000358,0.0,,False,0.307087,unrated
association mapping,association mapping,,False,sunscreen,2024-10,1,1,36,0.0,0.000274,0.0,False,,unrated
association rule learning,association rule learning,,False,sunscreen,2024-04,1,1,36,0.0,0.000304,0.0,False,,unrated
astragalin,astragalin,,False,sunscreen,2024-03,1,1,36,0.0,0.000306,0.0,False,,unrated
astrocyte,astrocyte,,False,sunscreen,2026-08,1,1,36,0.0,0.0,,False,,unrated
atmospherics,atmospherics,,False,sunscreen,2026-05,1,1,36,0.000334,0.0,,False,0.454044,unrated
atomic orbital,atomic orbital,,False,sunscreen,2025-04,1,1,36,0.0,0.000218,0.0,False,,unrated
atoms in molecules,atoms in molecules,,False,sunscreen,2025-08,1,1,36,0.0,0.000208,0.0,False,,unrated
atorvastatin,atorvastatin,,False,sunscreen,2023-12,1,1,36,0.0,0.000257,0.0,False,,unrated
atp binding cassette transporter,atp binding cassette transporter,,False,sunscreen,2024-07,1,1,36,0.0,0.000283,0.0,False,,unrated
atractylodes,atractylodes,,False,sunscreen,2025-12,1,1,36,0.00031,0.0,,False,0.387372,unrated
attendance,attendance,,False,sunscreen,2024-06,1,1,36,0.0,0.000233,0.0,False,,unrated
atypia,atypia,,False,sunscreen,2024-07,1,1,36,0.0,0.000283,0.0,False,,unrated
audiogram,audiogram,,False,sunscreen,2025-09,1,1,36,0.000358,0.0,,False,0.307087,unrated
audiology,audiology,,False,sunscreen,2023-09,1,1,36,0.0,0.000244,0.0,False,,unrated
audiometry,audiometry,,False,sunscreen,2025-09,1,1,36,0.000358,0.0,,False,0.307087,unrated
aurelia aurita,aurelia aurita,,False,sunscreen,2026-01,1,1,36,0.000227,0.0,,False,0.42375,unrated
australian population,australian population,,False,sunscreen,2026-06,1,1,36,0.000285,0.0,,False,0.482759,unrated
authorization,authorization,,False,sunscreen,2023-12,1,1,36,0.0,0.000257,0.0,False,,unrated
autism,autism,,False,sunscreen,2024-06,1,1,36,0.0,0.000233,0.0,False,,unrated
autobiographical memory,autobiographical memory,,False,sunscreen,2025-10,1,1,36,0.000411,0.0,,False,0.289593,unrated
autofluorescence,autofluorescence,,False,sunscreen,2026-05,1,1,36,0.000334,0.0,,False,0.454044,unrated
autoimmunity,autoimmunity,,False,sunscreen,2026-05,1,1,36,0.000334,0.0,,False,0.454044,unrated
automatic control,automatic control,,False,sunscreen,2025-12,1,1,36,0.00031,0.0,,False,0.387372,unrated
automotive industry,automotive industry,,False,sunscreen,2026-08,1,1,36,0.0,0.0,,False,,unrated
aviation medicine,aviation medicine,,False,sunscreen,2025-09,1,1,36,0.000358,0.0,,False,0.826772,unrated
azadirachtin,azadirachtin,,False,sunscreen,2026-03,1,1,36,0.000297,0.0,,False,0.436275,unrated
azithromycin,azithromycin,,False,sunscreen,2024-03,1,1,36,0.0,0.000306,0.0,False,,unrated
azo compound,azo compound,,False,sunscreen,2025-12,1,1,36,0.00031,0.0,,False,0.387372,unrated
azo coupling,azo coupling,,False,sunscreen,2025-12,1,1,36,0.00031,0.0,,False,0.387372,unrated
azobenzene,azobenzene,,False,sunscreen,2025-10,1,1,36,0.000411,0.0,,False,0.857466,unrated
bacillus cereus,bacillus cereus,,False,sunscreen,2026-07,1,1,36,0.000269,0.0,,False,0.494083,unrated
bacillus pumilus,bacillus pumilus,,False,sunscreen,2023-10,1,1,36,0.0,0.000272,0.0,False,,unrated
bacillus subtilis,bacillus subtilis,,False,sunscreen,2025-12,1,1,36,0.00031,0.0,,False,0.829352,unrated
bacillus thuringiensis,bacillus thuringiensis,,False,sunscreen,2024-04,1,1,36,0.0,0.000304,0.0,False,,unrated
back pain,back pain,,False,sunscreen,2026-01,1,1,36,0.000227,0.0,,False,0.42375,unrated
background color,background color,,False,sunscreen,2025-08,1,1,36,0.0,0.000208,0.0,False,,unrated
backup,backup,,False,sunscreen,2026-03,1,1,36,0.000297,0.0,,False,0.436275,unrated
bacterial cell structure,bacterial cell structure,,False,sunscreen,2024-12,1,1,36,0.0,0.000206,0.0,False,,unrated
bacterial growth,bacterial growth,,False,sunscreen,2026-01,1,1,36,0.000227,0.0,,False,0.42375,unrated
bacteriophage ms2,bacteriophage ms2,,False,sunscreen,2026-03,1,1,36,0.000297,0.0,,False,0.436275,unrated
balb c,balb c,,False,sunscreen,2025-05,1,1,36,0.0,0.000225,0.0,False,,unrated
ball (mathematics),ball (mathematics),,False,sunscreen,2026-05,1,1,36,0.000334,0.0,,False,0.454044,unrated
band pass filter,band pass filter,,False,sunscreen,2023-09,1,1,36,0.0,0.000244,0.0,False,,unrated
barium titanate,barium titanate,,False,sunscreen,2024-01,1,1,36,0.0,0.000118,0.0,False,,unrated
barnacle,barnacle,,False,sunscreen,2024-01,1,1,36,0.0,0.000118,0.0,False,,unrated
baru,baru,,False,sunscreen,2024-06,1,1,36,0.0,0.000233,0.0,False,,unrated
base oil,base oil,,False,sunscreen,2025-12,1,1,36,0.00031,0.0,,False,0.387372,unrated
base pair,base pair,,False,sunscreen,2026-02,1,1,36,0.000439,0.0,,False,0.396135,unrated
basement membrane,basement membrane,,False,sunscreen,2026-04,1,1,36,0.000371,0.0,,False,0.44898,unrated
basic research,basic research,,False,sunscreen,2024-10,1,1,36,0.0,0.000274,0.0,False,,unrated
basis (linear algebra),basis (linear algebra),,False,sunscreen,2026-04,1,1,36,0.000371,0.0,,False,0.44898,unrated
bass (fish),bass (fish),,False,sunscreen,2024-05,1,1,36,0.0,0.000262,0.0,False,,unrated
battery (electricity),battery (electricity),,False,sunscreen,2024-11,1,1,36,0.0,0.000238,0.0,False,,unrated
bayesian network,bayesian network,,False,sunscreen,2026-06,1,1,36,0.000285,0.0,,False,0.482759,unrated
bayley scales of infant development,bayley scales of infant development,,False,sunscreen,2025-12,1,1,36,0.00031,0.0,,False,0.829352,unrated
bead,bead,,False,sunscreen,2026-05,1,1,36,0.000334,0.0,,False,0.454044,unrated
beauveria,beauveria,,False,sunscreen,2024-12,1,1,36,0.0,0.000206,0.0,False,,unrated
bedroom,bedroom,,False,sunscreen,2025-04,1,1,36,0.0,0.000218,0.0,False,,unrated
bedtime,bedtime,,False,sunscreen,2026-07,1,1,36,0.000269,0.0,,False,0.494083,unrated
bee pollen,bee pollen,,False,sunscreen,2025-01,1,1,36,0.0,0.000102,0.0,False,,unrated
beekeeping,beekeeping,,False,sunscreen,2023-12,1,1,36,0.0,0.000257,0.0,False,,unrated
begging,begging,,False,sunscreen,2025-01,1,1,36,0.0,0.000102,0.0,False,,unrated
begomovirus,begomovirus,,False,sunscreen,2026-07,1,1,36,0.000269,0.0,,False,0.494083,unrated
begonia,begonia,,False,sunscreen,2025-04,1,1,36,0.0,0.000218,0.0,False,,unrated
benchmark (surveying),benchmark (surveying),,False,sunscreen,2026-07,1,1,36,0.000269,0.0,,False,0.494083,unrated
bengal,bengal,,False,sunscreen,2025-08,1,1,36,0.0,0.000208,0.0,False,,unrated
bent molecular geometry,bent molecular geometry,,False,sunscreen,2026-03,1,1,36,0.000297,0.0,,False,0.436275,unrated
bentonite,bentonite,,False,sunscreen,2024-07,1,1,36,0.0,0.000283,0.0,False,,unrated
benzhydryl compounds,benzhydryl compounds,,False,sunscreen,2025-10,1,1,36,0.000411,0.0,,False,0.911765,unrated
benzocaine,benzocaine,,False,sunscreen,2024-09,1,1,36,0.0,0.000239,0.0,False,,unrated
benzofuran,benzofuran,,False,sunscreen,2026-07,1,1,36,0.000269,0.0,,False,0.494083,unrated
benzoic acid,benzoic acid,,False,sunscreen,2025-12,1,1,36,0.00031,0.0,,False,0.387372,unrated
benzoxazole,benzoxazole,,False,sunscreen,2025-01,1,1,36,0.0,0.000102,0.0,False,,unrated
berberine,berberine,,False,sunscreen,2024-09,1,1,36,0.0,0.000239,0.0,False,,unrated
bespoke,bespoke,,False,sunscreen,2026-01,1,1,36,0.000227,0.0,,False,0.42375,unrated
beta (programming language),beta (programming language),,False,sunscreen,2025-01,1,1,36,0.0,0.000102,0.0,False,,unrated
beta carotene,beta carotene,,False,sunscreen,2023-12,1,1,36,0.0,0.000257,0.0,False,,unrated
betanin,betanin,,False,sunscreen,2023-09,1,1,36,0.0,0.000244,0.0,False,,unrated
beverage industry,beverage industry,,False,sunscreen,2026-01,1,1,36,0.000227,0.0,,False,0.42375,unrated
bicalutamide,bicalutamide,,False,sunscreen,2024-08,1,1,36,0.0,0.000306,0.0,False,,unrated
bicarbonate,bicarbonate,,False,sunscreen,2024-08,1,1,36,0.0,0.000306,0.0,False,,unrated
bidens pilosa,bidens pilosa,,False,sunscreen,2026-01,1,1,36,0.000227,0.0,,False,0.9875,unrated
biexciton,biexciton,,False,sunscreen,2025-04,1,1,36,0.0,0.000218,0.0,False,,unrated
big five personality traits,big five personality traits,,False,sunscreen,2026-07,1,1,36,0.000269,0.0,,False,0.494083,unrated
bilberry,bilberry,,False,sunscreen,2023-09,1,1,36,0.0,0.000244,0.0,False,,unrated
bimetallic strip,bimetallic strip,,False,sunscreen,2025-02,1,1,36,0.0,0.000302,0.0,False,,unrated
binary compound,binary compound,,False,sunscreen,2024-10,1,1,36,0.0,0.000274,0.0,False,,unrated
binary logit model,binary logit model,,False,sunscreen,2026-07,1,1,36,0.000269,0.0,,False,0.494083,unrated
binding affinities,binding affinities,,False,sunscreen,2026-06,1,1,36,0.000285,0.0,,False,0.482759,unrated
binding energy,binding energy,,False,sunscreen,2023-11,1,1,36,0.0,0.000285,0.0,False,,unrated
binge drinking,binge drinking,,False,sunscreen,2025-05,1,1,36,0.0,0.000225,0.0,False,,unrated
bioanalysis,bioanalysis,,False,sunscreen,2025-01,1,1,36,0.0,0.000102,0.0,False,,unrated
biobank,biobank,,False,sunscreen,2025-12,1,1,36,0.00031,0.0,,False,0.387372,unrated
biochanin a,biochanin a,,False,sunscreen,2024-02,1,1,36,0.0,0.000344,0.0,False,,unrated
bioconjugation,bioconjugation,,False,sunscreen,2023-11,1,1,36,0.0,0.000285,0.0,False,,unrated
bioconversion,bioconversion,,False,sunscreen,2025-01,1,1,36,0.0,0.000102,0.0,False,,unrated
biodegradable waste,biodegradable waste,,False,sunscreen,2025-01,1,1,36,0.0,0.000102,0.0,False,,unrated
biodiesel production,biodiesel production,,False,sunscreen,2026-03,1,1,36,0.000297,0.0,,False,0.926471,unrated
bioequivalence,bioequivalence,,False,sunscreen,2025-09,1,1,36,0.000358,0.0,,False,0.978346,unrated
biohydrogen,biohydrogen,,False,sunscreen,2026-03,1,1,36,0.000297,0.0,,False,0.436275,unrated
biological age,biological age,,False,sunscreen,2026-01,1,1,36,0.000227,0.0,,False,0.42375,unrated
biological clock,biological clock,,False,sunscreen,2025-07,1,1,36,0.0,0.000189,0.0,False,,unrated
biological fluids,biological fluids,,False,sunscreen,2026-02,1,1,36,0.000439,0.0,,False,0.857488,unrated
biological materials,biological materials,,False,sunscreen,2026-02,1,1,36,0.000439,0.0,,False,0.857488,unrated
biological pathway,biological pathway,,False,sunscreen,2025-11,1,1,36,0.000392,0.0,,False,0.928879,unrated
biomaterial,biomaterial,,False,sunscreen,2026-08,1,1,36,0.0,0.0,,False,,unrated
biomedicine,biomedicine,,False,sunscreen,2026-06,1,1,36,0.000285,0.0,,False,0.482759,unrated
biometrics,biometrics,,False,sunscreen,2025-05,1,1,36,0.0,0.000225,0.0,False,,unrated
biomimetics,biomimetics,,False,sunscreen,2023-12,1,1,36,0.0,0.000257,0.0,False,,unrated
biophotonics,biophotonics,,False,sunscreen,2024-05,1,1,36,0.0,0.000262,0.0,False,,unrated
bioprocess,bioprocess,,False,sunscreen,2025-01,1,1,36,0.0,0.000102,0.0,False,,unrated
biopsychosocial model,biopsychosocial model,,False,sunscreen,2026-05,1,1,36,0.000334,0.0,,False,0.454044,unrated
biopterin,biopterin,,False,sunscreen,2026-05,1,1,36,0.000334,0.0,,False,0.454044,unrated
bioreporter,bioreporter,,False,sunscreen,2025-12,1,1,36,0.00031,0.0,,False,0.387372,unrated
biosphere,biosphere,,False,sunscreen,2024-11,1,1,36,0.0,0.000238,0.0,False,,unrated
birefringence,birefringence,,False,sunscreen,2026-06,1,1,36,0.000285,0.0,,False,0.482759,unrated
birthmark,birthmark,,False,sunscreen,2024-06,1,1,36,0.0,0.000233,0.0,False,,unrated
biting,biting,,False,sunscreen,2025-08,1,1,36,0.0,0.000208,0.0,False,,unrated
bivalvia,bivalvia,,False,sunscreen,2025-03,1,1,36,0.0,0.000269,0.0,False,,unrated
bl lac object,bl lac object,,False,sunscreen,2025-01,1,1,36,0.0,0.000102,0.0,False,,unrated
black liquor,black liquor,,False,sunscreen,2024-06,1,1,36,0.0,0.000233,0.0,False,,unrated
bladder cancer,bladder cancer,,False,sunscreen,2024-05,1,1,36,0.0,0.000262,0.0,False,,unrated
blanching,blanching,,False,sunscreen,2026-02,1,1,36,0.000439,0.0,,False,0.396135,unrated
blastocyst,blastocyst,,False,sunscreen,2024-03,1,1,36,0.0,0.000306,0.0,False,,unrated
blazar,blazar,,False,sunscreen,2025-01,1,1,36,0.0,0.000102,0.0,False,,unrated
bleach,bleach,,False,sunscreen,2025-01,1,1,36,0.0,0.000102,0.0,False,,unrated
blepharoplasty,blepharoplasty,,False,sunscreen,2024-01,1,1,36,0.0,0.000118,0.0,False,,unrated
blockade,blockade,,False,sunscreen,2026-07,1,1,36,0.000269,0.0,,False,0.494083,unrated
blood chemistry,blood chemistry,,False,sunscreen,2025-09,1,1,36,0.000358,0.0,,False,0.307087,unrated
blood lipids,blood lipids,,False,sunscreen,2023-10,1,1,36,0.0,0.000272,0.0,False,,unrated
blood pressure,blood pressure,,False,sunscreen,2023-09,1,1,36,0.0,0.000244,0.0,False,,unrated
blood serum,blood serum,,False,sunscreen,2025-09,1,1,36,0.000358,0.0,,False,0.307087,unrated
blot,blot,,False,sunscreen,2026-01,1,1,36,0.000227,0.0,,False,0.42375,unrated
blue carbon,blue carbon,,False,sunscreen,2026-06,1,1,36,0.000285,0.0,,False,0.482759,unrated
blue green algae,blue green algae,,False,sunscreen,2025-05,1,1,36,0.0,0.000225,0.0,False,,unrated
body contouring,body contouring,,False,sunscreen,2025-08,1,1,36,0.0,0.000208,0.0,False,,unrated
body position,body position,,False,sunscreen,2025-12,1,1,36,0.00031,0.0,,False,0.387372,unrated
boiling,boiling,,False,sunscreen,2023-11,1,1,36,0.0,0.000285,0.0,False,,unrated
boletus,boletus,,False,sunscreen,2023-09,1,1,36,0.0,0.000244,0.0,False,,unrated
boltzmann constant,boltzmann constant,,False,sunscreen,2026-07,1,1,36,0.000269,0.0,,False,0.494083,unrated
bond length,bond length,,False,sunscreen,2024-01,1,1,36,0.0,0.000118,0.0,False,,unrated
bone density,bone density,,False,sunscreen,2026-07,1,1,36,0.000269,0.0,,False,0.494083,unrated
bone marrow,bone marrow,,False,sunscreen,2024-08,1,1,36,0.0,0.000306,0.0,False,,unrated
bone remodeling,bone remodeling,,False,sunscreen,2025-05,1,1,36,0.0,0.000225,0.0,False,,unrated
boreal,boreal,,False,sunscreen,2024-10,1,1,36,0.0,0.000274,0.0,False,,unrated
botryococcus braunii,botryococcus braunii,,False,sunscreen,2024-08,1,1,36,0.0,0.000306,0.0,False,,unrated
botrytis,botrytis,,False,sunscreen,2024-08,1,1,36,0.0,0.000306,0.0,False,,unrated
botrytis cinerea,botrytis cinerea,,False,sunscreen,2024-08,1,1,36,0.0,0.000306,0.0,False,,unrated
bottle,bottle,,False,sunscreen,2025-12,1,1,36,0.00031,0.0,,False,0.912969,unrated
boundary (topology),boundary (topology),,False,sunscreen,2026-07,1,1,36,0.000269,0.0,,False,0.494083,unrated
brachionus,brachionus,,False,sunscreen,2024-04,1,1,36,0.0,0.000304,0.0,False,,unrated
brachionus calyciflorus,brachionus calyciflorus,,False,sunscreen,2024-04,1,1,36,0.0,0.000304,0.0,False,,unrated
brain derived neurotrophic factor,brain derived neurotrophic factor,,False,sunscreen,2025-06,1,1,36,0.0,0.000194,0.0,False,,unrated
brand relationship,brand relationship,,False,sunscreen,2026-02,1,1,36,0.000439,0.0,,False,0.396135,unrated
brassica oleracea,brassica oleracea,,False,sunscreen,2025-01,1,1,36,0.0,0.000102,0.0,False,,unrated
breadboard,breadboard,,False,sunscreen,2024-11,1,1,36,0.0,0.000238,0.0,False,,unrated
breakage,breakage,,False,sunscreen,2026-01,1,1,36,0.000227,0.0,,False,0.42375,unrated
breaking strength,breaking strength,,False,sunscreen,2025-11,1,1,36,0.000392,0.0,,False,0.359914,unrated
breast milk,breast milk,,False,sunscreen,2025-05,1,1,36,0.0,0.000225,0.0,False,,unrated
breathing,breathing,,False,sunscreen,2026-08,1,1,36,0.0,0.0,,False,,unrated
breslow thickness,breslow thickness,,False,sunscreen,2024-08,1,1,36,0.0,0.000306,0.0,False,,unrated
brewing,brewing,,False,sunscreen,2026-02,1,1,36,0.000439,0.0,,False,0.857488,unrated
brewster's angle,brewster's angle,,False,sunscreen,2026-02,1,1,36,0.000439,0.0,,False,0.396135,unrated
bridge (graph theory),bridge (graph theory),,False,sunscreen,2025-10,1,1,36,0.000411,0.0,,False,0.289593,unrated
brimonidine,brimonidine,,False,sunscreen,2026-08,1,1,36,0.0,0.0,,False,,unrated
broiler,broiler,,False,sunscreen,2025-10,1,1,36,0.000411,0.0,,False,0.289593,unrated
bromate,bromate,,False,sunscreen,2024-02,1,1,36,0.0,0.000344,0.0,False,,unrated
bromine,bromine,,False,sunscreen,2024-02,1,1,36,0.0,0.000344,0.0,False,,unrated
bromus inermis,bromus inermis,,False,sunscreen,2024-04,1,1,36,0.0,0.000304,0.0,False,,unrated
broth microdilution,broth microdilution,,False,sunscreen,2025-11,1,1,36,0.000392,0.0,,False,0.359914,unrated
bruguiera,bruguiera,,False,sunscreen,2026-06,1,1,36,0.000285,0.0,,False,0.482759,unrated
bstfa,bstfa,,False,sunscreen,2024-05,1,1,36,0.0,0.000262,0.0,False,,unrated
buffer (optical fiber),buffer (optical fiber),,False,sunscreen,2024-04,1,1,36,0.0,0.000304,0.0,False,,unrated
buffer solution,buffer solution,,False,sunscreen,2024-04,1,1,36,0.0,0.000304,0.0,False,,unrated
building integrated photovoltaics,building integrated photovoltaics,,False,sunscreen,2026-01,1,1,36,0.000227,0.0,,False,0.42375,unrated
bulk modulus,bulk modulus,,False,sunscreen,2024-08,1,1,36,0.0,0.000306,0.0,False,,unrated
bull semen,bull semen,,False,sunscreen,2025-01,1,1,36,0.0,0.000102,0.0,False,,unrated
bullous pemphigoid,bullous pemphigoid,,False,sunscreen,2025-11,1,1,36,0.000392,0.0,,False,0.359914,unrated
bundle,bundle,,False,sunscreen,2026-01,1,1,36,0.000227,0.0,,False,0.42375,unrated
burden of disease,burden of disease,,False,sunscreen,2026-07,1,1,36,0.000269,0.0,,False,0.494083,unrated
burn center,burn center,,False,sunscreen,2026-06,1,1,36,0.000285,0.0,,False,0.482759,unrated
burn wound,burn wound,,False,sunscreen,2026-08,1,1,36,0.0,0.0,,False,,unrated
business intelligence,business intelligence,,False,sunscreen,2024-11,1,1,36,0.0,0.000238,0.0,False,,unrated
business model,business model,,False,sunscreen,2025-09,1,1,36,0.000358,0.0,,False,0.307087,unrated
business model canvas,business model canvas,,False,sunscreen,2025-01,1,1,36,0.0,0.000102,0.0,False,,unrated
busulfan,busulfan,,False,sunscreen,2024-04,1,1,36,0.0,0.000304,0.0,False,,unrated
butylated hydroxyanisole,butylated hydroxyanisole,,False,sunscreen,2025-10,1,1,36,0.000411,0.0,,False,0.771493,unrated
buzzard,buzzard,,False,sunscreen,2026-03,1,1,36,0.000297,0.0,,False,0.926471,unrated
buzzer,buzzer,,False,sunscreen,2026-06,1,1,36,0.000285,0.0,,False,0.482759,unrated
bystander effect,bystander effect,,False,sunscreen,2025-01,1,1,36,0.0,0.000102,0.0,False,,unrated
c4 photosynthesis,c4 photosynthesis,,False,sunscreen,2025-09,1,1,36,0.000358,0.0,,False,0.94685,unrated
cactus,cactus,,False,sunscreen,2026-05,1,1,36,0.000334,0.0,,False,0.454044,unrated
calcifediol,calcifediol,,False,sunscreen,2026-07,1,1,36,0.000269,0.0,,False,0.494083,unrated
calcification,calcification,,False,sunscreen,2025-06,1,1,36,0.0,0.000194,0.0,False,,unrated
calcinosis,calcinosis,,False,sunscreen,2025-06,1,1,36,0.0,0.000194,0.0,False,,unrated
calcinosis cutis,calcinosis cutis,,False,sunscreen,2025-06,1,1,36,0.0,0.000194,0.0,False,,unrated
calcium signaling,calcium signaling,,False,sunscreen,2026-05,1,1,36,0.000334,0.0,,False,0.952206,unrated
calculus (dental),calculus (dental),,False,sunscreen,2026-01,1,1,36,0.000227,0.0,,False,0.42375,unrated
calibration curve,calibration curve,,False,sunscreen,2025-09,1,1,36,0.000358,0.0,,False,0.698819,unrated
camelina,camelina,,False,sunscreen,2025-06,1,1,36,0.0,0.000194,0.0,False,,unrated
camelina sativa,camelina sativa,,False,sunscreen,2025-06,1,1,36,0.0,0.000194,0.0,False,,unrated
camellia,camellia,,False,sunscreen,2025-09,1,1,36,0.000358,0.0,,False,0.307087,unrated
cancer cell,cancer cell,,False,sunscreen,2024-11,1,1,36,0.0,0.000238,0.0,False,,unrated
cancer cell lines,cancer cell lines,,False,sunscreen,2024-11,1,1,36,0.0,0.000238,0.0,False,,unrated
candida antarctica,candida antarctica,,False,sunscreen,2026-04,1,1,36,0.000371,0.0,,False,0.44898,unrated
candida glabrata,candida glabrata,,False,sunscreen,2026-07,1,1,36,0.000269,0.0,,False,0.494083,unrated
candida tropicalis,candida tropicalis,,False,sunscreen,2024-11,1,1,36,0.0,0.000238,0.0,False,,unrated
candidate gene,candidate gene,,False,sunscreen,2024-10,1,1,36,0.0,0.000274,0.0,False,,unrated
cane,cane,,False,sunscreen,2026-08,1,1,36,0.0,0.0,,False,,unrated
cannabis sativa,cannabis sativa,,False,sunscreen,2024-09,1,1,36,0.0,0.000239,0.0,False,,unrated
canola,canola,,False,sunscreen,2025-09,1,1,36,0.000358,0.0,,False,0.307087,unrated
capacitation,capacitation,,False,sunscreen,2024-02,1,1,36,0.0,0.000344,0.0,False,,unrated
cape verde,cape verde,,False,sunscreen,2025-07,1,1,36,0.0,0.000189,0.0,False,,unrated
capillary electrophoresis,capillary electrophoresis,,False,sunscreen,2025-01,1,1,36,0.0,0.000102,0.0,False,,unrated
capital cost,capital cost,,False,sunscreen,2026-06,1,1,36,0.000285,0.0,,False,0.482759,unrated
capital investment,capital investment,,False,sunscreen,2026-06,1,1,36,0.000285,0.0,,False,0.482759,unrated
carassius auratus,carassius auratus,,False,sunscreen,2025-12,1,1,36,0.00031,0.0,,False,0.387372,unrated
carbamate,carbamate,,False,sunscreen,2025-02,1,1,36,0.0,0.000302,0.0,False,,unrated
carbendazim,carbendazim,,False,sunscreen,2025-04,1,1,36,0.0,0.000218,0.0,False,,unrated
carbimazole,carbimazole,,False,sunscreen,2025-09,1,1,36,0.000358,0.0,,False,0.698819,unrated
carbohydrate metabolism,carbohydrate metabolism,,False,sunscreen,2025-12,1,1,36,0.00031,0.0,,False,0.959044,unrated
carbon assimilation,carbon assimilation,,False,sunscreen,2026-05,1,1,36,0.000334,0.0,,False,0.454044,unrated
carbon dioxide removal,carbon dioxide removal,,False,sunscreen,2026-07,1,1,36,0.000269,0.0,,False,0.494083,unrated
carbon nitride,carbon nitride,,False,sunscreen,2023-12,1,1,36,0.0,0.000257,0.0,False,,unrated
carbon sequestration,carbon sequestration,,False,sunscreen,2026-07,1,1,36,0.000269,0.0,,False,0.494083,unrated
carbonate,carbonate,,False,sunscreen,2025-05,1,1,36,0.0,0.000225,0.0,False,,unrated
carboxylesterase,carboxylesterase,,False,sunscreen,2025-09,1,1,36,0.000358,0.0,,False,0.307087,unrated
carboxylic acid,carboxylic acid,,False,sunscreen,2023-10,1,1,36,0.0,0.000272,0.0,False,,unrated
cardiology,cardiology,,False,sunscreen,2024-07,1,1,36,0.0,0.000283,0.0,False,,unrated
cardiovascular health,cardiovascular health,,False,sunscreen,2025-10,1,1,36,0.000411,0.0,,False,0.649321,unrated
caribbean region,caribbean region,,False,sunscreen,2025-05,1,1,36,0.0,0.000225,0.0,False,,unrated
carnation,carnation,,False,sunscreen,2025-02,1,1,36,0.0,0.000302,0.0,False,,unrated
carnitine,carnitine,,False,sunscreen,2023-12,1,1,36,0.0,0.000257,0.0,False,,unrated
carpinus betulus,carpinus betulus,,False,sunscreen,2025-10,1,1,36,0.000411,0.0,,False,0.857466,unrated
carrier lifetime,carrier lifetime,,False,sunscreen,2026-01,1,1,36,0.000227,0.0,,False,0.9875,unrated
carrot juice,carrot juice,,False,sunscreen,2025-11,1,1,36,0.000392,0.0,,False,0.359914,unrated
cart,cart,,False,sunscreen,2026-06,1,1,36,0.000285,0.0,,False,0.482759,unrated
carthamus,carthamus,,False,sunscreen,2023-12,1,1,36,0.0,0.000257,0.0,False,,unrated
carvedilol,carvedilol,,False,sunscreen,2024-02,1,1,36,0.0,0.000344,0.0,False,,unrated
castor oil,castor oil,,False,sunscreen,2024-02,1,1,36,0.0,0.000344,0.0,False,,unrated
casual,casual,,False,sunscreen,2026-05,1,1,36,0.000334,0.0,,False,0.454044,unrated
catabolism,catabolism,,False,sunscreen,2026-08,1,1,36,0.0,0.0,,False,,unrated
cataracts,cataracts,,False,sunscreen,2026-01,1,1,36,0.000227,0.0,,False,0.42375,unrated
catechol,catechol,,False,sunscreen,2024-04,1,1,36,0.0,0.000304,0.0,False,,unrated
catharanthus roseus,catharanthus roseus,,False,sunscreen,2026-04,1,1,36,0.000371,0.0,,False,0.44898,unrated
cats,cats,,False,sunscreen,2024-04,1,1,36,0.0,0.000304,0.0,False,,unrated
caudata,caudata,,False,sunscreen,2026-02,1,1,36,0.000439,0.0,,False,0.396135,unrated
caulobacter crescentus,caulobacter crescentus,,False,sunscreen,2025-01,1,1,36,0.0,0.000102,0.0,False,,unrated
cavitation,cavitation,,False,sunscreen,2024-04,1,1,36,0.0,0.000304,0.0,False,,unrated
cd8,cd8,,False,sunscreen,2024-07,1,1,36,0.0,0.000283,0.0,False,,unrated
celecoxib,celecoxib,,False,sunscreen,2025-02,1,1,36,0.0,0.000302,0.0,False,,unrated
cell function,cell function,,False,sunscreen,2026-04,1,1,36,0.000371,0.0,,False,0.934694,unrated
cell physiology,cell physiology,,False,sunscreen,2025-10,1,1,36,0.000411,0.0,,False,0.649321,unrated
cell signaling,cell signaling,,False,sunscreen,2025-12,1,1,36,0.00031,0.0,,False,0.829352,unrated
cell therapy,cell therapy,,False,sunscreen,2026-04,1,1,36,0.000371,0.0,,False,0.44898,unrated
cellular immunity,cellular immunity,,False,sunscreen,2024-07,1,1,36,0.0,0.000283,0.0,False,,unrated
cellular senescence,cellular senescence,,False,sunscreen,2026-05,1,1,36,0.000334,0.0,,False,0.454044,unrated
cellulitis,cellulitis,,False,sunscreen,2025-11,1,1,36,0.000392,0.0,,False,0.359914,unrated
central composite design,central composite design,,False,sunscreen,2026-08,1,1,36,0.0,0.0,,False,,unrated
cereus,cereus,,False,sunscreen,2026-07,1,1,36,0.000269,0.0,,False,0.494083,unrated
ceric ammonium nitrate,ceric ammonium nitrate,,False,sunscreen,2026-02,1,1,36,0.000439,0.0,,False,0.396135,unrated
certainty,certainty,,False,sunscreen,2026-07,1,1,36,0.000269,0.0,,False,0.494083,unrated
certified reference materials,certified reference materials,,False,sunscreen,2026-07,1,1,36,0.000269,0.0,,False,0.494083,unrated
cervical cancer,cervical cancer,,False,sunscreen,2023-11,1,1,36,0.0,0.000285,0.0,False,,unrated
cervical spine,cervical spine,,False,sunscreen,2026-07,1,1,36,0.000269,0.0,,False,0.494083,unrated
cetacea,cetacea,,False,sunscreen,2025-07,1,1,36,0.0,0.000189,0.0,False,,unrated
cetrimide,cetrimide,,False,sunscreen,2025-01,1,1,36,0.0,0.000102,0.0,False,,unrated
chaetoceros,chaetoceros,,False,sunscreen,2025-04,1,1,36,0.0,0.000218,0.0,False,,unrated
chain (unit),chain (unit),,False,sunscreen,2025-05,1,1,36,0.0,0.000225,0.0,False,,unrated
chaining,chaining,,False,sunscreen,2024-01,1,1,36,0.0,0.000118,0.0,False,,unrated
chalcone isomerase,chalcone isomerase,,False,sunscreen,2025-08,1,1,36,0.0,0.000208,0.0,False,,unrated
championship,championship,,False,sunscreen,2026-03,1,1,36,0.000297,0.0,,False,0.436275,unrated
change management (itsm),change management (itsm),,False,sunscreen,2024-05,1,1,36,0.0,0.000262,0.0,False,,unrated
charcoal,charcoal,,False,sunscreen,2024-06,1,1,36,0.0,0.000233,0.0,False,,unrated
charge density,charge density,,False,sunscreen,2025-09,1,1,36,0.000358,0.0,,False,0.698819,unrated
chassis,chassis,,False,sunscreen,2024-07,1,1,36,0.0,0.000283,0.0,False,,unrated
chatbot,chatbot,,False,sunscreen,2026-05,1,1,36,0.000334,0.0,,False,0.454044,unrated
chemical bath deposition,chemical bath deposition,,False,sunscreen,2023-12,1,1,36,0.0,0.000257,0.0,False,,unrated
chemical compound,chemical compound,,False,sunscreen,2025-10,1,1,36,0.000411,0.0,,False,0.289593,unrated
chemical control,chemical control,,False,sunscreen,2024-12,1,1,36,0.0,0.000206,0.0,False,,unrated
chemical defense,chemical defense,,False,sunscreen,2025-08,1,1,36,0.0,0.000208,0.0,False,,unrated
chemical evolution,chemical evolution,,False,sunscreen,2025-01,1,1,36,0.0,0.000102,0.0,False,,unrated
chemical fractionation,chemical fractionation,,False,sunscreen,2026-07,1,1,36,0.000269,0.0,,False,0.494083,unrated
chemical industry,chemical industry,,False,sunscreen,2025-11,1,1,36,0.000392,0.0,,False,0.359914,unrated
chemical state,chemical state,,False,sunscreen,2024-01,1,1,36,0.0,0.000118,0.0,False,,unrated
chemical structure,chemical structure,,False,sunscreen,2024-03,1,1,36,0.0,0.000306,0.0,False,,unrated
chemical synthesis,chemical synthesis,,False,sunscreen,2023-11,1,1,36,0.0,0.000285,0.0,False,,unrated
chemical technology,chemical technology,,False,sunscreen,2025-06,1,1,36,0.0,0.000194,0.0,False,,unrated
chemotype,chemotype,,False,sunscreen,2025-11,1,1,36,0.000392,0.0,,False,0.782328,unrated
chenopodium,chenopodium,,False,sunscreen,2025-02,1,1,36,0.0,0.000302,0.0,False,,unrated
chikungunya,chikungunya,,False,sunscreen,2025-05,1,1,36,0.0,0.000225,0.0,False,,unrated
chikungunya fever,chikungunya fever,,False,sunscreen,2025-05,1,1,36,0.0,0.000225,0.0,False,,unrated
child abuse,child abuse,,False,sunscreen,2025-11,1,1,36,0.000392,0.0,,False,0.359914,unrated
child behavior checklist,child behavior checklist,,False,sunscreen,2025-12,1,1,36,0.00031,0.0,,False,0.829352,unrated
child development,child development,,False,sunscreen,2025-12,1,1,36,0.00031,0.0,,False,0.387372,unrated
child protection,child protection,,False,sunscreen,2024-07,1,1,36,0.0,0.000283,0.0,False,,unrated
childhood cancer,childhood cancer,,False,sunscreen,2026-06,1,1,36,0.000285,0.0,,False,0.482759,unrated
childhood obesity,childhood obesity,,False,sunscreen,2023-09,1,1,36,0.0,0.000244,0.0,False,,unrated
chills,chills,,False,sunscreen,2025-01,1,1,36,0.0,0.000102,0.0,False,,unrated
chitin,chitin,,False,sunscreen,2025-01,1,1,36,0.0,0.000102,0.0,False,,unrated
chlorate,chlorate,,False,sunscreen,2024-02,1,1,36,0.0,0.000344,0.0,False,,unrated
chlorella sorokiniana,chlorella sorokiniana,,False,sunscreen,2026-07,1,1,36,0.000269,0.0,,False,0.494083,unrated
chlorophyll b,chlorophyll b,,False,sunscreen,2026-06,1,1,36,0.000285,0.0,,False,0.482759,unrated
cholesterol,cholesterol,,False,sunscreen,2023-10,1,1,36,0.0,0.000272,0.0,False,,unrated
cholestyramine,cholestyramine,,False,sunscreen,2026-08,1,1,36,0.0,0.0,,False,,unrated
choline,choline,,False,sunscreen,2024-07,1,1,36,0.0,0.000283,0.0,False,,unrated
chorioallantoic membrane,chorioallantoic membrane,,False,sunscreen,2026-08,1,1,36,0.0,0.0,,False,,unrated
choroideremia,choroideremia,,False,sunscreen,2026-01,1,1,36,0.000227,0.0,,False,0.42375,unrated
christian ministry,christian ministry,,False,sunscreen,2025-12,1,1,36,0.00031,0.0,,False,0.387372,unrated
chromatic scale,chromatic scale,,False,sunscreen,2025-01,1,1,36,0.0,0.000102,0.0,False,,unrated
chromatin,chromatin,,False,sunscreen,2026-05,1,1,36,0.000334,0.0,,False,0.454044,unrated
chromium,chromium,,False,sunscreen,2023-12,1,1,36,0.0,0.000257,0.0,False,,unrated
chromolaena odorata,chromolaena odorata,,False,sunscreen,2024-07,1,1,36,0.0,0.000283,0.0,False,,unrated
chronic hepatitis,chronic hepatitis,,False,sunscreen,2025-05,1,1,36,0.0,0.000225,0.0,False,,unrated
chronic renal failure,chronic renal failure,,False,sunscreen,2025-12,1,1,36,0.00031,0.0,,False,0.387372,unrated
chronobiology,chronobiology,,False,sunscreen,2026-07,1,1,36,0.000269,0.0,,False,0.494083,unrated
chronotherapy (sleep phase),chronotherapy (sleep phase),,False,sunscreen,2026-07,1,1,36,0.000269,0.0,,False,0.494083,unrated
chrysanthemum morifolium,chrysanthemum morifolium,,False,sunscreen,2025-06,1,1,36,0.0,0.000194,0.0,False,,unrated
chryseobacterium,chryseobacterium,,False,sunscreen,2024-05,1,1,36,0.0,0.000262,0.0,False,,unrated
cinnamomum camphora,cinnamomum camphora,,False,sunscreen,2024-02,1,1,36,0.0,0.000344,0.0,False,,unrated
cinnamomum zeylanicum,cinnamomum zeylanicum,,False,sunscreen,2025-11,1,1,36,0.000392,0.0,,False,0.359914,unrated
ciprofloxacin,ciprofloxacin,,False,sunscreen,2023-10,1,1,36,0.0,0.000272,0.0,False,,unrated
circannual rhythm,circannual rhythm,,False,sunscreen,2025-07,1,1,36,0.0,0.000189,0.0,False,,unrated
circular dichroism,circular dichroism,,False,sunscreen,2026-02,1,1,36,0.000439,0.0,,False,0.939614,unrated
cis regulatory module,cis regulatory module,,False,sunscreen,2026-04,1,1,36,0.000371,0.0,,False,0.981633,unrated
citation,citation,,False,sunscreen,2026-01,1,1,36,0.000227,0.0,,False,0.42375,unrated
citizen journalism,citizen journalism,,False,sunscreen,2026-01,1,1,36,0.000227,0.0,,False,0.42375,unrated
citrullus,citrullus,,False,sunscreen,2025-08,1,1,36,0.0,0.000208,0.0,False,,unrated
citrullus colocynthis,citrullus colocynthis,,False,sunscreen,2024-09,1,1,36,0.0,0.000239,0.0,False,,unrated
citrus paradisi,citrus paradisi,,False,sunscreen,2025-04,1,1,36,0.0,0.000218,0.0,False,,unrated
cladonia,cladonia,,False,sunscreen,2024-11,1,1,36,0.0,0.000238,0.0,False,,unrated
cladophora,cladophora,,False,sunscreen,2026-03,1,1,36,0.000297,0.0,,False,0.436275,unrated
classics,classics,,False,sunscreen,2024-02,1,1,36,0.0,0.000344,0.0,False,,unrated
clean water,clean water,,False,sunscreen,2024-09,1,1,36,0.0,0.000239,0.0,False,,unrated
cleanroom,cleanroom,,False,sunscreen,2025-05,1,1,36,0.0,0.000225,0.0,False,,unrated
cleavage (geology),cleavage (geology),,False,sunscreen,2026-01,1,1,36,0.000227,0.0,,False,0.42375,unrated
clementine (nuclear reactor),clementine (nuclear reactor),,False,sunscreen,2025-12,1,1,36,0.00031,0.0,,False,0.387372,unrated
climbing,climbing,,False,sunscreen,2023-10,1,1,36,0.0,0.000272,0.0,False,,unrated
clindamycin,clindamycin,,False,sunscreen,2024-03,1,1,36,0.0,0.000306,0.0,False,,unrated
clinical pathology,clinical pathology,,False,sunscreen,2026-02,1,1,36,0.000439,0.0,,False,0.396135,unrated
clinical phenotype,clinical phenotype,,False,sunscreen,2024-06,1,1,36,0.0,0.000233,0.0,False,,unrated
clinical research,clinical research,,False,sunscreen,2025-12,1,1,36,0.00031,0.0,,False,0.829352,unrated
clinical significance,clinical significance,,False,sunscreen,2026-02,1,1,36,0.000439,0.0,,False,0.396135,unrated
clofibric acid,clofibric acid,,False,sunscreen,2026-01,1,1,36,0.000227,0.0,,False,0.42375,unrated
closed loop,closed loop,,False,sunscreen,2025-07,1,1,36,0.0,0.000189,0.0,False,,unrated
cloud computing,cloud computing,,False,sunscreen,2024-01,1,1,36,0.0,0.000118,0.0,False,,unrated
cls upper limits,cls upper limits,,False,sunscreen,2025-03,1,1,36,0.0,0.000269,0.0,False,,unrated
cluster randomised controlled trial,cluster randomised controlled trial,,False,sunscreen,2025-09,1,1,36,0.000358,0.0,,False,0.698819,unrated
cmax,cmax,,False,sunscreen,2025-02,1,1,36,0.0,0.000302,0.0,False,,unrated
coast guard,coast guard,,False,sunscreen,2023-09,1,1,36,0.0,0.000244,0.0,False,,unrated
coastal zone,coastal zone,,False,sunscreen,2026-06,1,1,36,0.000285,0.0,,False,0.482759,unrated
cobaltite,cobaltite,,False,sunscreen,2026-06,1,1,36,0.000285,0.0,,False,0.482759,unrated
cochrane library,cochrane library,,False,sunscreen,2026-05,1,1,36,0.000334,0.0,,False,0.952206,unrated
cockayne syndrome,cockayne syndrome,,False,sunscreen,2025-04,1,1,36,0.0,0.000218,0.0,False,,unrated
cockpit,cockpit,,False,sunscreen,2025-09,1,1,36,0.000358,0.0,,False,0.826772,unrated
cocoa bean,cocoa bean,,False,sunscreen,2025-01,1,1,36,0.0,0.000102,0.0,False,,unrated
cocrystal,cocrystal,,False,sunscreen,2026-06,1,1,36,0.000285,0.0,,False,0.482759,unrated
coefficient of variation,coefficient of variation,,False,sunscreen,2025-09,1,1,36,0.000358,0.0,,False,0.94685,unrated
coelenterata,coelenterata,,False,sunscreen,2026-03,1,1,36,0.000297,0.0,,False,0.436275,unrated
coenzyme a,coenzyme a,,False,sunscreen,2025-12,1,1,36,0.00031,0.0,,False,0.387372,unrated
coffea,coffea,,False,sunscreen,2025-07,1,1,36,0.0,0.000189,0.0,False,,unrated
coffee shop,coffee shop,,False,sunscreen,2026-07,1,1,36,0.000269,0.0,,False,0.494083,unrated
cognitive style,cognitive style,,False,sunscreen,2024-07,1,1,36,0.0,0.000283,0.0,False,,unrated
cohen's kappa,cohen's kappa,,False,sunscreen,2026-06,1,1,36,0.000285,0.0,,False,0.482759,unrated
cold dark matter,cold dark matter,,False,sunscreen,2025-11,1,1,36,0.000392,0.0,,False,0.359914,unrated
cold tolerance,cold tolerance,,False,sunscreen,2025-06,1,1,36,0.0,0.000194,0.0,False,,unrated
collaborative filtering,collaborative filtering,,False,sunscreen,2025-05,1,1,36,0.0,0.000225,0.0,False,,unrated
collective memory,collective memory,,False,sunscreen,2025-10,1,1,36,0.000411,0.0,,False,0.289593,unrated
color gel,color gel,,False,sunscreen,2026-07,1,1,36,0.000269,0.0,,False,0.494083,unrated
color rendering index,color rendering index,,False,sunscreen,2026-02,1,1,36,0.000439,0.0,,False,0.997585,unrated
commercial fish feed,commercial fish feed,,False,sunscreen,2024-05,1,1,36,0.0,0.000262,0.0,False,,unrated
commission,commission,,False,sunscreen,2025-09,1,1,36,0.000358,0.0,,False,0.307087,unrated
common cold,common cold,,False,sunscreen,2026-03,1,1,36,0.000297,0.0,,False,0.436275,unrated
common terminology criteria for adverse events,common terminology criteria for adverse events,,False,sunscreen,2026-01,1,1,36,0.000227,0.0,,False,0.9775,unrated
communications system,communications system,,False,sunscreen,2023-12,1,1,36,0.0,0.000257,0.0,False,,unrated
community college,community college,,False,sunscreen,2024-07,1,1,36,0.0,0.000283,0.0,False,,unrated
community education,community education,,False,sunscreen,2025-06,1,1,36,0.0,0.000194,0.0,False,,unrated
community engagement,community engagement,,False,sunscreen,2026-05,1,1,36,0.000334,0.0,,False,0.454044,unrated
community health,community health,,False,sunscreen,2025-02,1,1,36,0.0,0.000302,0.0,False,,unrated
community participation,community participation,,False,sunscreen,2026-02,1,1,36,0.000439,0.0,,False,0.396135,unrated
community resilience,community resilience,,False,sunscreen,2026-04,1,1,36,0.000371,0.0,,False,0.934694,unrated
compact star,compact star,,False,sunscreen,2025-01,1,1,36,0.0,0.000102,0.0,False,,unrated
companion animal,companion animal,,False,sunscreen,2026-06,1,1,36,0.000285,0.0,,False,0.482759,unrated
comparability,comparability,,False,sunscreen,2026-02,1,1,36,0.000439,0.0,,False,0.396135,unrated
compartment (ship),compartment (ship),,False,sunscreen,2024-03,1,1,36,0.0,0.000306,0.0,False,,unrated
compartmentalization (fire protection),compartmentalization (fire protection),,False,sunscreen,2023-10,1,1,36,0.0,0.000272,0.0,False,,unrated
competence (human resources),competence (human resources),,False,sunscreen,2025-06,1,1,36,0.0,0.000194,0.0,False,,unrated
competitive advantage,competitive advantage,,False,sunscreen,2025-09,1,1,36,0.000358,0.0,,False,0.307087,unrated
complement (music),complement (music),,False,sunscreen,2025-10,1,1,36,0.000411,0.0,,False,0.911765,unrated
complementation,complementation,,False,sunscreen,2025-04,1,1,36,0.0,0.000218,0.0,False,,unrated
compost,compost,,False,sunscreen,2026-04,1,1,36,0.000371,0.0,,False,0.934694,unrated
compound eye,compound eye,,False,sunscreen,2025-12,1,1,36,0.00031,0.0,,False,0.959044,unrated
compound heterozygosity,compound heterozygosity,,False,sunscreen,2026-04,1,1,36,0.000371,0.0,,False,0.44898,unrated
compromise,compromise,,False,sunscreen,2024-07,1,1,36,0.0,0.000283,0.0,False,,unrated
computer technology,computer technology,,False,sunscreen,2025-12,1,1,36,0.00031,0.0,,False,0.387372,unrated
concentrator,concentrator,,False,sunscreen,2026-01,1,1,36,0.000227,0.0,,False,0.42375,unrated
conditional probability,conditional probability,,False,sunscreen,2026-06,1,1,36,0.000285,0.0,,False,0.482759,unrated
conduction band,conduction band,,False,sunscreen,2026-02,1,1,36,0.000439,0.0,,False,0.396135,unrated
conductive polymer,conductive polymer,,False,sunscreen,2026-01,1,1,36,0.000227,0.0,,False,0.42375,unrated
confirmation bias,confirmation bias,,False,sunscreen,2024-07,1,1,36,0.0,0.000283,0.0,False,,unrated
conformational isomerism,conformational isomerism,,False,sunscreen,2024-04,1,1,36,0.0,0.000304,0.0,False,,unrated
conformity,conformity,,False,sunscreen,2025-09,1,1,36,0.000358,0.0,,False,0.307087,unrated
conjugate,conjugate,,False,sunscreen,2026-03,1,1,36,0.000297,0.0,,False,0.436275,unrated
conjunction (astronomy),conjunction (astronomy),,False,sunscreen,2025-12,1,1,36,0.00031,0.0,,False,0.387372,unrated
connotation,connotation,,False,sunscreen,2025-03,1,1,36,0.0,0.000269,0.0,False,,unrated
cons,cons,,False,sunscreen,2025-10,1,1,36,0.000411,0.0,,False,0.289593,unrated
conservation,conservation,,False,sunscreen,2024-02,1,1,36,0.0,0.000344,0.0,False,,unrated
conservation biology,conservation biology,,False,sunscreen,2023-10,1,1,36,0.0,0.000272,0.0,False,,unrated
conservative management,conservative management,,False,sunscreen,2026-01,1,1,36,0.000227,0.0,,False,0.42375,unrated
conservative treatment,conservative treatment,,False,sunscreen,2026-01,1,1,36,0.000227,0.0,,False,0.42375,unrated
constructed wetland,constructed wetland,,False,sunscreen,2026-03,1,1,36,0.000297,0.0,,False,0.926471,unrated
consumer advocacy,consumer advocacy,,False,sunscreen,2026-07,1,1,36,0.000269,0.0,,False,0.494083,unrated
consumer market,consumer market,,False,sunscreen,2026-01,1,1,36,0.000227,0.0,,False,0.42375,unrated
content determination,content determination,,False,sunscreen,2025-07,1,1,36,0.0,0.000189,0.0,False,,unrated
content marketing,content marketing,,False,sunscreen,2026-07,1,1,36,0.000269,0.0,,False,0.494083,unrated
contest,contest,,False,sunscreen,2026-06,1,1,36,0.000285,0.0,,False,0.482759,unrated
contingency table,contingency table,,False,sunscreen,2025-02,1,1,36,0.0,0.000302,0.0,False,,unrated
contingent valuation,contingent valuation,,False,sunscreen,2024-01,1,1,36,0.0,0.000118,0.0,False,,unrated
contouring,contouring,,False,sunscreen,2025-08,1,1,36,0.0,0.000208,0.0,False,,unrated
control engineering,control engineering,,False,sunscreen,2025-07,1,1,36,0.0,0.000189,0.0,False,,unrated
control sample,control sample,,False,sunscreen,2026-06,1,1,36,0.000285,0.0,,False,0.482759,unrated
convention,convention,,False,sunscreen,2025-07,1,1,36,0.0,0.000189,0.0,False,,unrated
convergent validity,convergent validity,,False,sunscreen,2026-06,1,1,36,0.000285,0.0,,False,0.482759,unrated
coralline algae,coralline algae,,False,sunscreen,2023-10,1,1,36,0.0,0.000272,0.0,False,,unrated
core product,core product,,False,sunscreen,2025-06,1,1,36,0.0,0.000194,0.0,False,,unrated
corneal disease,corneal disease,,False,sunscreen,2025-07,1,1,36,0.0,0.000189,0.0,False,,unrated
corneal endothelium,corneal endothelium,,False,sunscreen,2026-01,1,1,36,0.000227,0.0,,False,0.42375,unrated
coronary heart disease,coronary heart disease,,False,sunscreen,2025-10,1,1,36,0.000411,0.0,,False,0.649321,unrated
coronavirus,coronavirus,,False,sunscreen,2024-10,1,1,36,0.0,0.000274,0.0,False,,unrated
corporate governance,corporate governance,,False,sunscreen,2026-01,1,1,36,0.000227,0.0,,False,0.42375,unrated
corporate social responsibility,corporate social responsibility,,False,sunscreen,2025-08,1,1,36,0.0,0.000208,0.0,False,,unrated
corpus albicans,corpus albicans,,False,sunscreen,2024-12,1,1,36,0.0,0.000206,0.0,False,,unrated
correlation dimension,correlation dimension,,False,sunscreen,2025-01,1,1,36,0.0,0.000102,0.0,False,,unrated
corticosteroid,corticosteroid,,False,sunscreen,2025-11,1,1,36,0.000392,0.0,,False,0.782328,unrated
cosmesis,cosmesis,,False,sunscreen,2024-04,1,1,36,0.0,0.000304,0.0,False,,unrated
cosmic cancer database,cosmic cancer database,,False,sunscreen,2025-11,1,1,36,0.000392,0.0,,False,0.359914,unrated
cosmology,cosmology,,False,sunscreen,2025-10,1,1,36,0.000411,0.0,,False,0.977376,unrated
cost effectiveness,cost effectiveness,,False,sunscreen,2024-07,1,1,36,0.0,0.000283,0.0,False,,unrated
cote d ivoire,cote d ivoire,,False,sunscreen,2026-03,1,1,36,0.000297,0.0,,False,0.436275,unrated
countdown,countdown,,False,sunscreen,2026-06,1,1,36,0.000285,0.0,,False,0.482759,unrated
courage,courage,,False,sunscreen,2024-05,1,1,36,0.0,0.000262,0.0,False,,unrated
course (navigation),course (navigation),,False,sunscreen,2026-05,1,1,36,0.000334,0.0,,False,0.454044,unrated
covalent organic framework,covalent organic framework,,False,sunscreen,2025-11,1,1,36,0.000392,0.0,,False,0.359914,unrated
covariance,covariance,,False,sunscreen,2026-04,1,1,36,0.000371,0.0,,False,0.44898,unrated
cpg site,cpg site,,False,sunscreen,2026-08,1,1,36,0.0,0.0,,False,,unrated
cracking,cracking,,False,sunscreen,2026-08,1,1,36,0.0,0.0,,False,,unrated
craniotomy,craniotomy,,False,sunscreen,2025-11,1,1,36,0.000392,0.0,,False,0.359914,unrated
crassulaceae,crassulaceae,,False,sunscreen,2025-02,1,1,36,0.0,0.000302,0.0,False,,unrated
crayfish,crayfish,,False,sunscreen,2026-05,1,1,36,0.000334,0.0,,False,0.454044,unrated
creaming,creaming,,False,sunscreen,2025-10,1,1,36,0.000411,0.0,,False,0.911765,unrated
creatine,creatine,,False,sunscreen,2025-06,1,1,36,0.0,0.000194,0.0,False,,unrated
creative visualization,creative visualization,,False,sunscreen,2025-09,1,1,36,0.000358,0.0,,False,0.307087,unrated
crest syndrome,crest syndrome,,False,sunscreen,2026-05,1,1,36,0.000334,0.0,,False,0.454044,unrated
crispr interference,crispr interference,,False,sunscreen,2024-06,1,1,36,0.0,0.000233,0.0,False,,unrated
critical discourse analysis,critical discourse analysis,,False,sunscreen,2026-04,1,1,36,0.000371,0.0,,False,0.44898,unrated
criticism,criticism,,False,sunscreen,2026-02,1,1,36,0.000439,0.0,,False,0.396135,unrated
crocus,crocus,,False,sunscreen,2023-11,1,1,36,0.0,0.000285,0.0,False,,unrated
crocus sativus,crocus sativus,,False,sunscreen,2023-11,1,1,36,0.0,0.000285,0.0,False,,unrated
crohn's disease,crohn's disease,,False,sunscreen,2024-06,1,1,36,0.0,0.000233,0.0,False,,unrated
crop productivity,crop productivity,,False,sunscreen,2026-03,1,1,36,0.000297,0.0,,False,0.998366,unrated
croton oil,croton oil,,False,sunscreen,2024-10,1,1,36,0.0,0.000274,0.0,False,,unrated
crowds,crowds,,False,sunscreen,2023-09,1,1,36,0.0,0.000244,0.0,False,,unrated
crown (dentistry),crown (dentistry),,False,sunscreen,2026-01,1,1,36,0.000227,0.0,,False,0.89375,unrated
cruciferous vegetables,cruciferous vegetables,,False,sunscreen,2023-12,1,1,36,0.0,0.000257,0.0,False,,unrated
crustose,crustose,,False,sunscreen,2024-07,1,1,36,0.0,0.000283,0.0,False,,unrated
crypsis,crypsis,,False,sunscreen,2024-10,1,1,36,0.0,0.000274,0.0,False,,unrated
crystallin,crystallin,,False,sunscreen,2024-09,1,1,36,0.0,0.000239,0.0,False,,unrated
cubic crystal system,cubic crystal system,,False,sunscreen,2024-08,1,1,36,0.0,0.000306,0.0,False,,unrated
cucurbita,cucurbita,,False,sunscreen,2023-12,1,1,36,0.0,0.000257,0.0,False,,unrated
cucurbita maxima,cucurbita maxima,,False,sunscreen,2024-05,1,1,36,0.0,0.000262,0.0,False,,unrated
cucurbita moschata,cucurbita moschata,,False,sunscreen,2023-12,1,1,36,0.0,0.000257,0.0,False,,unrated
cucurbita pepo,cucurbita pepo,,False,sunscreen,2025-11,1,1,36,0.000392,0.0,,False,0.877155,unrated
cucurbitaceae,cucurbitaceae,,False,sunscreen,2025-09,1,1,36,0.000358,0.0,,False,0.307087,unrated
cucurbituril,cucurbituril,,False,sunscreen,2024-08,1,1,36,0.0,0.000306,0.0,False,,unrated
cultural competence,cultural competence,,False,sunscreen,2025-06,1,1,36,0.0,0.000194,0.0,False,,unrated
culturally appropriate,culturally appropriate,,False,sunscreen,2025-11,1,1,36,0.000392,0.0,,False,0.877155,unrated
cumulative effects,cumulative effects,,False,sunscreen,2026-08,1,1,36,0.0,0.0,,False,,unrated
cunninghamia,cunninghamia,,False,sunscreen,2025-09,1,1,36,0.000358,0.0,,False,0.895669,unrated
cupriavidus necator,cupriavidus necator,,False,sunscreen,2025-08,1,1,36,0.0,0.000208,0.0,False,,unrated
curtain wall,curtain wall,,False,sunscreen,2023-09,1,1,36,0.0,0.000244,0.0,False,,unrated
cushion,cushion,,False,sunscreen,2025-08,1,1,36,0.0,0.000208,0.0,False,,unrated
customer intelligence,customer intelligence,,False,sunscreen,2025-09,1,1,36,0.000358,0.0,,False,0.307087,unrated
customer relationship management,customer relationship management,,False,sunscreen,2026-06,1,1,36,0.000285,0.0,,False,0.482759,unrated
customer to customer,customer to customer,,False,sunscreen,2025-09,1,1,36,0.000358,0.0,,False,0.307087,unrated
cut flowers,cut flowers,,False,sunscreen,2026-03,1,1,36,0.000297,0.0,,False,0.436275,unrated
cutoff,cutoff,,False,sunscreen,2026-07,1,1,36,0.000269,0.0,,False,0.494083,unrated
cutoff frequency,cutoff frequency,,False,sunscreen,2026-07,1,1,36,0.000269,0.0,,False,0.494083,unrated
cyanine,cyanine,,False,sunscreen,2023-09,1,1,36,0.0,0.000244,0.0,False,,unrated
cycling,cycling,,False,sunscreen,2025-02,1,1,36,0.0,0.000302,0.0,False,,unrated
cycloaddition,cycloaddition,,False,sunscreen,2024-02,1,1,36,0.0,0.000344,0.0,False,,unrated
cyclophilin,cyclophilin,,False,sunscreen,2025-03,1,1,36,0.0,0.000269,0.0,False,,unrated
cyclophilin a,cyclophilin a,,False,sunscreen,2025-03,1,1,36,0.0,0.000269,0.0,False,,unrated
cyclophosphamide,cyclophosphamide,,False,sunscreen,2025-07,1,1,36,0.0,0.000189,0.0,False,,unrated
cyclosporins,cyclosporins,,False,sunscreen,2026-04,1,1,36,0.000371,0.0,,False,0.44898,unrated
cylindroma,cylindroma,,False,sunscreen,2026-05,1,1,36,0.000334,0.0,,False,0.454044,unrated
cylindrospermopsis raciborskii,cylindrospermopsis raciborskii,,False,sunscreen,2024-12,1,1,36,0.0,0.000206,0.0,False,,unrated
cyp17a1,cyp17a1,,False,sunscreen,2023-09,1,1,36,0.0,0.000244,0.0,False,,unrated
cyp3a,cyp3a,,False,sunscreen,2024-05,1,1,36,0.0,0.000262,0.0,False,,unrated
cystine,cystine,,False,sunscreen,2025-08,1,1,36,0.0,0.000208,0.0,False,,unrated
cytochrome,cytochrome,,False,sunscreen,2025-09,1,1,36,0.000358,0.0,,False,0.826772,unrated
cytochrome c,cytochrome c,,False,sunscreen,2025-09,1,1,36,0.000358,0.0,,False,0.826772,unrated
cytochrome f,cytochrome f,,False,sunscreen,2026-02,1,1,36,0.000439,0.0,,False,0.396135,unrated
cytoplasm,cytoplasm,,False,sunscreen,2025-12,1,1,36,0.00031,0.0,,False,0.912969,unrated
czech,czech,,False,sunscreen,2024-04,1,1,36,0.0,0.000304,0.0,False,,unrated
dahlia,dahlia,,False,sunscreen,2025-05,1,1,36,0.0,0.000225,0.0,False,,unrated
daidzein,daidzein,,False,sunscreen,2024-02,1,1,36,0.0,0.000344,0.0,False,,unrated
daidzin,daidzin,,False,sunscreen,2026-07,1,1,36,0.000269,0.0,,False,0.494083,unrated
dance,dance,,False,sunscreen,2025-01,1,1,36,0.0,0.000102,0.0,False,,unrated
dark ages,dark ages,,False,sunscreen,2025-11,1,1,36,0.000392,0.0,,False,0.359914,unrated
dark matter,dark matter,,False,sunscreen,2025-11,1,1,36,0.000392,0.0,,False,0.359914,unrated
dark therapy,dark therapy,,False,sunscreen,2025-12,1,1,36,0.00031,0.0,,False,0.387372,unrated
dasatinib,dasatinib,,False,sunscreen,2024-09,1,1,36,0.0,0.000239,0.0,False,,unrated
dash,dash,,False,sunscreen,2023-12,1,1,36,0.0,0.000257,0.0,False,,unrated
dashboard,dashboard,,False,sunscreen,2025-09,1,1,36,0.000358,0.0,,False,0.307087,unrated
data analysis,data analysis,,False,sunscreen,2024-11,1,1,36,0.0,0.000238,0.0,False,,unrated
data quality,data quality,,False,sunscreen,2026-06,1,1,36,0.000285,0.0,,False,0.482759,unrated
data reduction,data reduction,,False,sunscreen,2026-08,1,1,36,0.0,0.0,,False,,unrated
data visualization,data visualization,,False,sunscreen,2025-09,1,1,36,0.000358,0.0,,False,0.307087,unrated
database transaction,database transaction,,False,sunscreen,2025-06,1,1,36,0.0,0.000194,0.0,False,,unrated
daytime,daytime,,False,sunscreen,2024-03,1,1,36,0.0,0.000306,0.0,False,,unrated
debye model,debye model,,False,sunscreen,2024-08,1,1,36,0.0,0.000306,0.0,False,,unrated
decanal,decanal,,False,sunscreen,2024-01,1,1,36,0.0,0.000118,0.0,False,,unrated
deception,deception,,False,sunscreen,2026-05,1,1,36,0.000334,0.0,,False,0.454044,unrated
decidual cells,decidual cells,,False,sunscreen,2025-03,1,1,36,0.0,0.000269,0.0,False,,unrated
deciduous,deciduous,,False,sunscreen,2026-05,1,1,36,0.000334,0.0,,False,0.454044,unrated
decision process,decision process,,False,sunscreen,2026-06,1,1,36,0.000285,0.0,,False,0.482759,unrated
decision support system,decision support system,,False,sunscreen,2026-03,1,1,36,0.000297,0.0,,False,0.436275,unrated
deep time,deep time,,False,sunscreen,2025-12,1,1,36,0.00031,0.0,,False,0.829352,unrated
deepwater horizon,deepwater horizon,,False,sunscreen,2023-09,1,1,36,0.0,0.000244,0.0,False,,unrated
defence mechanisms,defence mechanisms,,False,sunscreen,2025-08,1,1,36,0.0,0.000208,0.0,False,,unrated
degeneration (medical),degeneration (medical),,False,sunscreen,2024-09,1,1,36,0.0,0.000239,0.0,False,,unrated
degree (music),degree (music),,False,sunscreen,2025-07,1,1,36,0.0,0.000189,0.0,False,,unrated
dehydratase,dehydratase,,False,sunscreen,2025-09,1,1,36,0.000358,0.0,,False,0.307087,unrated
deiodinase,deiodinase,,False,sunscreen,2025-10,1,1,36,0.000411,0.0,,False,0.857466,unrated
delayed hypersensitivity,delayed hypersensitivity,,False,sunscreen,2025-09,1,1,36,0.000358,0.0,,False,0.698819,unrated
demand forecasting,demand forecasting,,False,sunscreen,2025-10,1,1,36,0.000411,0.0,,False,0.289593,unrated
demethylation,demethylation,,False,sunscreen,2026-01,1,1,36,0.000227,0.0,,False,0.89375,unrated
demodex folliculorum,demodex folliculorum,,False,sunscreen,2026-01,1,1,36,0.000227,0.0,,False,0.42375,unrated
dental radiography,dental radiography,,False,sunscreen,2026-08,1,1,36,0.0,0.0,,False,,unrated
dentin,dentin,,False,sunscreen,2026-08,1,1,36,0.0,0.0,,False,,unrated
dephasing,dephasing,,False,sunscreen,2025-11,1,1,36,0.000392,0.0,,False,0.359914,unrated
derivatization,derivatization,,False,sunscreen,2024-05,1,1,36,0.0,0.000262,0.0,False,,unrated
dermal papillae,dermal papillae,,False,sunscreen,2025-12,1,1,36,0.00031,0.0,,False,0.387372,unrated
dermatofibrosarcoma protuberans,dermatofibrosarcoma protuberans,,False,sunscreen,2023-09,1,1,36,0.0,0.000244,0.0,False,,unrated
dermatomycosis,dermatomycosis,,False,sunscreen,2025-08,1,1,36,0.0,0.000208,0.0,False,,unrated
descent (aeronautics),descent (aeronautics),,False,sunscreen,2024-09,1,1,36,0.0,0.000239,0.0,False,,unrated
desensitization (medicine),desensitization (medicine),,False,sunscreen,2025-11,1,1,36,0.000392,0.0,,False,0.359914,unrated
design of experiments,design of experiments,,False,sunscreen,2025-09,1,1,36,0.000358,0.0,,False,0.94685,unrated
desmodium,desmodium,,False,sunscreen,2024-02,1,1,36,0.0,0.000344,0.0,False,,unrated
detrended fluctuation analysis,detrended fluctuation analysis,,False,sunscreen,2025-01,1,1,36,0.0,0.000102,0.0,False,,unrated
detritus,detritus,,False,sunscreen,2026-06,1,1,36,0.000285,0.0,,False,0.482759,unrated
developing country,developing country,,False,sunscreen,2023-09,1,1,36,0.0,0.000244,0.0,False,,unrated
development (topology),development (topology),,False,sunscreen,2025-10,1,1,36,0.000411,0.0,,False,0.289593,unrated
developmental stage,developmental stage,,False,sunscreen,2023-11,1,1,36,0.0,0.000285,0.0,False,,unrated
dewetting,dewetting,,False,sunscreen,2024-01,1,1,36,0.0,0.000118,0.0,False,,unrated
dextran,dextran,,False,sunscreen,2025-09,1,1,36,0.000358,0.0,,False,0.307087,unrated
diacylglycerol kinase,diacylglycerol kinase,,False,sunscreen,2024-12,1,1,36,0.0,0.000206,0.0,False,,unrated
diagnostic equipment,diagnostic equipment,,False,sunscreen,2026-06,1,1,36,0.000285,0.0,,False,0.482759,unrated
diagonal,diagonal,,False,sunscreen,2026-02,1,1,36,0.000439,0.0,,False,0.396135,unrated
diamond,diamond,,False,sunscreen,2025-09,1,1,36,0.000358,0.0,,False,0.698819,unrated
diaper dermatitis,diaper dermatitis,,False,sunscreen,2024-09,1,1,36,0.0,0.000239,0.0,False,,unrated
diarrhea,diarrhea,,False,sunscreen,2023-09,1,1,36,0.0,0.000244,0.0,False,,unrated
diastole,diastole,,False,sunscreen,2023-09,1,1,36,0.0,0.000244,0.0,False,,unrated
diazirine,diazirine,,False,sunscreen,2026-07,1,1,36,0.000269,0.0,,False,0.494083,unrated
dibenzoylmethane,dibenzoylmethane,,False,sunscreen,2025-07,1,1,36,0.0,0.000189,0.0,False,,unrated
dibutyl phthalate,dibutyl phthalate,,False,sunscreen,2025-09,1,1,36,0.000358,0.0,,False,0.307087,unrated
dicentrarchus,dicentrarchus,,False,sunscreen,2024-05,1,1,36,0.0,0.000262,0.0,False,,unrated
dichloromethane,dichloromethane,,False,sunscreen,2024-03,1,1,36,0.0,0.000306,0.0,False,,unrated
diclofenac,diclofenac,,False,sunscreen,2026-07,1,1,36,0.000269,0.0,,False,0.494083,unrated
dielectric loss,dielectric loss,,False,sunscreen,2025-06,1,1,36,0.0,0.000194,0.0,False,,unrated
dietary habit,dietary habit,,False,sunscreen,2025-01,1,1,36,0.0,0.000102,0.0,False,,unrated
differential scanning calorimetry,differential scanning calorimetry,,False,sunscreen,2026-06,1,1,36,0.000285,0.0,,False,0.482759,unrated
differential stress,differential stress,,False,sunscreen,2025-01,1,1,36,0.0,0.000102,0.0,False,,unrated
diffraction,diffraction,,False,sunscreen,2026-04,1,1,36,0.000371,0.0,,False,0.44898,unrated
digital filter,digital filter,,False,sunscreen,2026-07,1,1,36,0.000269,0.0,,False,0.494083,unrated
digital strategy,digital strategy,,False,sunscreen,2025-01,1,1,36,0.0,0.000102,0.0,False,,unrated
dihydroxyacetone,dihydroxyacetone,,False,sunscreen,2026-01,1,1,36,0.000227,0.0,,False,0.42375,unrated
dilemma,dilemma,,False,sunscreen,2025-06,1,1,36,0.0,0.000194,0.0,False,,unrated
dimension (graph theory),dimension (graph theory),,False,sunscreen,2026-08,1,1,36,0.0,0.0,,False,,unrated
dimer,dimer,,False,sunscreen,2026-08,1,1,36,0.0,0.0,,False,,unrated
dimethyl sulfoxide,dimethyl sulfoxide,,False,sunscreen,2025-01,1,1,36,0.0,0.000102,0.0,False,,unrated
dimethylformamide,dimethylformamide,,False,sunscreen,2024-11,1,1,36,0.0,0.000238,0.0,False,,unrated
diospyros kaki,diospyros kaki,,False,sunscreen,2024-03,1,1,36,0.0,0.000306,0.0,False,,unrated
directionality,directionality,,False,sunscreen,2024-05,1,1,36,0.0,0.000262,0.0,False,,unrated
disadvantaged,disadvantaged,,False,sunscreen,2024-12,1,1,36,0.0,0.000206,0.0,False,,unrated
discectomy,discectomy,,False,sunscreen,2026-01,1,1,36,0.000227,0.0,,False,0.42375,unrated
disclaimer,disclaimer,,False,sunscreen,2026-05,1,1,36,0.000334,0.0,,False,0.454044,unrated
discourse analysis,discourse analysis,,False,sunscreen,2025-12,1,1,36,0.00031,0.0,,False,0.829352,unrated
discriminative model,discriminative model,,False,sunscreen,2026-07,1,1,36,0.000269,0.0,,False,0.494083,unrated
disease control,disease control,,False,sunscreen,2025-01,1,1,36,0.0,0.000102,0.0,False,,unrated
disproportionation,disproportionation,,False,sunscreen,2025-12,1,1,36,0.00031,0.0,,False,0.387372,unrated
dissemination,dissemination,,False,sunscreen,2025-01,1,1,36,0.0,0.000102,0.0,False,,unrated
distant metastasis,distant metastasis,,False,sunscreen,2024-08,1,1,36,0.0,0.000306,0.0,False,,unrated
distillation,distillation,,False,sunscreen,2025-10,1,1,36,0.000411,0.0,,False,0.289593,unrated
distributed bragg reflector,distributed bragg reflector,,False,sunscreen,2026-06,1,1,36,0.000285,0.0,,False,0.482759,unrated
divalent,divalent,,False,sunscreen,2024-03,1,1,36,0.0,0.000306,0.0,False,,unrated
dna methylation,dna methylation,,False,sunscreen,2026-08,1,1,36,0.0,0.0,,False,,unrated
dna replication,dna replication,,False,sunscreen,2026-01,1,1,36,0.000227,0.0,,False,0.42375,unrated
docetaxel,docetaxel,,False,sunscreen,2026-03,1,1,36,0.000297,0.0,,False,0.436275,unrated
dormancy,dormancy,,False,sunscreen,2024-10,1,1,36,0.0,0.000274,0.0,False,,unrated
dose rate,dose rate,,False,sunscreen,2023-11,1,1,36,0.0,0.000285,0.0,False,,unrated
double blind,double blind,,False,sunscreen,2025-04,1,1,36,0.0,0.000218,0.0,False,,unrated
downwelling,downwelling,,False,sunscreen,2023-09,1,1,36,0.0,0.000244,0.0,False,,unrated
doxorubicin,doxorubicin,,False,sunscreen,2026-06,1,1,36,0.000285,0.0,,False,0.482759,unrated
dozen,dozen,,False,sunscreen,2026-01,1,1,36,0.000227,0.0,,False,0.42375,unrated
dredging,dredging,,False,sunscreen,2026-01,1,1,36,0.000227,0.0,,False,0.42375,unrated
drosophila (subgenus),drosophila (subgenus),,False,sunscreen,2024-04,1,1,36,0.0,0.000304,0.0,False,,unrated
drought resistance,drought resistance,,False,sunscreen,2025-11,1,1,36,0.000392,0.0,,False,0.965517,unrated
drug administration,drug administration,,False,sunscreen,2024-03,1,1,36,0.0,0.000306,0.0,False,,unrated
drug approval,drug approval,,False,sunscreen,2026-06,1,1,36,0.000285,0.0,,False,0.482759,unrated
drug candidate,drug candidate,,False,sunscreen,2025-10,1,1,36,0.000411,0.0,,False,0.961538,unrated
drug discovery,drug discovery,,False,sunscreen,2026-06,1,1,36,0.000285,0.0,,False,0.482759,unrated
drug eruption,drug eruption,,False,sunscreen,2026-08,1,1,36,0.0,0.0,,False,,unrated
drug intoxication,drug intoxication,,False,sunscreen,2025-11,1,1,36,0.000392,0.0,,False,0.359914,unrated
dry season,dry season,,False,sunscreen,2026-03,1,1,36,0.000297,0.0,,False,0.436275,unrated
dual function,dual function,,False,sunscreen,2025-07,1,1,36,0.0,0.000189,0.0,False,,unrated
dual role,dual role,,False,sunscreen,2025-07,1,1,36,0.0,0.000189,0.0,False,,unrated
dunaliella salina,dunaliella salina,,False,sunscreen,2025-06,1,1,36,0.0,0.000194,0.0,False,,unrated
dupilumab,dupilumab,,False,sunscreen,2024-11,1,1,36,0.0,0.000238,0.0,False,,unrated
duration (music),duration (music),,False,sunscreen,2024-01,1,1,36,0.0,0.000118,0.0,False,,unrated
durvalumab,durvalumab,,False,sunscreen,2024-06,1,1,36,0.0,0.000233,0.0,False,,unrated
dye laser,dye laser,,False,sunscreen,2025-06,1,1,36,0.0,0.000194,0.0,False,,unrated
dye sensitized solar cell,dye sensitized solar cell,,False,sunscreen,2025-12,1,1,36,0.00031,0.0,,False,0.387372,unrated
dyeing,dyeing,,False,sunscreen,2025-12,1,1,36,0.00031,0.0,,False,0.988055,unrated
dynamic insulation,dynamic insulation,,False,sunscreen,2023-09,1,1,36,0.0,0.000244,0.0,False,,unrated
dysesthesia,dysesthesia,,False,sunscreen,2026-03,1,1,36,0.000297,0.0,,False,0.436275,unrated
dysgeusia,dysgeusia,,False,sunscreen,2025-11,1,1,36,0.000392,0.0,,False,0.359914,unrated
dysphagia,dysphagia,,False,sunscreen,2026-01,1,1,36,0.000227,0.0,,False,0.42375,unrated
dystrophy,dystrophy,,False,sunscreen,2026-01,1,1,36,0.000227,0.0,,False,0.42375,unrated
early modern europe,early modern europe,,False,sunscreen,2026-06,1,1,36,0.000285,0.0,,False,0.482759,unrated
earth (classical element),earth (classical element),,False,sunscreen,2024-12,1,1,36,0.0,0.000206,0.0,False,,unrated
earth summit,earth summit,,False,sunscreen,2024-03,1,1,36,0.0,0.000306,0.0,False,,unrated
ecdysone,ecdysone,,False,sunscreen,2026-08,1,1,36,0.0,0.0,,False,,unrated
ecdysteroid,ecdysteroid,,False,sunscreen,2025-09,1,1,36,0.000358,0.0,,False,0.307087,unrated
echinacea (animal),echinacea (animal),,False,sunscreen,2025-01,1,1,36,0.0,0.000102,0.0,False,,unrated
echo (communications protocol),echo (communications protocol),,False,sunscreen,2024-09,1,1,36,0.0,0.000239,0.0,False,,unrated
ecological network,ecological network,,False,sunscreen,2026-03,1,1,36,0.000297,0.0,,False,0.436275,unrated
ecological resilience,ecological resilience,,False,sunscreen,2026-06,1,1,36,0.000285,0.0,,False,0.482759,unrated
ecological stoichiometry,ecological stoichiometry,,False,sunscreen,2024-09,1,1,36,0.0,0.000239,0.0,False,,unrated
ecological trap,ecological trap,,False,sunscreen,2025-01,1,1,36,0.0,0.000102,0.0,False,,unrated
economic analysis,economic analysis,,False,sunscreen,2026-07,1,1,36,0.000269,0.0,,False,0.494083,unrated
economic geography,economic geography,,False,sunscreen,2024-06,1,1,36,0.0,0.000233,0.0,False,,unrated
ecosystem health,ecosystem health,,False,sunscreen,2024-09,1,1,36,0.0,0.000239,0.0,False,,unrated
ectropion,ectropion,,False,sunscreen,2024-01,1,1,36,0.0,0.000118,0.0,False,,unrated
edema,edema,,False,sunscreen,2026-04,1,1,36,0.000371,0.0,,False,0.44898,unrated
educational program,educational program,,False,sunscreen,2026-03,1,1,36,0.000297,0.0,,False,0.436275,unrated
effects of high altitude on humans,effects of high altitude on humans,,False,sunscreen,2024-11,1,1,36,0.0,0.000238,0.0,False,,unrated
effects of long term contact lens wear on the cornea,effects of long term contact lens wear on the cornea,,False,sunscreen,2026-01,1,1,36,0.000227,0.0,,False,0.42375,unrated
eggshell,eggshell,,False,sunscreen,2025-02,1,1,36,0.0,0.000302,0.0,False,,unrated
eichhornia crassipes,eichhornia crassipes,,False,sunscreen,2025-04,1,1,36,0.0,0.000218,0.0,False,,unrated
el niño,el niño,,False,sunscreen,2026-06,1,1,36,0.000285,0.0,,False,0.482759,unrated
elaeis guineensis,elaeis guineensis,,False,sunscreen,2026-03,1,1,36,0.000297,0.0,,False,0.926471,unrated
elastic modulus,elastic modulus,,False,sunscreen,2025-09,1,1,36,0.000358,0.0,,False,0.698819,unrated
elasticity (physics),elasticity (physics),,False,sunscreen,2026-01,1,1,36,0.000227,0.0,,False,0.42375,unrated
elbow,elbow,,False,sunscreen,2026-05,1,1,36,0.000334,0.0,,False,0.454044,unrated
elderly people,elderly people,,False,sunscreen,2026-07,1,1,36,0.000269,0.0,,False,0.494083,unrated
electrical conductor,electrical conductor,,False,sunscreen,2026-01,1,1,36,0.000227,0.0,,False,0.42375,unrated
electricity demand,electricity demand,,False,sunscreen,2026-01,1,1,36,0.000227,0.0,,False,0.42375,unrated
electrocatalyst,electrocatalyst,,False,sunscreen,2025-12,1,1,36,0.00031,0.0,,False,0.387372,unrated
electrochemical gas sensor,electrochemical gas sensor,,False,sunscreen,2024-08,1,1,36,0.0,0.000306,0.0,False,,unrated
electrodiagnosis,electrodiagnosis,,False,sunscreen,2025-11,1,1,36,0.000392,0.0,,False,0.359914,unrated
electrodialysis,electrodialysis,,False,sunscreen,2024-01,1,1,36,0.0,0.000118,0.0,False,,unrated
electrohydrodynamics,electrohydrodynamics,,False,sunscreen,2025-11,1,1,36,0.000392,0.0,,False,0.359914,unrated
electrolysis,electrolysis,,False,sunscreen,2024-11,1,1,36,0.0,0.000238,0.0,False,,unrated
electromagnetic field,electromagnetic field,,False,sunscreen,2026-07,1,1,36,0.000269,0.0,,False,0.494083,unrated
electromagnetic spectrum,electromagnetic spectrum,,False,sunscreen,2023-12,1,1,36,0.0,0.000257,0.0,False,,unrated
electromigration,electromigration,,False,sunscreen,2024-11,1,1,36,0.0,0.000238,0.0,False,,unrated
electron donor,electron donor,,False,sunscreen,2025-12,1,1,36,0.00031,0.0,,False,0.829352,unrated
electron paramagnetic resonance spectroscopy,electron paramagnetic resonance spectroscopy,,False,sunscreen,2026-07,1,1,36,0.000269,0.0,,False,0.494083,unrated
electroretinography,electroretinography,,False,sunscreen,2026-04,1,1,36,0.000371,0.0,,False,0.44898,unrated
elemental analysis,elemental analysis,,False,sunscreen,2026-06,1,1,36,0.000285,0.0,,False,0.482759,unrated
elicitor,elicitor,,False,sunscreen,2023-10,1,1,36,0.0,0.000272,0.0,False,,unrated
ellipsoid,ellipsoid,,False,sunscreen,2025-12,1,1,36,0.00031,0.0,,False,0.829352,unrated
embarrassment,embarrassment,,False,sunscreen,2025-12,1,1,36,0.00031,0.0,,False,0.387372,unrated
emergency medicine,emergency medicine,,False,sunscreen,2024-02,1,1,36,0.0,0.000344,0.0,False,,unrated
emission spectrum,emission spectrum,,False,sunscreen,2026-08,1,1,36,0.0,0.0,,False,,unrated
emissivity,emissivity,,False,sunscreen,2026-01,1,1,36,0.000227,0.0,,False,0.89375,unrated
empowerment,empowerment,,False,sunscreen,2025-05,1,1,36,0.0,0.000225,0.0,False,,unrated
enantiopure drug,enantiopure drug,,False,sunscreen,2025-05,1,1,36,0.0,0.000225,0.0,False,,unrated
end stage kidney disease,end stage kidney disease,,False,sunscreen,2024-03,1,1,36,0.0,0.000306,0.0,False,,unrated
end stage renal disease,end stage renal disease,,False,sunscreen,2024-03,1,1,36,0.0,0.000306,0.0,False,,unrated
endocrine gland,endocrine gland,,False,sunscreen,2024-01,1,1,36,0.0,0.000118,0.0,False,,unrated
endocytosis,endocytosis,,False,sunscreen,2024-06,1,1,36,0.0,0.000233,0.0,False,,unrated
endometrium,endometrium,,False,sunscreen,2025-03,1,1,36,0.0,0.000269,0.0,False,,unrated
endosymbiosis,endosymbiosis,,False,sunscreen,2026-04,1,1,36,0.000371,0.0,,False,0.44898,unrated
endothelin 1,endothelin 1,,False,sunscreen,2023-10,1,1,36,0.0,0.000272,0.0,False,,unrated
endothelin receptor,endothelin receptor,,False,sunscreen,2023-10,1,1,36,0.0,0.000272,0.0,False,,unrated
endothelium,endothelium,,False,sunscreen,2026-01,1,1,36,0.000227,0.0,,False,0.42375,unrated
energetics,energetics,,False,sunscreen,2025-08,1,1,36,0.0,0.000208,0.0,False,,unrated
energy budget,energy budget,,False,sunscreen,2024-10,1,1,36,0.0,0.000274,0.0,False,,unrated
energy conservation,energy conservation,,False,sunscreen,2026-01,1,1,36,0.000227,0.0,,False,0.42375,unrated
energy dispersive x ray spectroscopy,energy dispersive x ray spectroscopy,,False,sunscreen,2023-10,1,1,36,0.0,0.000272,0.0,False,,unrated
energy flow,energy flow,,False,sunscreen,2025-07,1,1,36,0.0,0.000189,0.0,False,,unrated
energy homeostasis,energy homeostasis,,False,sunscreen,2026-08,1,1,36,0.0,0.0,,False,,unrated
energy security,energy security,,False,sunscreen,2025-04,1,1,36,0.0,0.000218,0.0,False,,unrated
energy source,energy source,,False,sunscreen,2026-01,1,1,36,0.000227,0.0,,False,0.42375,unrated
energy transport,energy transport,,False,sunscreen,2024-01,1,1,36,0.0,0.000118,0.0,False,,unrated
engineering drawing,engineering drawing,,False,sunscreen,2025-01,1,1,36,0.0,0.000102,0.0,False,,unrated
engineering education,engineering education,,False,sunscreen,2026-02,1,1,36,0.000439,0.0,,False,0.396135,unrated
enhancer,enhancer,,False,sunscreen,2024-01,1,1,36,0.0,0.000118,0.0,False,,unrated
enteral administration,enteral administration,,False,sunscreen,2024-03,1,1,36,0.0,0.000306,0.0,False,,unrated
enterobacteriaceae,enterobacteriaceae,,False,sunscreen,2026-05,1,1,36,0.000334,0.0,,False,0.454044,unrated
enterococcus faecium,enterococcus faecium,,False,sunscreen,2024-01,1,1,36,0.0,0.000118,0.0,False,,unrated
entomopathogenic fungi,entomopathogenic fungi,,False,sunscreen,2026-05,1,1,36,0.000334,0.0,,False,0.454044,unrated
entomopathogenic fungus,entomopathogenic fungus,,False,sunscreen,2024-12,1,1,36,0.0,0.000206,0.0,False,,unrated
environmental data,environmental data,,False,sunscreen,2026-03,1,1,36,0.000297,0.0,,False,0.436275,unrated
environmental hazard,environmental hazard,,False,sunscreen,2025-05,1,1,36,0.0,0.000225,0.0,False,,unrated
environmental security,environmental security,,False,sunscreen,2024-03,1,1,36,0.0,0.000306,0.0,False,,unrated
environmental stewardship,environmental stewardship,,False,sunscreen,2024-03,1,1,36,0.0,0.000306,0.0,False,,unrated
environmental stress cracking,environmental stress cracking,,False,sunscreen,2026-08,1,1,36,0.0,0.0,,False,,unrated
eosinophilic,eosinophilic,,False,sunscreen,2026-04,1,1,36,0.000371,0.0,,False,0.44898,unrated
epicatechin gallate,epicatechin gallate,,False,sunscreen,2026-01,1,1,36,0.000227,0.0,,False,0.42375,unrated
epidermolysis bullosa simplex,epidermolysis bullosa simplex,,False,sunscreen,2025-04,1,1,36,0.0,0.000218,0.0,False,,unrated
epinephrine,epinephrine,,False,sunscreen,2025-11,1,1,36,0.000392,0.0,,False,0.359914,unrated
epistasis,epistasis,,False,sunscreen,2026-08,1,1,36,0.0,0.0,,False,,unrated
epithelial dysplasia,epithelial dysplasia,,False,sunscreen,2025-09,1,1,36,0.000358,0.0,,False,0.307087,unrated
epithelium,epithelium,,False,sunscreen,2024-02,1,1,36,0.0,0.000344,0.0,False,,unrated
epoxide,epoxide,,False,sunscreen,2023-12,1,1,36,0.0,0.000257,0.0,False,,unrated
epoxy,epoxy,,False,sunscreen,2025-09,1,1,36,0.000358,0.0,,False,0.698819,unrated
equivalent,equivalent,,False,sunscreen,2024-04,1,1,36,0.0,0.000304,0.0,False,,unrated
er:yag laser,er:yag laser,,False,sunscreen,2026-06,1,1,36,0.000285,0.0,,False,0.482759,unrated
ergocalciferol,ergocalciferol,,False,sunscreen,2024-11,1,1,36,0.0,0.000238,0.0,False,,unrated
ergosterol,ergosterol,,False,sunscreen,2024-11,1,1,36,0.0,0.000238,0.0,False,,unrated
ergothioneine,ergothioneine,,False,sunscreen,2026-01,1,1,36,0.000227,0.0,,False,0.42375,unrated
eriobotrya,eriobotrya,,False,sunscreen,2024-09,1,1,36,0.0,0.000239,0.0,False,,unrated
eriodictyol,eriodictyol,,False,sunscreen,2023-09,1,1,36,0.0,0.000244,0.0,False,,unrated
erlenmeyer flask,erlenmeyer flask,,False,sunscreen,2026-03,1,1,36,0.000297,0.0,,False,0.436275,unrated
erlotinib hydrochloride,erlotinib hydrochloride,,False,sunscreen,2026-08,1,1,36,0.0,0.0,,False,,unrated
erosion corrosion of copper water tubes,erosion corrosion of copper water tubes,,False,sunscreen,2026-03,1,1,36,0.000297,0.0,,False,0.926471,unrated
erwinia,erwinia,,False,sunscreen,2025-04,1,1,36,0.0,0.000218,0.0,False,,unrated
erythromelalgia,erythromelalgia,,False,sunscreen,2024-04,1,1,36,0.0,0.000304,0.0,False,,unrated
erythromycin,erythromycin,,False,sunscreen,2024-03,1,1,36,0.0,0.000306,0.0,False,,unrated
esophageal cancer,esophageal cancer,,False,sunscreen,2024-05,1,1,36,0.0,0.000262,0.0,False,,unrated
estate,estate,,False,sunscreen,2026-07,1,1,36,0.000269,0.0,,False,0.494083,unrated
estrone,estrone,,False,sunscreen,2024-02,1,1,36,0.0,0.000344,0.0,False,,unrated
etanercept,etanercept,,False,sunscreen,2023-10,1,1,36,0.0,0.000272,0.0,False,,unrated
ethanol content,ethanol content,,False,sunscreen,2023-10,1,1,36,0.0,0.000272,0.0,False,,unrated
ethanol fuel,ethanol fuel,,False,sunscreen,2025-03,1,1,36,0.0,0.000269,0.0,False,,unrated
ethical code,ethical code,,False,sunscreen,2026-01,1,1,36,0.000227,0.0,,False,0.42375,unrated
ethnically diverse,ethnically diverse,,False,sunscreen,2024-07,1,1,36,0.0,0.000283,0.0,False,,unrated
ethnobotany,ethnobotany,,False,sunscreen,2026-03,1,1,36,0.000297,0.0,,False,0.436275,unrated
ethnography,ethnography,,False,sunscreen,2026-05,1,1,36,0.000334,0.0,,False,0.454044,unrated
ethylene,ethylene,,False,sunscreen,2023-12,1,1,36,0.0,0.000257,0.0,False,,unrated
ethylenediamine,ethylenediamine,,False,sunscreen,2024-11,1,1,36,0.0,0.000238,0.0,False,,unrated
eukaryote,eukaryote,,False,sunscreen,2026-04,1,1,36,0.000371,0.0,,False,0.44898,unrated
european community,european community,,False,sunscreen,2023-12,1,1,36,0.0,0.000257,0.0,False,,unrated
evapotranspiration,evapotranspiration,,False,sunscreen,2026-01,1,1,36,0.000227,0.0,,False,0.42375,unrated
evening,evening,,False,sunscreen,2026-06,1,1,36,0.000285,0.0,,False,0.482759,unrated
event (particle physics),event (particle physics),,False,sunscreen,2026-07,1,1,36,0.000269,0.0,,False,0.494083,unrated
everyday life,everyday life,,False,sunscreen,2024-10,1,1,36,0.0,0.000274,0.0,False,,unrated
evolutionary developmental biology,evolutionary developmental biology,,False,sunscreen,2026-04,1,1,36,0.000371,0.0,,False,0.44898,unrated
exercise tolerance test,exercise tolerance test,,False,sunscreen,2026-06,1,1,36,0.000285,0.0,,False,0.482759,unrated
exfoliative dermatitis,exfoliative dermatitis,,False,sunscreen,2026-02,1,1,36,0.000439,0.0,,False,0.396135,unrated
exhibition,exhibition,,False,sunscreen,2025-12,1,1,36,0.00031,0.0,,False,0.387372,unrated
exome sequencing,exome sequencing,,False,sunscreen,2023-10,1,1,36,0.0,0.000272,0.0,False,,unrated
exon,exon,,False,sunscreen,2024-04,1,1,36,0.0,0.000304,0.0,False,,unrated
exoplanet,exoplanet,,False,sunscreen,2026-08,1,1,36,0.0,0.0,,False,,unrated
expanded polystyrene,expanded polystyrene,,False,sunscreen,2026-06,1,1,36,0.000285,0.0,,False,0.482759,unrated
explosive material,explosive material,,False,sunscreen,2024-08,1,1,36,0.0,0.000306,0.0,False,,unrated
expose,expose,,False,sunscreen,2026-02,1,1,36,0.000439,0.0,,False,0.396135,unrated
external validity,external validity,,False,sunscreen,2026-06,1,1,36,0.000285,0.0,,False,0.482759,unrated
externality,externality,,False,sunscreen,2026-04,1,1,36,0.000371,0.0,,False,0.44898,unrated
extracellular polymeric substance,extracellular polymeric substance,,False,sunscreen,2025-09,1,1,36,0.000358,0.0,,False,0.307087,unrated
extrapolation,extrapolation,,False,sunscreen,2024-08,1,1,36,0.0,0.000306,0.0,False,,unrated
extreme weather,extreme weather,,False,sunscreen,2026-02,1,1,36,0.000439,0.0,,False,0.396135,unrated
eye disease,eye disease,,False,sunscreen,2025-01,1,1,36,0.0,0.000102,0.0,False,,unrated
eye lens,eye lens,,False,sunscreen,2025-12,1,1,36,0.00031,0.0,,False,0.959044,unrated
eyelash,eyelash,,False,sunscreen,2025-11,1,1,36,0.000392,0.0,,False,0.359914,unrated
eyespot,eyespot,,False,sunscreen,2023-09,1,1,36,0.0,0.000244,0.0,False,,unrated
fabaceae,fabaceae,,False,sunscreen,2023-10,1,1,36,0.0,0.000272,0.0,False,,unrated
face masks,face masks,,False,sunscreen,2025-03,1,1,36,0.0,0.000269,0.0,False,,unrated
fading,fading,,False,sunscreen,2024-07,1,1,36,0.0,0.000283,0.0,False,,unrated
falsifiability,falsifiability,,False,sunscreen,2026-04,1,1,36,0.000371,0.0,,False,0.44898,unrated
family planning,family planning,,False,sunscreen,2026-04,1,1,36,0.000371,0.0,,False,0.44898,unrated
farm water,farm water,,False,sunscreen,2025-02,1,1,36,0.0,0.000302,0.0,False,,unrated
fas ligand,fas ligand,,False,sunscreen,2024-12,1,1,36,0.0,0.000206,0.0,False,,unrated
fat pad,fat pad,,False,sunscreen,2025-10,1,1,36,0.000411,0.0,,False,0.289593,unrated
fat soluble vitamin,fat soluble vitamin,,False,sunscreen,2026-02,1,1,36,0.000439,0.0,,False,0.857488,unrated
fatalism,fatalism,,False,sunscreen,2023-11,1,1,36,0.0,0.000285,0.0,False,,unrated
fauna,fauna,,False,sunscreen,2025-12,1,1,36,0.00031,0.0,,False,0.387372,unrated
fear appeal,fear appeal,,False,sunscreen,2025-02,1,1,36,0.0,0.000302,0.0,False,,unrated
feather,feather,,False,sunscreen,2025-01,1,1,36,0.0,0.000102,0.0,False,,unrated
feedback loop,feedback loop,,False,sunscreen,2024-08,1,1,36,0.0,0.000306,0.0,False,,unrated
fenofibrate,fenofibrate,,False,sunscreen,2024-01,1,1,36,0.0,0.000118,0.0,False,,unrated
ferrofluid,ferrofluid,,False,sunscreen,2026-01,1,1,36,0.000227,0.0,,False,0.89375,unrated
festuca arundinacea,festuca arundinacea,,False,sunscreen,2024-04,1,1,36,0.0,0.000304,0.0,False,,unrated
festuca pratensis,festuca pratensis,,False,sunscreen,2024-04,1,1,36,0.0,0.000304,0.0,False,,unrated
festuca rubra,festuca rubra,,False,sunscreen,2024-04,1,1,36,0.0,0.000304,0.0,False,,unrated
fgf1,fgf1,,False,sunscreen,2025-11,1,1,36,0.000392,0.0,,False,0.359914,unrated
fiber bragg grating,fiber bragg grating,,False,sunscreen,2026-06,1,1,36,0.000285,0.0,,False,0.482759,unrated
fibrin,fibrin,,False,sunscreen,2025-08,1,1,36,0.0,0.000208,0.0,False,,unrated
fibrous joint,fibrous joint,,False,sunscreen,2026-05,1,1,36,0.000334,0.0,,False,0.454044,unrated
fidelity,fidelity,,False,sunscreen,2024-02,1,1,36,0.0,0.000344,0.0,False,,unrated
figure of merit,figure of merit,,False,sunscreen,2026-07,1,1,36,0.000269,0.0,,False,0.494083,unrated
filaggrin,filaggrin,,False,sunscreen,2023-10,1,1,36,0.0,0.000272,0.0,False,,unrated
filler (materials),filler (materials),,False,sunscreen,2024-05,1,1,36,0.0,0.000262,0.0,False,,unrated
finance,finance,,False,sunscreen,2024-02,1,1,36,0.0,0.000344,0.0,False,,unrated
financial management,financial management,,False,sunscreen,2026-03,1,1,36,0.000297,0.0,,False,0.436275,unrated
fineness,fineness,,False,sunscreen,2026-04,1,1,36,0.000371,0.0,,False,0.44898,unrated
fingerprint (computing),fingerprint (computing),,False,sunscreen,2024-05,1,1,36,0.0,0.000262,0.0,False,,unrated
finite difference time domain method,finite difference time domain method,,False,sunscreen,2026-07,1,1,36,0.000269,0.0,,False,0.494083,unrated
fire safety,fire safety,,False,sunscreen,2025-12,1,1,36,0.00031,0.0,,False,0.387372,unrated
first line,first line,,False,sunscreen,2025-10,1,1,36,0.000411,0.0,,False,0.289593,unrated
first world war,first world war,,False,sunscreen,2025-01,1,1,36,0.0,0.000102,0.0,False,,unrated
fisetin,fisetin,,False,sunscreen,2024-03,1,1,36,0.0,0.000306,0.0,False,,unrated
fish farming,fish farming,,False,sunscreen,2024-01,1,1,36,0.0,0.000118,0.0,False,,unrated
flagellate,flagellate,,False,sunscreen,2025-08,1,1,36,0.0,0.000208,0.0,False,,unrated
flagellum,flagellum,,False,sunscreen,2024-06,1,1,36,0.0,0.000233,0.0,False,,unrated
flatfish,flatfish,,False,sunscreen,2025-10,1,1,36,0.000411,0.0,,False,0.857466,unrated
flavin group,flavin group,,False,sunscreen,2023-11,1,1,36,0.0,0.000285,0.0,False,,unrated
flavones,flavones,,False,sunscreen,2023-10,1,1,36,0.0,0.000272,0.0,False,,unrated
flea,flea,,False,sunscreen,2025-06,1,1,36,0.0,0.000194,0.0,False,,unrated
flemish,flemish,,False,sunscreen,2023-12,1,1,36,0.0,0.000257,0.0,False,,unrated
flesh,flesh,,False,sunscreen,2025-01,1,1,36,0.0,0.000102,0.0,False,,unrated
flexor muscles,flexor muscles,,False,sunscreen,2025-01,1,1,36,0.0,0.000102,0.0,False,,unrated
flocculation,flocculation,,False,sunscreen,2024-10,1,1,36,0.0,0.000274,0.0,False,,unrated
flooding (psychology),flooding (psychology),,False,sunscreen,2026-01,1,1,36,0.000227,0.0,,False,0.89375,unrated
flounder,flounder,,False,sunscreen,2025-10,1,1,36,0.000411,0.0,,False,0.857466,unrated
fluence,fluence,,False,sunscreen,2023-09,1,1,36,0.0,0.000244,0.0,False,,unrated
fluocinolone acetonide,fluocinolone acetonide,,False,sunscreen,2024-10,1,1,36,0.0,0.000274,0.0,False,,unrated
fluoranthene,fluoranthene,,False,sunscreen,2025-12,1,1,36,0.00031,0.0,,False,0.829352,unrated
fluorescent labelling,fluorescent labelling,,False,sunscreen,2025-01,1,1,36,0.0,0.000102,0.0,False,,unrated
fluorouracil,fluorouracil,,False,sunscreen,2024-03,1,1,36,0.0,0.000306,0.0,False,,unrated
fluoxetine,fluoxetine,,False,sunscreen,2024-04,1,1,36,0.0,0.000304,0.0,False,,unrated
flushing,flushing,,False,sunscreen,2025-01,1,1,36,0.0,0.000102,0.0,False,,unrated
flutamide,flutamide,,False,sunscreen,2025-06,1,1,36,0.0,0.000194,0.0,False,,unrated
foam fractionation,foam fractionation,,False,sunscreen,2025-09,1,1,36,0.000358,0.0,,False,0.698819,unrated
foeniculum,foeniculum,,False,sunscreen,2026-08,1,1,36,0.0,0.0,,False,,unrated
folium of descartes,folium of descartes,,False,sunscreen,2024-10,1,1,36,0.0,0.000274,0.0,False,,unrated
food allergens,food allergens,,False,sunscreen,2026-04,1,1,36,0.000371,0.0,,False,0.44898,unrated
food chain,food chain,,False,sunscreen,2026-03,1,1,36,0.000297,0.0,,False,0.436275,unrated
food contaminant,food contaminant,,False,sunscreen,2024-01,1,1,36,0.0,0.000118,0.0,False,,unrated
food frequency questionnaire,food frequency questionnaire,,False,sunscreen,2025-06,1,1,36,0.0,0.000194,0.0,False,,unrated
food group,food group,,False,sunscreen,2023-09,1,1,36,0.0,0.000244,0.0,False,,unrated
food intake,food intake,,False,sunscreen,2025-06,1,1,36,0.0,0.000194,0.0,False,,unrated
food safety,food safety,,False,sunscreen,2026-06,1,1,36,0.000285,0.0,,False,0.482759,unrated
forage,forage,,False,sunscreen,2024-04,1,1,36,0.0,0.000304,0.0,False,,unrated
force field (fiction),force field (fiction),,False,sunscreen,2026-08,1,1,36,0.0,0.0,,False,,unrated
foreign bodies,foreign bodies,,False,sunscreen,2024-10,1,1,36,0.0,0.000274,0.0,False,,unrated
foreign body,foreign body,,False,sunscreen,2024-10,1,1,36,0.0,0.000274,0.0,False,,unrated
forskolin,forskolin,,False,sunscreen,2025-12,1,1,36,0.00031,0.0,,False,0.829352,unrated
fossil record,fossil record,,False,sunscreen,2025-12,1,1,36,0.00031,0.0,,False,0.829352,unrated
fouling,fouling,,False,sunscreen,2026-07,1,1,36,0.000269,0.0,,False,0.494083,unrated
foundation species,foundation species,,False,sunscreen,2026-01,1,1,36,0.000227,0.0,,False,0.89375,unrated
foxtail,foxtail,,False,sunscreen,2025-08,1,1,36,0.0,0.000208,0.0,False,,unrated
fractal analysis,fractal analysis,,False,sunscreen,2024-03,1,1,36,0.0,0.000306,0.0,False,,unrated
frame (networking),frame (networking),,False,sunscreen,2024-07,1,1,36,0.0,0.000283,0.0,False,,unrated
frameshift mutation,frameshift mutation,,False,sunscreen,2024-04,1,1,36,0.0,0.000304,0.0,False,,unrated
framing (construction),framing (construction),,False,sunscreen,2025-11,1,1,36,0.000392,0.0,,False,0.359914,unrated
framingham risk score,framingham risk score,,False,sunscreen,2026-07,1,1,36,0.000269,0.0,,False,0.494083,unrated
frax,frax,,False,sunscreen,2023-11,1,1,36,0.0,0.000285,0.0,False,,unrated
free clinic,free clinic,,False,sunscreen,2024-11,1,1,36,0.0,0.000238,0.0,False,,unrated
free space optical communication,free space optical communication,,False,sunscreen,2023-12,1,1,36,0.0,0.000257,0.0,False,,unrated
french horn,french horn,,False,sunscreen,2024-01,1,1,36,0.0,0.000118,0.0,False,,unrated
frequency modulation,frequency modulation,,False,sunscreen,2026-06,1,1,36,0.000285,0.0,,False,0.482759,unrated
fresnel lens,fresnel lens,,False,sunscreen,2024-12,1,1,36,0.0,0.000206,0.0,False,,unrated
front (military),front (military),,False,sunscreen,2026-02,1,1,36,0.000439,0.0,,False,0.396135,unrated
front cover,front cover,,False,sunscreen,2025-04,1,1,36,0.0,0.000218,0.0,False,,unrated
fructose,fructose,,False,sunscreen,2024-03,1,1,36,0.0,0.000306,0.0,False,,unrated
"fructose 2,6 bisphosphate","fructose 2,6 bisphosphate",,False,sunscreen,2024-03,1,1,36,0.0,0.000306,0.0,False,,unrated
fructose bisphosphate aldolase,fructose bisphosphate aldolase,,False,sunscreen,2024-03,1,1,36,0.0,0.000306,0.0,False,,unrated
full width at half maximum,full width at half maximum,,False,sunscreen,2023-09,1,1,36,0.0,0.000244,0.0,False,,unrated
fumed silica,fumed silica,,False,sunscreen,2025-06,1,1,36,0.0,0.000194,0.0,False,,unrated
functional analysis,functional analysis,,False,sunscreen,2026-07,1,1,36,0.000269,0.0,,False,0.494083,unrated
functional group,functional group,,False,sunscreen,2025-02,1,1,36,0.0,0.000302,0.0,False,,unrated
fundus (uterus),fundus (uterus),,False,sunscreen,2026-01,1,1,36,0.000227,0.0,,False,0.42375,unrated
funnel plot,funnel plot,,False,sunscreen,2025-08,1,1,36,0.0,0.000208,0.0,False,,unrated
fusion,fusion,,False,sunscreen,2024-09,1,1,36,0.0,0.000239,0.0,False,,unrated
gadolinium,gadolinium,,False,sunscreen,2024-12,1,1,36,0.0,0.000206,0.0,False,,unrated
galactan,galactan,,False,sunscreen,2026-07,1,1,36,0.000269,0.0,,False,0.494083,unrated
galactic astronomy,galactic astronomy,,False,sunscreen,2023-09,1,1,36,0.0,0.000244,0.0,False,,unrated
galaxy formation and evolution,galaxy formation and evolution,,False,sunscreen,2025-10,1,1,36,0.000411,0.0,,False,0.977376,unrated
galaxy groups and clusters,galaxy groups and clusters,,False,sunscreen,2025-04,1,1,36,0.0,0.000218,0.0,False,,unrated
game theory,game theory,,False,sunscreen,2026-04,1,1,36,0.000371,0.0,,False,0.44898,unrated
gamma irradiation,gamma irradiation,,False,sunscreen,2025-10,1,1,36,0.000411,0.0,,False,0.289593,unrated
gammaproteobacteria,gammaproteobacteria,,False,sunscreen,2025-10,1,1,36,0.000411,0.0,,False,0.289593,unrated
ganoderma lucidum,ganoderma lucidum,,False,sunscreen,2024-12,1,1,36,0.0,0.000206,0.0,False,,unrated
garbage,garbage,,False,sunscreen,2024-01,1,1,36,0.0,0.000118,0.0,False,,unrated
garcinia,garcinia,,False,sunscreen,2025-02,1,1,36,0.0,0.000302,0.0,False,,unrated
gas chromatography tandem mass spectrometry,gas chromatography tandem mass spectrometry,,False,sunscreen,2024-02,1,1,36,0.0,0.000344,0.0,False,,unrated
gas phase,gas phase,,False,sunscreen,2024-06,1,1,36,0.0,0.000233,0.0,False,,unrated
gastropoda,gastropoda,,False,sunscreen,2025-06,1,1,36,0.0,0.000194,0.0,False,,unrated
gene isoform,gene isoform,,False,sunscreen,2024-04,1,1,36,0.0,0.000304,0.0,False,,unrated
gene rearrangement,gene rearrangement,,False,sunscreen,2026-03,1,1,36,0.000297,0.0,,False,0.926471,unrated
gene silencing,gene silencing,,False,sunscreen,2025-12,1,1,36,0.00031,0.0,,False,0.829352,unrated
genealogy,genealogy,,False,sunscreen,2025-01,1,1,36,0.0,0.000102,0.0,False,,unrated
general surgery,general surgery,,False,sunscreen,2024-02,1,1,36,0.0,0.000344,0.0,False,,unrated
generalist and specialist species,generalist and specialist species,,False,sunscreen,2024-03,1,1,36,0.0,0.000306,0.0,False,,unrated
genetic algorithm,genetic algorithm,,False,sunscreen,2024-06,1,1,36,0.0,0.000233,0.0,False,,unrated
genetic association,genetic association,,False,sunscreen,2024-10,1,1,36,0.0,0.000274,0.0,False,,unrated
genetic divergence,genetic divergence,,False,sunscreen,2026-01,1,1,36,0.000227,0.0,,False,0.42375,unrated
genetic heterogeneity,genetic heterogeneity,,False,sunscreen,2026-04,1,1,36,0.000371,0.0,,False,0.44898,unrated
genetic testing,genetic testing,,False,sunscreen,2026-04,1,1,36,0.000371,0.0,,False,0.44898,unrated
genetic variability,genetic variability,,False,sunscreen,2026-01,1,1,36,0.000227,0.0,,False,0.89375,unrated
genetically engineered,genetically engineered,,False,sunscreen,2024-07,1,1,36,0.0,0.000283,0.0,False,,unrated
genetically modified rice,genetically modified rice,,False,sunscreen,2024-01,1,1,36,0.0,0.000118,0.0,False,,unrated
genipin,genipin,,False,sunscreen,2026-04,1,1,36,0.000371,0.0,,False,0.44898,unrated
genome engineering,genome engineering,,False,sunscreen,2026-08,1,1,36,0.0,0.0,,False,,unrated
genus,genus,,False,sunscreen,2025-09,1,1,36,0.000358,0.0,,False,0.931102,unrated
geographical indication,geographical indication,,False,sunscreen,2025-01,1,1,36,0.0,0.000102,0.0,False,,unrated
george (robot),george (robot),,False,sunscreen,2024-12,1,1,36,0.0,0.000206,0.0,False,,unrated
germline,germline,,False,sunscreen,2026-03,1,1,36,0.000297,0.0,,False,0.926471,unrated
gestational diabetes,gestational diabetes,,False,sunscreen,2024-11,1,1,36,0.0,0.000238,0.0,False,,unrated
ghost imaging,ghost imaging,,False,sunscreen,2023-11,1,1,36,0.0,0.000285,0.0,False,,unrated
giant cell,giant cell,,False,sunscreen,2025-12,1,1,36,0.00031,0.0,,False,0.387372,unrated
giant star,giant star,,False,sunscreen,2023-10,1,1,36,0.0,0.000272,0.0,False,,unrated
gibberellic acid,gibberellic acid,,False,sunscreen,2026-07,1,1,36,0.000269,0.0,,False,0.494083,unrated
ginseng,ginseng,,False,sunscreen,2026-01,1,1,36,0.000227,0.0,,False,0.95625,unrated
ginsenoside,ginsenoside,,False,sunscreen,2026-01,1,1,36,0.000227,0.0,,False,0.95625,unrated
ginsenoside rg1,ginsenoside rg1,,False,sunscreen,2025-11,1,1,36,0.000392,0.0,,False,0.359914,unrated
glacial period,glacial period,,False,sunscreen,2024-01,1,1,36,0.0,0.000118,0.0,False,,unrated
glacier,glacier,,False,sunscreen,2026-05,1,1,36,0.000334,0.0,,False,0.454044,unrated
glare,glare,,False,sunscreen,2025-10,1,1,36,0.000411,0.0,,False,0.649321,unrated
glass ionomer cement,glass ionomer cement,,False,sunscreen,2026-08,1,1,36,0.0,0.0,,False,,unrated
glass transition,glass transition,,False,sunscreen,2025-10,1,1,36,0.000411,0.0,,False,0.289593,unrated
glaucoma,glaucoma,,False,sunscreen,2026-04,1,1,36,0.000371,0.0,,False,0.44898,unrated
global population,global population,,False,sunscreen,2024-04,1,1,36,0.0,0.000304,0.0,False,,unrated
global positioning system,global positioning system,,False,sunscreen,2026-08,1,1,36,0.0,0.0,,False,,unrated
glovebox,glovebox,,False,sunscreen,2025-01,1,1,36,0.0,0.000102,0.0,False,,unrated
glucan,glucan,,False,sunscreen,2026-06,1,1,36,0.000285,0.0,,False,0.482759,unrated
glucoraphanin,glucoraphanin,,False,sunscreen,2025-01,1,1,36,0.0,0.000102,0.0,False,,unrated
glucoside,glucoside,,False,sunscreen,2025-02,1,1,36,0.0,0.000302,0.0,False,,unrated
glucuronate,glucuronate,,False,sunscreen,2025-11,1,1,36,0.000392,0.0,,False,0.359914,unrated
glume,glume,,False,sunscreen,2026-03,1,1,36,0.000297,0.0,,False,0.436275,unrated
glutamate receptor,glutamate receptor,,False,sunscreen,2025-06,1,1,36,0.0,0.000194,0.0,False,,unrated
glutamatergic,glutamatergic,,False,sunscreen,2026-01,1,1,36,0.000227,0.0,,False,0.42375,unrated
glutathione peroxidase,glutathione peroxidase,,False,sunscreen,2025-09,1,1,36,0.000358,0.0,,False,0.307087,unrated
glutelin,glutelin,,False,sunscreen,2025-11,1,1,36,0.000392,0.0,,False,0.359914,unrated
glycemic,glycemic,,False,sunscreen,2025-05,1,1,36,0.0,0.000225,0.0,False,,unrated
glycine soja,glycine soja,,False,sunscreen,2026-01,1,1,36,0.000227,0.0,,False,0.42375,unrated
glycoside,glycoside,,False,sunscreen,2025-05,1,1,36,0.0,0.000225,0.0,False,,unrated
glycosylation,glycosylation,,False,sunscreen,2023-12,1,1,36,0.0,0.000257,0.0,False,,unrated
goal setting,goal setting,,False,sunscreen,2024-09,1,1,36,0.0,0.000239,0.0,False,,unrated
gold standard (test),gold standard (test),,False,sunscreen,2026-06,1,1,36,0.000285,0.0,,False,0.482759,unrated
gonadosomatic index,gonadosomatic index,,False,sunscreen,2023-09,1,1,36,0.0,0.000244,0.0,False,,unrated
gossypium,gossypium,,False,sunscreen,2025-01,1,1,36,0.0,0.000102,0.0,False,,unrated
gout,gout,,False,sunscreen,2025-10,1,1,36,0.000411,0.0,,False,0.289593,unrated
government regulation,government regulation,,False,sunscreen,2026-03,1,1,36,0.000297,0.0,,False,0.436275,unrated
gpx4,gpx4,,False,sunscreen,2025-09,1,1,36,0.000358,0.0,,False,0.990157,unrated
grading scale,grading scale,,False,sunscreen,2026-01,1,1,36,0.000227,0.0,,False,0.42375,unrated
gram negative bacteria,gram negative bacteria,,False,sunscreen,2025-05,1,1,36,0.0,0.000225,0.0,False,,unrated
gram positive bacteria,gram positive bacteria,,False,sunscreen,2025-05,1,1,36,0.0,0.000225,0.0,False,,unrated
granularity,granularity,,False,sunscreen,2025-01,1,1,36,0.0,0.000102,0.0,False,,unrated
granuloma annulare,granuloma annulare,,False,sunscreen,2025-12,1,1,36,0.00031,0.0,,False,0.387372,unrated
grape seed,grape seed,,False,sunscreen,2025-06,1,1,36,0.0,0.000194,0.0,False,,unrated
graphene quantum dot,graphene quantum dot,,False,sunscreen,2024-05,1,1,36,0.0,0.000262,0.0,False,,unrated
graphitic carbon nitride,graphitic carbon nitride,,False,sunscreen,2026-08,1,1,36,0.0,0.0,,False,,unrated
grassland,grassland,,False,sunscreen,2025-05,1,1,36,0.0,0.000225,0.0,False,,unrated
grazing,grazing,,False,sunscreen,2026-03,1,1,36,0.000297,0.0,,False,0.436275,unrated
grease,grease,,False,sunscreen,2025-07,1,1,36,0.0,0.000189,0.0,False,,unrated
green economy,green economy,,False,sunscreen,2025-04,1,1,36,0.0,0.000218,0.0,False,,unrated
green leaf volatiles,green leaf volatiles,,False,sunscreen,2023-10,1,1,36,0.0,0.000272,0.0,False,,unrated
greenhouse effect,greenhouse effect,,False,sunscreen,2025-01,1,1,36,0.0,0.000102,0.0,False,,unrated
greenwashing,greenwashing,,False,sunscreen,2025-08,1,1,36,0.0,0.000208,0.0,False,,unrated
grinding,grinding,,False,sunscreen,2023-09,1,1,36,0.0,0.000244,0.0,False,,unrated
grism,grism,,False,sunscreen,2025-10,1,1,36,0.000411,0.0,,False,0.289593,unrated
grossular,grossular,,False,sunscreen,2026-06,1,1,36,0.000285,0.0,,False,0.482759,unrated
ground state,ground state,,False,sunscreen,2026-07,1,1,36,0.000269,0.0,,False,0.494083,unrated
ground truth,ground truth,,False,sunscreen,2026-07,1,1,36,0.000269,0.0,,False,0.494083,unrated
groundwater pollution,groundwater pollution,,False,sunscreen,2025-11,1,1,36,0.000392,0.0,,False,0.782328,unrated
groundwater resources,groundwater resources,,False,sunscreen,2025-03,1,1,36,0.0,0.000269,0.0,False,,unrated
group a,group a,,False,sunscreen,2026-02,1,1,36,0.000439,0.0,,False,0.396135,unrated
group counseling,group counseling,,False,sunscreen,2026-01,1,1,36,0.000227,0.0,,False,0.42375,unrated
growth hormone receptor,growth hormone receptor,,False,sunscreen,2025-11,1,1,36,0.000392,0.0,,False,0.359914,unrated
guanine,guanine,,False,sunscreen,2024-02,1,1,36,0.0,0.000344,0.0,False,,unrated
guano,guano,,False,sunscreen,2024-04,1,1,36,0.0,0.000304,0.0,False,,unrated
guanosine,guanosine,,False,sunscreen,2024-05,1,1,36,0.0,0.000262,0.0,False,,unrated
guar gum,guar gum,,False,sunscreen,2026-01,1,1,36,0.000227,0.0,,False,0.42375,unrated
guard cell,guard cell,,False,sunscreen,2025-03,1,1,36,0.0,0.000269,0.0,False,,unrated
gut microbiome,gut microbiome,,False,sunscreen,2025-01,1,1,36,0.0,0.000102,0.0,False,,unrated
gypsum,gypsum,,False,sunscreen,2026-08,1,1,36,0.0,0.0,,False,,unrated
h&e stain,h&e stain,,False,sunscreen,2025-02,1,1,36,0.0,0.000302,0.0,False,,unrated
habitability,habitability,,False,sunscreen,2025-11,1,1,36,0.000392,0.0,,False,0.359914,unrated
hailey–hailey disease,hailey–hailey disease,,False,sunscreen,2024-11,1,1,36,0.0,0.000238,0.0,False,,unrated
hair disease,hair disease,,False,sunscreen,2025-05,1,1,36,0.0,0.000225,0.0,False,,unrated
haloacetic acids,haloacetic acids,,False,sunscreen,2024-02,1,1,36,0.0,0.000344,0.0,False,,unrated
halogenation,halogenation,,False,sunscreen,2026-03,1,1,36,0.000297,0.0,,False,0.436275,unrated
haloxylon ammodendron,haloxylon ammodendron,,False,sunscreen,2026-03,1,1,36,0.000297,0.0,,False,0.436275,unrated
hamiltonian (control theory),hamiltonian (control theory),,False,sunscreen,2024-08,1,1,36,0.0,0.000306,0.0,False,,unrated
hand eczema,hand eczema,,False,sunscreen,2024-03,1,1,36,0.0,0.000306,0.0,False,,unrated
hand washing,hand washing,,False,sunscreen,2024-03,1,1,36,0.0,0.000306,0.0,False,,unrated
hands free,hands free,,False,sunscreen,2025-09,1,1,36,0.000358,0.0,,False,0.698819,unrated
hardness,hardness,,False,sunscreen,2024-05,1,1,36,0.0,0.000262,0.0,False,,unrated
hardwood,hardwood,,False,sunscreen,2025-05,1,1,36,0.0,0.000225,0.0,False,,unrated
harm reduction,harm reduction,,False,sunscreen,2026-02,1,1,36,0.000439,0.0,,False,0.396135,unrated
harvest time,harvest time,,False,sunscreen,2024-12,1,1,36,0.0,0.000206,0.0,False,,unrated
hatchery,hatchery,,False,sunscreen,2024-03,1,1,36,0.0,0.000306,0.0,False,,unrated
haze,haze,,False,sunscreen,2024-07,1,1,36,0.0,0.000283,0.0,False,,unrated
head (geology),head (geology),,False,sunscreen,2024-01,1,1,36,0.0,0.000118,0.0,False,,unrated
head and neck,head and neck,,False,sunscreen,2025-01,1,1,36,0.0,0.000102,0.0,False,,unrated
heading (navigation),heading (navigation),,False,sunscreen,2025-01,1,1,36,0.0,0.000102,0.0,False,,unrated
headset,headset,,False,sunscreen,2024-06,1,1,36,0.0,0.000233,0.0,False,,unrated
health care reform,health care reform,,False,sunscreen,2024-06,1,1,36,0.0,0.000233,0.0,False,,unrated
health claims on food labels,health claims on food labels,,False,sunscreen,2025-09,1,1,36,0.000358,0.0,,False,0.307087,unrated
health information,health information,,False,sunscreen,2023-10,1,1,36,0.0,0.000272,0.0,False,,unrated
health insurance,health insurance,,False,sunscreen,2024-11,1,1,36,0.0,0.000238,0.0,False,,unrated
health science,health science,,False,sunscreen,2024-08,1,1,36,0.0,0.000306,0.0,False,,unrated
health surveillance,health surveillance,,False,sunscreen,2024-07,1,1,36,0.0,0.000283,0.0,False,,unrated
healthcare policy,healthcare policy,,False,sunscreen,2024-06,1,1,36,0.0,0.000233,0.0,False,,unrated
hearing loss,hearing loss,,False,sunscreen,2025-09,1,1,36,0.000358,0.0,,False,0.307087,unrated
heart transplantation,heart transplantation,,False,sunscreen,2026-03,1,1,36,0.000297,0.0,,False,0.436275,unrated
heartbeat,heartbeat,,False,sunscreen,2026-05,1,1,36,0.000334,0.0,,False,0.454044,unrated
heat exhaustion,heat exhaustion,,False,sunscreen,2024-07,1,1,36,0.0,0.000283,0.0,False,,unrated
heat load,heat load,,False,sunscreen,2026-04,1,1,36,0.000371,0.0,,False,0.44898,unrated
heating degree day,heating degree day,,False,sunscreen,2026-01,1,1,36,0.000227,0.0,,False,0.42375,unrated
heatstroke,heatstroke,,False,sunscreen,2024-07,1,1,36,0.0,0.000283,0.0,False,,unrated
heaven,heaven,,False,sunscreen,2024-01,1,1,36,0.0,0.000118,0.0,False,,unrated
hek 293 cells,hek 293 cells,,False,sunscreen,2026-05,1,1,36,0.000334,0.0,,False,0.454044,unrated
hela,hela,,False,sunscreen,2026-01,1,1,36,0.000227,0.0,,False,0.42375,unrated
helix (gastropod),helix (gastropod),,False,sunscreen,2026-07,1,1,36,0.000269,0.0,,False,0.494083,unrated
hematite,hematite,,False,sunscreen,2025-01,1,1,36,0.0,0.000102,0.0,False,,unrated
hematoma,hematoma,,False,sunscreen,2024-01,1,1,36,0.0,0.000118,0.0,False,,unrated
heme oxygenase,heme oxygenase,,False,sunscreen,2025-06,1,1,36,0.0,0.000194,0.0,False,,unrated
hemochromatosis,hemochromatosis,,False,sunscreen,2026-08,1,1,36,0.0,0.0,,False,,unrated
hepatitis b,hepatitis b,,False,sunscreen,2023-11,1,1,36,0.0,0.000285,0.0,False,,unrated
hepatitis c virus,hepatitis c virus,,False,sunscreen,2025-05,1,1,36,0.0,0.000225,0.0,False,,unrated
hepatocellular carcinoma,hepatocellular carcinoma,,False,sunscreen,2026-07,1,1,36,0.000269,0.0,,False,0.494083,unrated
hepatocyte,hepatocyte,,False,sunscreen,2026-07,1,1,36,0.000269,0.0,,False,0.494083,unrated
hepatosplenomegaly,hepatosplenomegaly,,False,sunscreen,2024-05,1,1,36,0.0,0.000262,0.0,False,,unrated
herbal tea,herbal tea,,False,sunscreen,2025-12,1,1,36,0.00031,0.0,,False,0.387372,unrated
hermatypic coral,hermatypic coral,,False,sunscreen,2024-03,1,1,36,0.0,0.000306,0.0,False,,unrated
heterocyst,heterocyst,,False,sunscreen,2025-03,1,1,36,0.0,0.000269,0.0,False,,unrated
heterogeneous catalysis,heterogeneous catalysis,,False,sunscreen,2024-10,1,1,36,0.0,0.000274,0.0,False,,unrated
heterosigma akashiwo,heterosigma akashiwo,,False,sunscreen,2024-02,1,1,36,0.0,0.000344,0.0,False,,unrated
hexagonal crystal system,hexagonal crystal system,,False,sunscreen,2025-09,1,1,36,0.000358,0.0,,False,0.826772,unrated
hexamethyldisiloxane,hexamethyldisiloxane,,False,sunscreen,2024-02,1,1,36,0.0,0.000344,0.0,False,,unrated
hexamethylenetetramine,hexamethylenetetramine,,False,sunscreen,2024-01,1,1,36,0.0,0.000118,0.0,False,,unrated
hexanal,hexanal,,False,sunscreen,2025-08,1,1,36,0.0,0.000208,0.0,False,,unrated
hexavalent chromium,hexavalent chromium,,False,sunscreen,2023-12,1,1,36,0.0,0.000257,0.0,False,,unrated
hide and seek,hide and seek,,False,sunscreen,2025-01,1,1,36,0.0,0.000102,0.0,False,,unrated
high performance thin layer chromatography,high performance thin layer chromatography,,False,sunscreen,2025-02,1,1,36,0.0,0.000302,0.0,False,,unrated
high refractive index polymer,high refractive index polymer,,False,sunscreen,2023-11,1,1,36,0.0,0.000285,0.0,False,,unrated
high resolution,high resolution,,False,sunscreen,2026-05,1,1,36,0.000334,0.0,,False,0.454044,unrated
high throughput screening,high throughput screening,,False,sunscreen,2025-03,1,1,36,0.0,0.000269,0.0,False,,unrated
hindbrain,hindbrain,,False,sunscreen,2025-10,1,1,36,0.000411,0.0,,False,0.771493,unrated
hip fracture,hip fracture,,False,sunscreen,2023-11,1,1,36,0.0,0.000285,0.0,False,,unrated
hippocampus,hippocampus,,False,sunscreen,2024-12,1,1,36,0.0,0.000206,0.0,False,,unrated
hippophae rhamnoides,hippophae rhamnoides,,False,sunscreen,2026-01,1,1,36,0.000227,0.0,,False,0.42375,unrated
hirsutism,hirsutism,,False,sunscreen,2026-02,1,1,36,0.000439,0.0,,False,0.396135,unrated
histamine,histamine,,False,sunscreen,2024-04,1,1,36,0.0,0.000304,0.0,False,,unrated
histogram,histogram,,False,sunscreen,2025-01,1,1,36,0.0,0.000102,0.0,False,,unrated
histone,histone,,False,sunscreen,2026-05,1,1,36,0.000334,0.0,,False,0.454044,unrated
hmgb1,hmgb1,,False,sunscreen,2024-08,1,1,36,0.0,0.000306,0.0,False,,unrated
holy grail,holy grail,,False,sunscreen,2024-05,1,1,36,0.0,0.000262,0.0,False,,unrated
homeopathic medicine,homeopathic medicine,,False,sunscreen,2025-07,1,1,36,0.0,0.000189,0.0,False,,unrated
homogenizer,homogenizer,,False,sunscreen,2026-05,1,1,36,0.000334,0.0,,False,0.454044,unrated
homologous series,homologous series,,False,sunscreen,2026-07,1,1,36,0.000269,0.0,,False,0.494083,unrated
honey bee,honey bee,,False,sunscreen,2024-12,1,1,36,0.0,0.000206,0.0,False,,unrated
hook,hook,,False,sunscreen,2024-10,1,1,36,0.0,0.000274,0.0,False,,unrated
hop (telecommunications),hop (telecommunications),,False,sunscreen,2026-02,1,1,36,0.000439,0.0,,False,0.857488,unrated
hopanoids,hopanoids,,False,sunscreen,2026-04,1,1,36,0.000371,0.0,,False,0.44898,unrated
horizon,horizon,,False,sunscreen,2023-09,1,1,36,0.0,0.000244,0.0,False,,unrated
horizontal gene transfer,horizontal gene transfer,,False,sunscreen,2026-04,1,1,36,0.000371,0.0,,False,0.981633,unrated
hormesis,hormesis,,False,sunscreen,2024-09,1,1,36,0.0,0.000239,0.0,False,,unrated
hormonal contraception,hormonal contraception,,False,sunscreen,2026-04,1,1,36,0.000371,0.0,,False,0.44898,unrated
hormone replacement therapy (female to male),hormone replacement therapy (female to male),,False,sunscreen,2026-01,1,1,36,0.000227,0.0,,False,0.89375,unrated
horseshoe crab,horseshoe crab,,False,sunscreen,2026-08,1,1,36,0.0,0.0,,False,,unrated
host (biology),host (biology),,False,sunscreen,2025-07,1,1,36,0.0,0.000189,0.0,False,,unrated
hot spring,hot spring,,False,sunscreen,2025-12,1,1,36,0.00031,0.0,,False,0.829352,unrated
house of quality,house of quality,,False,sunscreen,2025-06,1,1,36,0.0,0.000194,0.0,False,,unrated
household hazardous waste,household hazardous waste,,False,sunscreen,2026-07,1,1,36,0.000269,0.0,,False,0.494083,unrated
household income,household income,,False,sunscreen,2024-05,1,1,36,0.0,0.000262,0.0,False,,unrated
hum,hum,,False,sunscreen,2025-09,1,1,36,0.000358,0.0,,False,0.826772,unrated
human blood,human blood,,False,sunscreen,2025-01,1,1,36,0.0,0.000102,0.0,False,,unrated
human evolutionary genetics,human evolutionary genetics,,False,sunscreen,2025-08,1,1,36,0.0,0.000208,0.0,False,,unrated
human eye,human eye,,False,sunscreen,2025-12,1,1,36,0.00031,0.0,,False,0.959044,unrated
human insulin,human insulin,,False,sunscreen,2026-07,1,1,36,0.000269,0.0,,False,0.494083,unrated
human microbiome project,human microbiome project,,False,sunscreen,2025-12,1,1,36,0.00031,0.0,,False,0.387372,unrated
human nutrition,human nutrition,,False,sunscreen,2026-02,1,1,36,0.000439,0.0,,False,0.857488,unrated
human pathogen,human pathogen,,False,sunscreen,2024-03,1,1,36,0.0,0.000306,0.0,False,,unrated
human physical appearance,human physical appearance,,False,sunscreen,2026-06,1,1,36,0.000285,0.0,,False,0.482759,unrated
human placenta,human placenta,,False,sunscreen,2026-01,1,1,36,0.000227,0.0,,False,0.42375,unrated
human plasma,human plasma,,False,sunscreen,2026-02,1,1,36,0.000439,0.0,,False,0.857488,unrated
human reproduction,human reproduction,,False,sunscreen,2025-09,1,1,36,0.000358,0.0,,False,0.307087,unrated
humoral immunity,humoral immunity,,False,sunscreen,2024-07,1,1,36,0.0,0.000283,0.0,False,,unrated
hurst exponent,hurst exponent,,False,sunscreen,2025-01,1,1,36,0.0,0.000102,0.0,False,,unrated
hvac,hvac,,False,sunscreen,2026-01,1,1,36,0.000227,0.0,,False,0.42375,unrated
hyalella azteca,hyalella azteca,,False,sunscreen,2025-04,1,1,36,0.0,0.000218,0.0,False,,unrated
hybrid solar cell,hybrid solar cell,,False,sunscreen,2026-07,1,1,36,0.000269,0.0,,False,0.494083,unrated
hydrogen production,hydrogen production,,False,sunscreen,2026-08,1,1,36,0.0,0.0,,False,,unrated
hydrogen storage,hydrogen storage,,False,sunscreen,2026-05,1,1,36,0.000334,0.0,,False,0.952206,unrated
hydronium,hydronium,,False,sunscreen,2024-08,1,1,36,0.0,0.000306,0.0,False,,unrated
hydrophilic interaction chromatography,hydrophilic interaction chromatography,,False,sunscreen,2025-09,1,1,36,0.000358,0.0,,False,0.826772,unrated
hydrophobe,hydrophobe,,False,sunscreen,2025-11,1,1,36,0.000392,0.0,,False,0.978448,unrated
hydrophobic effect,hydrophobic effect,,False,sunscreen,2026-02,1,1,36,0.000439,0.0,,False,0.939614,unrated
hydroponics,hydroponics,,False,sunscreen,2024-05,1,1,36,0.0,0.000262,0.0,False,,unrated
hydrotalcite,hydrotalcite,,False,sunscreen,2023-12,1,1,36,0.0,0.000257,0.0,False,,unrated
hydroxybenzoic acid,hydroxybenzoic acid,,False,sunscreen,2023-11,1,1,36,0.0,0.000285,0.0,False,,unrated
hydroxyethyl cellulose,hydroxyethyl cellulose,,False,sunscreen,2024-12,1,1,36,0.0,0.000206,0.0,False,,unrated
hydroxylation,hydroxylation,,False,sunscreen,2025-08,1,1,36,0.0,0.000208,0.0,False,,unrated
hydroxymethyl,hydroxymethyl,,False,sunscreen,2025-05,1,1,36,0.0,0.000225,0.0,False,,unrated
hydroxysteroid dehydrogenases,hydroxysteroid dehydrogenases,,False,sunscreen,2024-11,1,1,36,0.0,0.000238,0.0,False,,unrated
hyperaccumulator,hyperaccumulator,,False,sunscreen,2025-07,1,1,36,0.0,0.000189,0.0,False,,unrated
hyperandrogenism,hyperandrogenism,,False,sunscreen,2025-10,1,1,36,0.000411,0.0,,False,0.911765,unrated
hyperfine structure,hyperfine structure,,False,sunscreen,2026-06,1,1,36,0.000285,0.0,,False,0.482759,unrated
hypericum perforatum,hypericum perforatum,,False,sunscreen,2026-03,1,1,36,0.000297,0.0,,False,0.436275,unrated
hypersensitivity pneumonitis,hypersensitivity pneumonitis,,False,sunscreen,2025-06,1,1,36,0.0,0.000194,0.0,False,,unrated
hypochlorite,hypochlorite,,False,sunscreen,2025-07,1,1,36,0.0,0.000189,0.0,False,,unrated
hypothalamic–pituitary–gonadal axis,hypothalamic–pituitary–gonadal axis,,False,sunscreen,2023-11,1,1,36,0.0,0.000285,0.0,False,,unrated
hysplit,hysplit,,False,sunscreen,2023-11,1,1,36,0.0,0.000285,0.0,False,,unrated
hystrix,hystrix,,False,sunscreen,2025-01,1,1,36,0.0,0.000102,0.0,False,,unrated
ibm,ibm,,False,sunscreen,2025-12,1,1,36,0.00031,0.0,,False,0.387372,unrated
icts,icts,,False,sunscreen,2025-10,1,1,36,0.000411,0.0,,False,0.289593,unrated
ideal (ethics),ideal (ethics),,False,sunscreen,2025-09,1,1,36,0.000358,0.0,,False,0.307087,unrated
ignition system,ignition system,,False,sunscreen,2026-01,1,1,36,0.000227,0.0,,False,0.42375,unrated
illite,illite,,False,sunscreen,2023-10,1,1,36,0.0,0.000272,0.0,False,,unrated
ilmenite,ilmenite,,False,sunscreen,2025-12,1,1,36,0.00031,0.0,,False,0.387372,unrated
image (mathematics),image (mathematics),,False,sunscreen,2025-11,1,1,36,0.000392,0.0,,False,0.359914,unrated
image matching,image matching,,False,sunscreen,2025-11,1,1,36,0.000392,0.0,,False,0.359914,unrated
image sensor,image sensor,,False,sunscreen,2023-11,1,1,36,0.0,0.000285,0.0,False,,unrated
imaging phantom,imaging phantom,,False,sunscreen,2026-07,1,1,36,0.000269,0.0,,False,0.494083,unrated
imaging science,imaging science,,False,sunscreen,2023-11,1,1,36,0.0,0.000285,0.0,False,,unrated
imatinib,imatinib,,False,sunscreen,2024-05,1,1,36,0.0,0.000262,0.0,False,,unrated
imatinib mesylate,imatinib mesylate,,False,sunscreen,2024-05,1,1,36,0.0,0.000262,0.0,False,,unrated
immunity,immunity,,False,sunscreen,2024-07,1,1,36,0.0,0.000283,0.0,False,,unrated
immunodeficiency,immunodeficiency,,False,sunscreen,2025-10,1,1,36,0.000411,0.0,,False,0.289593,unrated
immunofluorescence,immunofluorescence,,False,sunscreen,2024-10,1,1,36,0.0,0.000274,0.0,False,,unrated
immunogenetics,immunogenetics,,False,sunscreen,2025-10,1,1,36,0.000411,0.0,,False,0.289593,unrated
immunostimulant,immunostimulant,,False,sunscreen,2024-07,1,1,36,0.0,0.000283,0.0,False,,unrated
impatiens,impatiens,,False,sunscreen,2025-03,1,1,36,0.0,0.000269,0.0,False,,unrated
implicit solvation,implicit solvation,,False,sunscreen,2025-06,1,1,36,0.0,0.000194,0.0,False,,unrated
impulse (physics),impulse (physics),,False,sunscreen,2026-02,1,1,36,0.000439,0.0,,False,0.396135,unrated
in utero,in utero,,False,sunscreen,2025-03,1,1,36,0.0,0.000269,0.0,False,,unrated
in vitro fertilisation,in vitro fertilisation,,False,sunscreen,2026-03,1,1,36,0.000297,0.0,,False,0.436275,unrated
incense,incense,,False,sunscreen,2026-01,1,1,36,0.000227,0.0,,False,0.42375,unrated
inclusion compound,inclusion compound,,False,sunscreen,2023-12,1,1,36,0.0,0.000257,0.0,False,,unrated
incubation,incubation,,False,sunscreen,2026-01,1,1,36,0.000227,0.0,,False,0.42375,unrated
indel,indel,,False,sunscreen,2024-04,1,1,36,0.0,0.000304,0.0,False,,unrated
indian ocean,indian ocean,,False,sunscreen,2026-04,1,1,36,0.000371,0.0,,False,0.44898,unrated
indirect immunofluorescence,indirect immunofluorescence,,False,sunscreen,2025-08,1,1,36,0.0,0.000208,0.0,False,,unrated
induced pluripotent stem cell,induced pluripotent stem cell,,False,sunscreen,2025-04,1,1,36,0.0,0.000218,0.0,False,,unrated
inductively coupled plasma atomic emission spectroscopy,inductively coupled plasma atomic emission spectroscopy,,False,sunscreen,2026-07,1,1,36,0.000269,0.0,,False,0.494083,unrated
industrial waste,industrial waste,,False,sunscreen,2026-05,1,1,36,0.000334,0.0,,False,0.454044,unrated
industrialisation,industrialisation,,False,sunscreen,2024-01,1,1,36,0.0,0.000118,0.0,False,,unrated
infection control,infection control,,False,sunscreen,2024-12,1,1,36,0.0,0.000206,0.0,False,,unrated
infection risk,infection risk,,False,sunscreen,2026-01,1,1,36,0.000227,0.0,,False,0.42375,unrated
inference,inference,,False,sunscreen,2025-10,1,1,36,0.000411,0.0,,False,0.977376,unrated
inflammatory response,inflammatory response,,False,sunscreen,2024-07,1,1,36,0.0,0.000283,0.0,False,,unrated
infliximab,infliximab,,False,sunscreen,2023-10,1,1,36,0.0,0.000272,0.0,False,,unrated
inflorescence,inflorescence,,False,sunscreen,2025-11,1,1,36,0.000392,0.0,,False,0.359914,unrated
infographic,infographic,,False,sunscreen,2025-03,1,1,36,0.0,0.000269,0.0,False,,unrated
informatics engineering,informatics engineering,,False,sunscreen,2026-05,1,1,36,0.000334,0.0,,False,0.454044,unrated
information overload,information overload,,False,sunscreen,2026-06,1,1,36,0.000285,0.0,,False,0.482759,unrated
information seeking,information seeking,,False,sunscreen,2025-02,1,1,36,0.0,0.000302,0.0,False,,unrated
innate immune system,innate immune system,,False,sunscreen,2026-04,1,1,36,0.000371,0.0,,False,0.44898,unrated
inonotus obliquus,inonotus obliquus,,False,sunscreen,2026-05,1,1,36,0.000334,0.0,,False,0.952206,unrated
instrumentation (computer programming),instrumentation (computer programming),,False,sunscreen,2026-07,1,1,36,0.000269,0.0,,False,0.494083,unrated
insulin receptor,insulin receptor,,False,sunscreen,2025-11,1,1,36,0.000392,0.0,,False,0.928879,unrated
insulin resistance,insulin resistance,,False,sunscreen,2023-10,1,1,36,0.0,0.000272,0.0,False,,unrated
integrated design,integrated design,,False,sunscreen,2024-11,1,1,36,0.0,0.000238,0.0,False,,unrated
integrated optics,integrated optics,,False,sunscreen,2026-06,1,1,36,0.000285,0.0,,False,0.482759,unrated
integrating sphere,integrating sphere,,False,sunscreen,2023-09,1,1,36,0.0,0.000244,0.0,False,,unrated
integument,integument,,False,sunscreen,2026-08,1,1,36,0.0,0.0,,False,,unrated
intelligence quotient,intelligence quotient,,False,sunscreen,2025-12,1,1,36,0.00031,0.0,,False,0.829352,unrated
intelligent sensor,intelligent sensor,,False,sunscreen,2026-03,1,1,36,0.000297,0.0,,False,0.436275,unrated
intention to treat analysis,intention to treat analysis,,False,sunscreen,2025-09,1,1,36,0.000358,0.0,,False,0.307087,unrated
interaction energy,interaction energy,,False,sunscreen,2025-08,1,1,36,0.0,0.000208,0.0,False,,unrated
interactome,interactome,,False,sunscreen,2025-12,1,1,36,0.00031,0.0,,False,0.387372,unrated
intercalation (chemistry),intercalation (chemistry),,False,sunscreen,2025-11,1,1,36,0.000392,0.0,,False,0.359914,unrated
interception,interception,,False,sunscreen,2025-01,1,1,36,0.0,0.000102,0.0,False,,unrated
intermolecular force,intermolecular force,,False,sunscreen,2026-01,1,1,36,0.000227,0.0,,False,0.42375,unrated
internal consistency,internal consistency,,False,sunscreen,2026-06,1,1,36,0.000285,0.0,,False,0.482759,unrated
internal standard,internal standard,,False,sunscreen,2026-03,1,1,36,0.000297,0.0,,False,0.436275,unrated
international agency,international agency,,False,sunscreen,2024-05,1,1,36,0.0,0.000262,0.0,False,,unrated
"international classification of functioning, disability and health","international classification of functioning, disability and health",,False,sunscreen,2024-04,1,1,36,0.0,0.000304,0.0,False,,unrated
international journal of pharma and bio sciences,international journal of pharma and bio sciences,,False,sunscreen,2024-11,1,1,36,0.0,0.000238,0.0,False,,unrated
interpretability,interpretability,,False,sunscreen,2026-01,1,1,36,0.000227,0.0,,False,0.89375,unrated
interquartile range,interquartile range,,False,sunscreen,2024-08,1,1,36,0.0,0.000306,0.0,False,,unrated
intersection (aeronautics),intersection (aeronautics),,False,sunscreen,2026-02,1,1,36,0.000439,0.0,,False,0.939614,unrated
interview,interview,,False,sunscreen,2024-05,1,1,36,0.0,0.000262,0.0,False,,unrated
intraocular lens,intraocular lens,,False,sunscreen,2025-10,1,1,36,0.000411,0.0,,False,0.649321,unrated
introduced species,introduced species,,False,sunscreen,2023-09,1,1,36,0.0,0.000244,0.0,False,,unrated
introgression,introgression,,False,sunscreen,2026-03,1,1,36,0.000297,0.0,,False,0.436275,unrated
invertase,invertase,,False,sunscreen,2023-10,1,1,36,0.0,0.000272,0.0,False,,unrated
involucrin,involucrin,,False,sunscreen,2023-11,1,1,36,0.0,0.000285,0.0,False,,unrated
involution (esoterism),involution (esoterism),,False,sunscreen,2025-10,1,1,36,0.000411,0.0,,False,0.289593,unrated
iodine value,iodine value,,False,sunscreen,2025-10,1,1,36,0.000411,0.0,,False,0.289593,unrated
ion exchange,ion exchange,,False,sunscreen,2023-09,1,1,36,0.0,0.000244,0.0,False,,unrated
ionone,ionone,,False,sunscreen,2025-02,1,1,36,0.0,0.000302,0.0,False,,unrated
ionophore,ionophore,,False,sunscreen,2024-08,1,1,36,0.0,0.000306,0.0,False,,unrated
iron oxide,iron oxide,,False,sunscreen,2026-04,1,1,36,0.000371,0.0,,False,0.44898,unrated
ishikawa diagram,ishikawa diagram,,False,sunscreen,2025-04,1,1,36,0.0,0.000218,0.0,False,,unrated
isochrysis galbana,isochrysis galbana,,False,sunscreen,2025-06,1,1,36,0.0,0.000194,0.0,False,,unrated
isocoumarins,isocoumarins,,False,sunscreen,2026-07,1,1,36,0.000269,0.0,,False,0.494083,unrated
isocyanate,isocyanate,,False,sunscreen,2023-09,1,1,36,0.0,0.000244,0.0,False,,unrated
isoflavones,isoflavones,,False,sunscreen,2024-02,1,1,36,0.0,0.000344,0.0,False,,unrated
isoliquiritigenin,isoliquiritigenin,,False,sunscreen,2024-02,1,1,36,0.0,0.000344,0.0,False,,unrated
isomerase,isomerase,,False,sunscreen,2025-04,1,1,36,0.0,0.000218,0.0,False,,unrated
isophorone diisocyanate,isophorone diisocyanate,,False,sunscreen,2024-05,1,1,36,0.0,0.000262,0.0,False,,unrated
isothiocyanate,isothiocyanate,,False,sunscreen,2026-04,1,1,36,0.000371,0.0,,False,0.44898,unrated
isotope,isotope,,False,sunscreen,2025-09,1,1,36,0.000358,0.0,,False,0.307087,unrated
isotropy,isotropy,,False,sunscreen,2025-03,1,1,36,0.0,0.000269,0.0,False,,unrated
isozyme,isozyme,,False,sunscreen,2025-01,1,1,36,0.0,0.000102,0.0,False,,unrated
janus kinase inhibitor,janus kinase inhibitor,,False,sunscreen,2026-01,1,1,36,0.000227,0.0,,False,0.42375,unrated
jasmonate,jasmonate,,False,sunscreen,2026-05,1,1,36,0.000334,0.0,,False,0.952206,unrated
jatropha,jatropha,,False,sunscreen,2024-07,1,1,36,0.0,0.000283,0.0,False,,unrated
jatropha curcas,jatropha curcas,,False,sunscreen,2024-07,1,1,36,0.0,0.000283,0.0,False,,unrated
jetty,jetty,,False,sunscreen,2024-03,1,1,36,0.0,0.000306,0.0,False,,unrated
joint (building),joint (building),,False,sunscreen,2025-01,1,1,36,0.0,0.000102,0.0,False,,unrated
joule heating,joule heating,,False,sunscreen,2024-12,1,1,36,0.0,0.000206,0.0,False,,unrated
judgement,judgement,,False,sunscreen,2025-06,1,1,36,0.0,0.000194,0.0,False,,unrated
jupiter (rocket family),jupiter (rocket family),,False,sunscreen,2025-03,1,1,36,0.0,0.000269,0.0,False,,unrated
kalanchoe,kalanchoe,,False,sunscreen,2025-02,1,1,36,0.0,0.000302,0.0,False,,unrated
kandelia candel,kandelia candel,,False,sunscreen,2026-01,1,1,36,0.000227,0.0,,False,0.42375,unrated
keloid,keloid,,False,sunscreen,2026-06,1,1,36,0.000285,0.0,,False,0.482759,unrated
kelp,kelp,,False,sunscreen,2024-06,1,1,36,0.0,0.000233,0.0,False,,unrated
kelvin probe force microscope,kelvin probe force microscope,,False,sunscreen,2026-03,1,1,36,0.000297,0.0,,False,0.436275,unrated
ketoconazole,ketoconazole,,False,sunscreen,2025-12,1,1,36,0.00031,0.0,,False,0.387372,unrated
ketone,ketone,,False,sunscreen,2024-01,1,1,36,0.0,0.000118,0.0,False,,unrated
ketotifen,ketotifen,,False,sunscreen,2026-04,1,1,36,0.000371,0.0,,False,0.44898,unrated
keto–enol tautomerism,keto–enol tautomerism,,False,sunscreen,2024-04,1,1,36,0.0,0.000304,0.0,False,,unrated
keystone species,keystone species,,False,sunscreen,2025-03,1,1,36,0.0,0.000269,0.0,False,,unrated
keyword search,keyword search,,False,sunscreen,2025-12,1,1,36,0.00031,0.0,,False,0.387372,unrated
kidney cancer,kidney cancer,,False,sunscreen,2024-05,1,1,36,0.0,0.000262,0.0,False,,unrated
knowledge management,knowledge management,,False,sunscreen,2024-11,1,1,36,0.0,0.000238,0.0,False,,unrated
lacquer,lacquer,,False,sunscreen,2026-02,1,1,36,0.000439,0.0,,False,0.396135,unrated
lactate dehydrogenase,lactate dehydrogenase,,False,sunscreen,2026-07,1,1,36,0.000269,0.0,,False,0.494083,unrated
lactation,lactation,,False,sunscreen,2025-10,1,1,36,0.000411,0.0,,False,0.289593,unrated
lactobacillus fermentum,lactobacillus fermentum,,False,sunscreen,2024-09,1,1,36,0.0,0.000239,0.0,False,,unrated
lactone,lactone,,False,sunscreen,2025-05,1,1,36,0.0,0.000225,0.0,False,,unrated
lactose,lactose,,False,sunscreen,2025-05,1,1,36,0.0,0.000225,0.0,False,,unrated
lamellar structure,lamellar structure,,False,sunscreen,2025-09,1,1,36,0.000358,0.0,,False,0.826772,unrated
laminar flow,laminar flow,,False,sunscreen,2023-12,1,1,36,0.0,0.000257,0.0,False,,unrated
laminaria,laminaria,,False,sunscreen,2024-06,1,1,36,0.0,0.000233,0.0,False,,unrated
laminaria digitata,laminaria digitata,,False,sunscreen,2024-06,1,1,36,0.0,0.000233,0.0,False,,unrated
laminarin,laminarin,,False,sunscreen,2025-10,1,1,36,0.000411,0.0,,False,0.289593,unrated
langhans giant cell,langhans giant cell,,False,sunscreen,2025-12,1,1,36,0.00031,0.0,,False,0.387372,unrated
larch,larch,,False,sunscreen,2026-07,1,1,36,0.000269,0.0,,False,0.494083,unrated
larus,larus,,False,sunscreen,2025-06,1,1,36,0.0,0.000194,0.0,False,,unrated
laser light,laser light,,False,sunscreen,2025-09,1,1,36,0.000358,0.0,,False,0.307087,unrated
laser surgery,laser surgery,,False,sunscreen,2026-05,1,1,36,0.000334,0.0,,False,0.454044,unrated
latent class model,latent class model,,False,sunscreen,2023-09,1,1,36,0.0,0.000244,0.0,False,,unrated
lauraceae,lauraceae,,False,sunscreen,2025-05,1,1,36,0.0,0.000225,0.0,False,,unrated
lawn,lawn,,False,sunscreen,2025-04,1,1,36,0.0,0.000218,0.0,False,,unrated
lawsonia inermis,lawsonia inermis,,False,sunscreen,2026-05,1,1,36,0.000334,0.0,,False,0.454044,unrated
lead (geology),lead (geology),,False,sunscreen,2026-06,1,1,36,0.000285,0.0,,False,0.482759,unrated
lees,lees,,False,sunscreen,2025-10,1,1,36,0.000411,0.0,,False,0.289593,unrated
legitimation,legitimation,,False,sunscreen,2026-04,1,1,36,0.000371,0.0,,False,0.44898,unrated
leiomyosarcoma,leiomyosarcoma,,False,sunscreen,2023-09,1,1,36,0.0,0.000244,0.0,False,,unrated
lentinula,lentinula,,False,sunscreen,2025-02,1,1,36,0.0,0.000302,0.0,False,,unrated
lepidoptera genitalia,lepidoptera genitalia,,False,sunscreen,2025-01,1,1,36,0.0,0.000102,0.0,False,,unrated
leptin,leptin,,False,sunscreen,2025-12,1,1,36,0.00031,0.0,,False,0.912969,unrated
lewis acids and bases,lewis acids and bases,,False,sunscreen,2024-02,1,1,36,0.0,0.000344,0.0,False,,unrated
lewis number,lewis number,,False,sunscreen,2026-03,1,1,36,0.000297,0.0,,False,0.436275,unrated
lexicon,lexicon,,False,sunscreen,2026-07,1,1,36,0.000269,0.0,,False,0.494083,unrated
leydig cell,leydig cell,,False,sunscreen,2026-07,1,1,36,0.000269,0.0,,False,0.494083,unrated
liability,liability,,False,sunscreen,2024-07,1,1,36,0.0,0.000283,0.0,False,,unrated
liberian dollar,liberian dollar,,False,sunscreen,2024-02,1,1,36,0.0,0.000344,0.0,False,,unrated
life expectancy,life expectancy,,False,sunscreen,2025-06,1,1,36,0.0,0.000194,0.0,False,,unrated
life history,life history,,False,sunscreen,2025-01,1,1,36,0.0,0.000102,0.0,False,,unrated
lifeworld,lifeworld,,False,sunscreen,2026-03,1,1,36,0.000297,0.0,,False,0.436275,unrated
lift (data mining),lift (data mining),,False,sunscreen,2024-06,1,1,36,0.0,0.000233,0.0,False,,unrated
light scattering,light scattering,,False,sunscreen,2024-06,1,1,36,0.0,0.000233,0.0,False,,unrated
light sensitivity,light sensitivity,,False,sunscreen,2026-05,1,1,36,0.000334,0.0,,False,0.454044,unrated
light source,light source,,False,sunscreen,2026-07,1,1,36,0.000269,0.0,,False,0.494083,unrated
lightness,lightness,,False,sunscreen,2024-01,1,1,36,0.0,0.000118,0.0,False,,unrated
lignan,lignan,,False,sunscreen,2025-12,1,1,36,0.00031,0.0,,False,0.387372,unrated
liliaceae,liliaceae,,False,sunscreen,2026-05,1,1,36,0.000334,0.0,,False,0.454044,unrated
limit (mathematics),limit (mathematics),,False,sunscreen,2026-07,1,1,36,0.000269,0.0,,False,0.494083,unrated
limonene,limonene,,False,sunscreen,2024-01,1,1,36,0.0,0.000118,0.0,False,,unrated
limpet,limpet,,False,sunscreen,2025-09,1,1,36,0.000358,0.0,,False,0.895669,unrated
line (geometry),line (geometry),,False,sunscreen,2026-01,1,1,36,0.000227,0.0,,False,0.42375,unrated
linearity,linearity,,False,sunscreen,2025-07,1,1,36,0.0,0.000189,0.0,False,,unrated
link (geometry),link (geometry),,False,sunscreen,2024-03,1,1,36,0.0,0.000306,0.0,False,,unrated
linker,linker,,False,sunscreen,2025-09,1,1,36,0.000358,0.0,,False,0.826772,unrated
linseed oil,linseed oil,,False,sunscreen,2025-06,1,1,36,0.0,0.000194,0.0,False,,unrated
lipase,lipase,,False,sunscreen,2026-04,1,1,36,0.000371,0.0,,False,0.44898,unrated
lipid accumulation,lipid accumulation,,False,sunscreen,2025-01,1,1,36,0.0,0.000102,0.0,False,,unrated
lipid emulsion,lipid emulsion,,False,sunscreen,2026-01,1,1,36,0.000227,0.0,,False,0.42375,unrated
lipid raft,lipid raft,,False,sunscreen,2025-12,1,1,36,0.00031,0.0,,False,0.829352,unrated
lipinski's rule of five,lipinski's rule of five,,False,sunscreen,2024-12,1,1,36,0.0,0.000206,0.0,False,,unrated
lipoic acid,lipoic acid,,False,sunscreen,2023-09,1,1,36,0.0,0.000244,0.0,False,,unrated
lipopeptide,lipopeptide,,False,sunscreen,2025-08,1,1,36,0.0,0.000208,0.0,False,,unrated
lipotoxicity,lipotoxicity,,False,sunscreen,2025-10,1,1,36,0.000411,0.0,,False,0.289593,unrated
liquid crystal,liquid crystal,,False,sunscreen,2024-06,1,1,36,0.0,0.000233,0.0,False,,unrated
liquid liquid,liquid liquid,,False,sunscreen,2024-06,1,1,36,0.0,0.000233,0.0,False,,unrated
liquidambar styraciflua,liquidambar styraciflua,,False,sunscreen,2025-07,1,1,36,0.0,0.000189,0.0,False,,unrated
liquid–liquid extraction,liquid–liquid extraction,,False,sunscreen,2023-09,1,1,36,0.0,0.000244,0.0,False,,unrated
live streaming,live streaming,,False,sunscreen,2025-11,1,1,36,0.000392,0.0,,False,0.359914,unrated
liver cancer,liver cancer,,False,sunscreen,2026-07,1,1,36,0.000269,0.0,,False,0.494083,unrated
liver injury,liver injury,,False,sunscreen,2024-02,1,1,36,0.0,0.000344,0.0,False,,unrated
livestock,livestock,,False,sunscreen,2024-08,1,1,36,0.0,0.000306,0.0,False,,unrated
local density approximation,local density approximation,,False,sunscreen,2025-10,1,1,36,0.000411,0.0,,False,0.289593,unrated
local lymph node assay,local lymph node assay,,False,sunscreen,2026-01,1,1,36,0.000227,0.0,,False,0.42375,unrated
locus (genetics),locus (genetics),,False,sunscreen,2023-09,1,1,36,0.0,0.000244,0.0,False,,unrated
locus of control,locus of control,,False,sunscreen,2025-01,1,1,36,0.0,0.000102,0.0,False,,unrated
loess plateau,loess plateau,,False,sunscreen,2025-09,1,1,36,0.000358,0.0,,False,0.826772,unrated
logit,logit,,False,sunscreen,2026-07,1,1,36,0.000269,0.0,,False,0.494083,unrated
long distance runners,long distance runners,,False,sunscreen,2024-12,1,1,36,0.0,0.000206,0.0,False,,unrated
loop (graph theory),loop (graph theory),,False,sunscreen,2024-08,1,1,36,0.0,0.000306,0.0,False,,unrated
low and middle income countries,low and middle income countries,,False,sunscreen,2023-09,1,1,36,0.0,0.000244,0.0,False,,unrated
low back pain,low back pain,,False,sunscreen,2026-01,1,1,36,0.000227,0.0,,False,0.42375,unrated
low birth weight,low birth weight,,False,sunscreen,2024-12,1,1,36,0.0,0.000206,0.0,False,,unrated
low earth orbit,low earth orbit,,False,sunscreen,2025-11,1,1,36,0.000392,0.0,,False,0.359914,unrated
lower body,lower body,,False,sunscreen,2026-04,1,1,36,0.000371,0.0,,False,0.934694,unrated
lower lip,lower lip,,False,sunscreen,2025-11,1,1,36,0.000392,0.0,,False,0.359914,unrated
lubricant,lubricant,,False,sunscreen,2025-06,1,1,36,0.0,0.000194,0.0,False,,unrated
lubrication,lubrication,,False,sunscreen,2025-09,1,1,36,0.000358,0.0,,False,0.698819,unrated
lumbar,lumbar,,False,sunscreen,2026-01,1,1,36,0.000227,0.0,,False,0.42375,unrated
lumen (anatomy),lumen (anatomy),,False,sunscreen,2024-11,1,1,36,0.0,0.000238,0.0,False,,unrated
luminescent bacteria,luminescent bacteria,,False,sunscreen,2024-10,1,1,36,0.0,0.000274,0.0,False,,unrated
luminol,luminol,,False,sunscreen,2025-01,1,1,36,0.0,0.000102,0.0,False,,unrated
lumpectomy,lumpectomy,,False,sunscreen,2025-11,1,1,36,0.000392,0.0,,False,0.359914,unrated
lung disease,lung disease,,False,sunscreen,2026-05,1,1,36,0.000334,0.0,,False,0.454044,unrated
lupus nephritis,lupus nephritis,,False,sunscreen,2025-06,1,1,36,0.0,0.000194,0.0,False,,unrated
luteinizing hormone,luteinizing hormone,,False,sunscreen,2023-11,1,1,36,0.0,0.000285,0.0,False,,unrated
lymnaea stagnalis,lymnaea stagnalis,,False,sunscreen,2023-09,1,1,36,0.0,0.000244,0.0,False,,unrated
lymphatic system,lymphatic system,,False,sunscreen,2026-08,1,1,36,0.0,0.0,,False,,unrated
lymphoproliferative disorders,lymphoproliferative disorders,,False,sunscreen,2025-03,1,1,36,0.0,0.000269,0.0,False,,unrated
lyngbya,lyngbya,,False,sunscreen,2024-11,1,1,36,0.0,0.000238,0.0,False,,unrated
lysimeter,lysimeter,,False,sunscreen,2024-11,1,1,36,0.0,0.000238,0.0,False,,unrated
lysine,lysine,,False,sunscreen,2024-06,1,1,36,0.0,0.000233,0.0,False,,unrated
lysis,lysis,,False,sunscreen,2023-10,1,1,36,0.0,0.000272,0.0,False,,unrated
lysosome,lysosome,,False,sunscreen,2024-06,1,1,36,0.0,0.000233,0.0,False,,unrated
lytechinus variegatus,lytechinus variegatus,,False,sunscreen,2026-01,1,1,36,0.000227,0.0,,False,0.42375,unrated
macaque,macaque,,False,sunscreen,2024-11,1,1,36,0.0,0.000238,0.0,False,,unrated
macro,macro,,False,sunscreen,2025-04,1,1,36,0.0,0.000218,0.0,False,,unrated
macromolecule,macromolecule,,False,sunscreen,2025-11,1,1,36,0.000392,0.0,,False,0.952586,unrated
macrophage activation syndrome,macrophage activation syndrome,,False,sunscreen,2026-05,1,1,36,0.000334,0.0,,False,0.454044,unrated
macular dystrophy,macular dystrophy,,False,sunscreen,2026-01,1,1,36,0.000227,0.0,,False,0.42375,unrated
maculopapular rash,maculopapular rash,,False,sunscreen,2025-09,1,1,36,0.000358,0.0,,False,0.698819,unrated
magenta,magenta,,False,sunscreen,2023-12,1,1,36,0.0,0.000257,0.0,False,,unrated
magma,magma,,False,sunscreen,2025-05,1,1,36,0.0,0.000225,0.0,False,,unrated
magnesium diboride,magnesium diboride,,False,sunscreen,2024-09,1,1,36,0.0,0.000239,0.0,False,,unrated
magnetar,magnetar,,False,sunscreen,2023-09,1,1,36,0.0,0.000244,0.0,False,,unrated
magnetic moment,magnetic moment,,False,sunscreen,2025-01,1,1,36,0.0,0.000102,0.0,False,,unrated
magnetic reconnection,magnetic reconnection,,False,sunscreen,2025-09,1,1,36,0.000358,0.0,,False,0.698819,unrated
magnetic resonance imaging,magnetic resonance imaging,,False,sunscreen,2025-11,1,1,36,0.000392,0.0,,False,0.359914,unrated
magnetohydrodynamic drive,magnetohydrodynamic drive,,False,sunscreen,2026-03,1,1,36,0.000297,0.0,,False,0.436275,unrated
magnetohydrodynamics,magnetohydrodynamics,,False,sunscreen,2026-03,1,1,36,0.000297,0.0,,False,0.436275,unrated
magnolia officinalis,magnolia officinalis,,False,sunscreen,2024-11,1,1,36,0.0,0.000238,0.0,False,,unrated
magnoliaceae,magnoliaceae,,False,sunscreen,2024-11,1,1,36,0.0,0.000238,0.0,False,,unrated
magnolol,magnolol,,False,sunscreen,2024-11,1,1,36,0.0,0.000238,0.0,False,,unrated
mainland,mainland,,False,sunscreen,2025-10,1,1,36,0.000411,0.0,,False,0.289593,unrated
mains electricity,mains electricity,,False,sunscreen,2026-01,1,1,36,0.000227,0.0,,False,0.42375,unrated
mainstream,mainstream,,False,sunscreen,2023-10,1,1,36,0.0,0.000272,0.0,False,,unrated
maintenance of certification,maintenance of certification,,False,sunscreen,2023-11,1,1,36,0.0,0.000285,0.0,False,,unrated
maintenance therapy,maintenance therapy,,False,sunscreen,2023-11,1,1,36,0.0,0.000285,0.0,False,,unrated
malachite green,malachite green,,False,sunscreen,2025-11,1,1,36,0.000392,0.0,,False,0.928879,unrated
malate dehydrogenase,malate dehydrogenase,,False,sunscreen,2026-03,1,1,36,0.000297,0.0,,False,0.436275,unrated
malonate,malonate,,False,sunscreen,2026-07,1,1,36,0.000269,0.0,,False,0.494083,unrated
mammary tumor,mammary tumor,,False,sunscreen,2025-11,1,1,36,0.000392,0.0,,False,0.782328,unrated
management science,management science,,False,sunscreen,2025-08,1,1,36,0.0,0.000208,0.0,False,,unrated
mancozeb,mancozeb,,False,sunscreen,2026-08,1,1,36,0.0,0.0,,False,,unrated
mandala,mandala,,False,sunscreen,2026-05,1,1,36,0.000334,0.0,,False,0.454044,unrated
manganese oxide,manganese oxide,,False,sunscreen,2025-01,1,1,36,0.0,0.000102,0.0,False,,unrated
mangiferin,mangiferin,,False,sunscreen,2024-06,1,1,36,0.0,0.000233,0.0,False,,unrated
mangrove ecosystem,mangrove ecosystem,,False,sunscreen,2025-04,1,1,36,0.0,0.000218,0.0,False,,unrated
manifesto,manifesto,,False,sunscreen,2026-04,1,1,36,0.000371,0.0,,False,0.981633,unrated
manufacturing process,manufacturing process,,False,sunscreen,2025-06,1,1,36,0.0,0.000194,0.0,False,,unrated
manure,manure,,False,sunscreen,2026-04,1,1,36,0.000371,0.0,,False,0.934694,unrated
maple,maple,,False,sunscreen,2026-01,1,1,36,0.000227,0.0,,False,0.42375,unrated
marginal land,marginal land,,False,sunscreen,2025-07,1,1,36,0.0,0.000189,0.0,False,,unrated
marine conservation,marine conservation,,False,sunscreen,2026-01,1,1,36,0.000227,0.0,,False,0.42375,unrated
marine debris,marine debris,,False,sunscreen,2023-10,1,1,36,0.0,0.000272,0.0,False,,unrated
marine engineering,marine engineering,,False,sunscreen,2024-03,1,1,36,0.0,0.000306,0.0,False,,unrated
marine species,marine species,,False,sunscreen,2025-04,1,1,36,0.0,0.000218,0.0,False,,unrated
market liquidity,market liquidity,,False,sunscreen,2025-12,1,1,36,0.00031,0.0,,False,0.387372,unrated
marketing mix,marketing mix,,False,sunscreen,2023-09,1,1,36,0.0,0.000244,0.0,False,,unrated
marketing research,marketing research,,False,sunscreen,2023-09,1,1,36,0.0,0.000244,0.0,False,,unrated
marketing strategy,marketing strategy,,False,sunscreen,2023-09,1,1,36,0.0,0.000244,0.0,False,,unrated
markov chain monte carlo,markov chain monte carlo,,False,sunscreen,2023-09,1,1,36,0.0,0.000244,0.0,False,,unrated
martian,martian,,False,sunscreen,2025-11,1,1,36,0.000392,0.0,,False,0.359914,unrated
martinique,martinique,,False,sunscreen,2025-10,1,1,36,0.000411,0.0,,False,0.289593,unrated
mass fraction,mass fraction,,False,sunscreen,2024-07,1,1,36,0.0,0.000283,0.0,False,,unrated
mass media,mass media,,False,sunscreen,2026-07,1,1,36,0.000269,0.0,,False,0.494083,unrated
mass spectrometry imaging,mass spectrometry imaging,,False,sunscreen,2024-12,1,1,36,0.0,0.000206,0.0,False,,unrated
materia medica,materia medica,,False,sunscreen,2026-08,1,1,36,0.0,0.0,,False,,unrated
material efficiency,material efficiency,,False,sunscreen,2026-08,1,1,36,0.0,0.0,,False,,unrated
material flow analysis,material flow analysis,,False,sunscreen,2024-06,1,1,36,0.0,0.000233,0.0,False,,unrated
material properties,material properties,,False,sunscreen,2026-03,1,1,36,0.000297,0.0,,False,0.436275,unrated
materiality (auditing),materiality (auditing),,False,sunscreen,2025-12,1,1,36,0.00031,0.0,,False,0.387372,unrated
mathematical model,mathematical model,,False,sunscreen,2026-03,1,1,36,0.000297,0.0,,False,0.436275,unrated
matriculation,matriculation,,False,sunscreen,2026-03,1,1,36,0.000297,0.0,,False,0.436275,unrated
matrix metalloproteinase 3,matrix metalloproteinase 3,,False,sunscreen,2024-09,1,1,36,0.0,0.000239,0.0,False,,unrated
matrix metalloproteinase 9,matrix metalloproteinase 9,,False,sunscreen,2024-09,1,1,36,0.0,0.000239,0.0,False,,unrated
maturity (psychological),maturity (psychological),,False,sunscreen,2026-03,1,1,36,0.000297,0.0,,False,0.436275,unrated
maxima,maxima,,False,sunscreen,2026-01,1,1,36,0.000227,0.0,,False,0.42375,unrated
mcnemar's test,mcnemar's test,,False,sunscreen,2026-08,1,1,36,0.0,0.0,,False,,unrated
mean reciprocal rank,mean reciprocal rank,,False,sunscreen,2026-01,1,1,36,0.000227,0.0,,False,0.42375,unrated
mean squared error,mean squared error,,False,sunscreen,2026-07,1,1,36,0.000269,0.0,,False,0.494083,unrated
measles,measles,,False,sunscreen,2024-05,1,1,36,0.0,0.000262,0.0,False,,unrated
measure (data warehouse),measure (data warehouse),,False,sunscreen,2025-10,1,1,36,0.000411,0.0,,False,0.289593,unrated
mechanism of action,mechanism of action,,False,sunscreen,2025-11,1,1,36,0.000392,0.0,,False,0.359914,unrated
meddra,meddra,,False,sunscreen,2026-07,1,1,36,0.000269,0.0,,False,0.494083,unrated
media campaign,media campaign,,False,sunscreen,2026-07,1,1,36,0.000269,0.0,,False,0.494083,unrated
media content,media content,,False,sunscreen,2025-10,1,1,36,0.000411,0.0,,False,0.771493,unrated
media literacy,media literacy,,False,sunscreen,2024-12,1,1,36,0.0,0.000206,0.0,False,,unrated
medicaid,medicaid,,False,sunscreen,2024-09,1,1,36,0.0,0.000239,0.0,False,,unrated
medical advice,medical advice,,False,sunscreen,2026-03,1,1,36,0.000297,0.0,,False,0.436275,unrated
medical device,medical device,,False,sunscreen,2026-04,1,1,36,0.000371,0.0,,False,0.44898,unrated
medical diagnosis,medical diagnosis,,False,sunscreen,2026-06,1,1,36,0.000285,0.0,,False,0.482759,unrated
medical history,medical history,,False,sunscreen,2025-11,1,1,36,0.000392,0.0,,False,0.359914,unrated
medical imaging,medical imaging,,False,sunscreen,2023-11,1,1,36,0.0,0.000285,0.0,False,,unrated
medical sociology,medical sociology,,False,sunscreen,2024-06,1,1,36,0.0,0.000233,0.0,False,,unrated
medication adherence,medication adherence,,False,sunscreen,2026-03,1,1,36,0.000297,0.0,,False,0.436275,unrated
medicinal fungi,medicinal fungi,,False,sunscreen,2025-09,1,1,36,0.000358,0.0,,False,0.307087,unrated
mediterranean basin,mediterranean basin,,False,sunscreen,2026-07,1,1,36,0.000269,0.0,,False,0.994083,unrated
mediterranean diet,mediterranean diet,,False,sunscreen,2023-10,1,1,36,0.0,0.000272,0.0,False,,unrated
megacity,megacity,,False,sunscreen,2026-07,1,1,36,0.000269,0.0,,False,0.994083,unrated
melaleuca alternifolia,melaleuca alternifolia,,False,sunscreen,2023-11,1,1,36,0.0,0.000285,0.0,False,,unrated
melamine resin,melamine resin,,False,sunscreen,2023-09,1,1,36,0.0,0.000244,0.0,False,,unrated
melanism,melanism,,False,sunscreen,2024-10,1,1,36,0.0,0.000274,0.0,False,,unrated
melanopsin,melanopsin,,False,sunscreen,2023-09,1,1,36,0.0,0.000244,0.0,False,,unrated
melon,melon,,False,sunscreen,2026-01,1,1,36,0.000227,0.0,,False,0.42375,unrated
melongena,melongena,,False,sunscreen,2023-12,1,1,36,0.0,0.000257,0.0,False,,unrated
membrane bioreactor,membrane bioreactor,,False,sunscreen,2025-11,1,1,36,0.000392,0.0,,False,0.782328,unrated
membrane filter,membrane filter,,False,sunscreen,2025-09,1,1,36,0.000358,0.0,,False,0.826772,unrated
membrane potential,membrane potential,,False,sunscreen,2025-09,1,1,36,0.000358,0.0,,False,0.826772,unrated
menarche,menarche,,False,sunscreen,2025-06,1,1,36,0.0,0.000194,0.0,False,,unrated
menopause,menopause,,False,sunscreen,2025-06,1,1,36,0.0,0.000194,0.0,False,,unrated
menstrual cycle,menstrual cycle,,False,sunscreen,2023-10,1,1,36,0.0,0.000272,0.0,False,,unrated
mercury exposure,mercury exposure,,False,sunscreen,2025-05,1,1,36,0.0,0.000225,0.0,False,,unrated
merge (version control),merge (version control),,False,sunscreen,2025-12,1,1,36,0.00031,0.0,,False,0.387372,unrated
meristem,meristem,,False,sunscreen,2023-11,1,1,36,0.0,0.000285,0.0,False,,unrated
merkel cell,merkel cell,,False,sunscreen,2024-09,1,1,36,0.0,0.000239,0.0,False,,unrated
mesoscopic physics,mesoscopic physics,,False,sunscreen,2026-02,1,1,36,0.000439,0.0,,False,0.857488,unrated
messenger rna,messenger rna,,False,sunscreen,2025-11,1,1,36,0.000392,0.0,,False,0.359914,unrated
metabolic rate,metabolic rate,,False,sunscreen,2024-01,1,1,36,0.0,0.000118,0.0,False,,unrated
metallicity,metallicity,,False,sunscreen,2023-10,1,1,36,0.0,0.000272,0.0,False,,unrated
metalloproteinase,metalloproteinase,,False,sunscreen,2026-07,1,1,36,0.000269,0.0,,False,0.494083,unrated
metaproteomics,metaproteomics,,False,sunscreen,2026-06,1,1,36,0.000285,0.0,,False,0.482759,unrated
methacrylic acid,methacrylic acid,,False,sunscreen,2024-01,1,1,36,0.0,0.000118,0.0,False,,unrated
methionine,methionine,,False,sunscreen,2024-11,1,1,36,0.0,0.000238,0.0,False,,unrated
methionine sulfoxide reductase,methionine sulfoxide reductase,,False,sunscreen,2024-11,1,1,36,0.0,0.000238,0.0,False,,unrated
methotrexate,methotrexate,,False,sunscreen,2024-04,1,1,36,0.0,0.000304,0.0,False,,unrated
methyl orange,methyl orange,,False,sunscreen,2025-11,1,1,36,0.000392,0.0,,False,0.952586,unrated
methyl red,methyl red,,False,sunscreen,2026-07,1,1,36,0.000269,0.0,,False,0.494083,unrated
methyl salicylate,methyl salicylate,,False,sunscreen,2024-08,1,1,36,0.0,0.000306,0.0,False,,unrated
methylation,methylation,,False,sunscreen,2026-08,1,1,36,0.0,0.0,,False,,unrated
metis,metis,,False,sunscreen,2026-05,1,1,36,0.000334,0.0,,False,0.454044,unrated
metronidazole,metronidazole,,False,sunscreen,2024-03,1,1,36,0.0,0.000306,0.0,False,,unrated
metropolitan area,metropolitan area,,False,sunscreen,2025-08,1,1,36,0.0,0.000208,0.0,False,,unrated
mhealth,mhealth,,False,sunscreen,2026-07,1,1,36,0.000269,0.0,,False,0.494083,unrated
miami,miami,,False,sunscreen,2026-02,1,1,36,0.000439,0.0,,False,0.396135,unrated
micellar electrokinetic chromatography,micellar electrokinetic chromatography,,False,sunscreen,2025-01,1,1,36,0.0,0.000102,0.0,False,,unrated
microarray,microarray,,False,sunscreen,2026-03,1,1,36,0.000297,0.0,,False,0.436275,unrated
microbial consortium,microbial consortium,,False,sunscreen,2026-06,1,1,36,0.000285,0.0,,False,0.482759,unrated
microbial inoculant,microbial inoculant,,False,sunscreen,2024-06,1,1,36,0.0,0.000233,0.0,False,,unrated
microbial loop,microbial loop,,False,sunscreen,2026-06,1,1,36,0.000285,0.0,,False,0.482759,unrated
microclimate,microclimate,,False,sunscreen,2026-04,1,1,36,0.000371,0.0,,False,0.44898,unrated
micrococcus,micrococcus,,False,sunscreen,2025-11,1,1,36,0.000392,0.0,,False,0.359914,unrated
microcystis,microcystis,,False,sunscreen,2025-07,1,1,36,0.0,0.000189,0.0,False,,unrated
microeconomics,microeconomics,,False,sunscreen,2025-03,1,1,36,0.0,0.000269,0.0,False,,unrated
microelectromechanical systems,microelectromechanical systems,,False,sunscreen,2024-09,1,1,36,0.0,0.000239,0.0,False,,unrated
microevolution,microevolution,,False,sunscreen,2025-08,1,1,36,0.0,0.000208,0.0,False,,unrated
microglia,microglia,,False,sunscreen,2023-10,1,1,36,0.0,0.000272,0.0,False,,unrated
micromonospora,micromonospora,,False,sunscreen,2025-01,1,1,36,0.0,0.000102,0.0,False,,unrated
micronucleus,micronucleus,,False,sunscreen,2026-05,1,1,36,0.000334,0.0,,False,0.952206,unrated
microsecond,microsecond,,False,sunscreen,2026-01,1,1,36,0.000227,0.0,,False,0.42375,unrated
microsome,microsome,,False,sunscreen,2025-11,1,1,36,0.000392,0.0,,False,0.965517,unrated
microstomia,microstomia,,False,sunscreen,2026-02,1,1,36,0.000439,0.0,,False,0.396135,unrated
microtiter plate,microtiter plate,,False,sunscreen,2024-01,1,1,36,0.0,0.000118,0.0,False,,unrated
microtubule,microtubule,,False,sunscreen,2025-12,1,1,36,0.00031,0.0,,False,0.912969,unrated
microwave heating,microwave heating,,False,sunscreen,2025-09,1,1,36,0.000358,0.0,,False,0.307087,unrated
middle ear,middle ear,,False,sunscreen,2025-03,1,1,36,0.0,0.000269,0.0,False,,unrated
migrant workers,migrant workers,,False,sunscreen,2024-09,1,1,36,0.0,0.000239,0.0,False,,unrated
milky way,milky way,,False,sunscreen,2023-10,1,1,36,0.0,0.000272,0.0,False,,unrated
mill,mill,,False,sunscreen,2026-01,1,1,36,0.000227,0.0,,False,0.42375,unrated
miller,miller,,False,sunscreen,2026-02,1,1,36,0.000439,0.0,,False,0.396135,unrated
mindset,mindset,,False,sunscreen,2025-11,1,1,36,0.000392,0.0,,False,0.359914,unrated
mineral water,mineral water,,False,sunscreen,2024-01,1,1,36,0.0,0.000118,0.0,False,,unrated
miniemulsion,miniemulsion,,False,sunscreen,2024-12,1,1,36,0.0,0.000206,0.0,False,,unrated
minimal residual disease,minimal residual disease,,False,sunscreen,2025-11,1,1,36,0.000392,0.0,,False,0.993534,unrated
minimum bactericidal concentration,minimum bactericidal concentration,,False,sunscreen,2025-01,1,1,36,0.0,0.000102,0.0,False,,unrated
minocycline,minocycline,,False,sunscreen,2023-10,1,1,36,0.0,0.000272,0.0,False,,unrated
mirtazapine,mirtazapine,,False,sunscreen,2024-10,1,1,36,0.0,0.000274,0.0,False,,unrated
misnomer,misnomer,,False,sunscreen,2025-09,1,1,36,0.000358,0.0,,False,0.826772,unrated
missense mutation,missense mutation,,False,sunscreen,2026-04,1,1,36,0.000371,0.0,,False,0.44898,unrated
mitochondrial toxicity,mitochondrial toxicity,,False,sunscreen,2025-12,1,1,36,0.00031,0.0,,False,0.829352,unrated
mitotic index,mitotic index,,False,sunscreen,2026-01,1,1,36,0.000227,0.0,,False,0.42375,unrated
mixed connective tissue disease,mixed connective tissue disease,,False,sunscreen,2025-10,1,1,36,0.000411,0.0,,False,0.289593,unrated
mixed logit,mixed logit,,False,sunscreen,2026-07,1,1,36,0.000269,0.0,,False,0.494083,unrated
mobile marketing,mobile marketing,,False,sunscreen,2026-02,1,1,36,0.000439,0.0,,False,0.396135,unrated
mobile phone,mobile phone,,False,sunscreen,2025-09,1,1,36,0.000358,0.0,,False,0.307087,unrated
modality (human–computer interaction),modality (human–computer interaction),,False,sunscreen,2026-01,1,1,36,0.000227,0.0,,False,0.42375,unrated
model organism,model organism,,False,sunscreen,2024-01,1,1,36,0.0,0.000118,0.0,False,,unrated
moderation,moderation,,False,sunscreen,2026-07,1,1,36,0.000269,0.0,,False,0.494083,unrated
modernization theory,modernization theory,,False,sunscreen,2026-06,1,1,36,0.000285,0.0,,False,0.482759,unrated
modular design,modular design,,False,sunscreen,2026-07,1,1,36,0.000269,0.0,,False,0.494083,unrated
modulus,modulus,,False,sunscreen,2026-05,1,1,36,0.000334,0.0,,False,0.454044,unrated
moiety,moiety,,False,sunscreen,2023-10,1,1,36,0.0,0.000272,0.0,False,,unrated
molar,molar,,False,sunscreen,2025-09,1,1,36,0.000358,0.0,,False,0.698819,unrated
molar concentration,molar concentration,,False,sunscreen,2025-09,1,1,36,0.000358,0.0,,False,0.698819,unrated
molar mass,molar mass,,False,sunscreen,2025-09,1,1,36,0.000358,0.0,,False,0.698819,unrated
molar ratio,molar ratio,,False,sunscreen,2025-09,1,1,36,0.000358,0.0,,False,0.698819,unrated
molar solubility,molar solubility,,False,sunscreen,2025-01,1,1,36,0.0,0.000102,0.0,False,,unrated
molecular conformation,molecular conformation,,False,sunscreen,2026-04,1,1,36,0.000371,0.0,,False,0.44898,unrated
molecular descriptor,molecular descriptor,,False,sunscreen,2026-08,1,1,36,0.0,0.0,,False,,unrated
molybdenum,molybdenum,,False,sunscreen,2026-02,1,1,36,0.000439,0.0,,False,0.396135,unrated
molybdenum trioxide,molybdenum trioxide,,False,sunscreen,2026-02,1,1,36,0.000439,0.0,,False,0.396135,unrated
moment (physics),moment (physics),,False,sunscreen,2025-06,1,1,36,0.0,0.000194,0.0,False,,unrated
momordica,momordica,,False,sunscreen,2024-11,1,1,36,0.0,0.000238,0.0,False,,unrated
monetization,monetization,,False,sunscreen,2025-12,1,1,36,0.00031,0.0,,False,0.387372,unrated
monoclonal,monoclonal,,False,sunscreen,2024-09,1,1,36,0.0,0.000239,0.0,False,,unrated
monoclonal antibody,monoclonal antibody,,False,sunscreen,2024-09,1,1,36,0.0,0.000239,0.0,False,,unrated
monoglyceride,monoglyceride,,False,sunscreen,2025-05,1,1,36,0.0,0.000225,0.0,False,,unrated
monosaccharide,monosaccharide,,False,sunscreen,2026-07,1,1,36,0.000269,0.0,,False,0.494083,unrated
monte carlo method,monte carlo method,,False,sunscreen,2024-06,1,1,36,0.0,0.000233,0.0,False,,unrated
montmorillonite,montmorillonite,,False,sunscreen,2025-11,1,1,36,0.000392,0.0,,False,0.359914,unrated
mordant,mordant,,False,sunscreen,2025-12,1,1,36,0.00031,0.0,,False,0.988055,unrated
morphogenesis,morphogenesis,,False,sunscreen,2024-02,1,1,36,0.0,0.000344,0.0,False,,unrated
mortality salience,mortality salience,,False,sunscreen,2023-12,1,1,36,0.0,0.000257,0.0,False,,unrated
motivational interviewing,motivational interviewing,,False,sunscreen,2024-05,1,1,36,0.0,0.000262,0.0,False,,unrated
moulting,moulting,,False,sunscreen,2026-08,1,1,36,0.0,0.0,,False,,unrated
mount,mount,,False,sunscreen,2026-07,1,1,36,0.000269,0.0,,False,0.494083,unrated
mucilage,mucilage,,False,sunscreen,2024-03,1,1,36,0.0,0.000306,0.0,False,,unrated
multicenter trial,multicenter trial,,False,sunscreen,2026-03,1,1,36,0.000297,0.0,,False,0.436275,unrated
multifractal system,multifractal system,,False,sunscreen,2025-01,1,1,36,0.0,0.000102,0.0,False,,unrated
multimodal therapy,multimodal therapy,,False,sunscreen,2024-05,1,1,36,0.0,0.000262,0.0,False,,unrated
multimodality,multimodality,,False,sunscreen,2025-12,1,1,36,0.00031,0.0,,False,0.829352,unrated
multinational corporation,multinational corporation,,False,sunscreen,2026-03,1,1,36,0.000297,0.0,,False,0.436275,unrated
multinomial probit,multinomial probit,,False,sunscreen,2026-01,1,1,36,0.000227,0.0,,False,0.42375,unrated
multiple criteria decision analysis,multiple criteria decision analysis,,False,sunscreen,2025-12,1,1,36,0.00031,0.0,,False,0.387372,unrated
multiplex,multiplex,,False,sunscreen,2024-01,1,1,36,0.0,0.000118,0.0,False,,unrated
multireference configuration interaction,multireference configuration interaction,,False,sunscreen,2026-06,1,1,36,0.000285,0.0,,False,0.482759,unrated
muscle biopsy,muscle biopsy,,False,sunscreen,2025-11,1,1,36,0.000392,0.0,,False,0.359914,unrated
muscle tissue,muscle tissue,,False,sunscreen,2025-10,1,1,36,0.000411,0.0,,False,0.771493,unrated
muscle weakness,muscle weakness,,False,sunscreen,2026-05,1,1,36,0.000334,0.0,,False,0.454044,unrated
muscovite,muscovite,,False,sunscreen,2023-10,1,1,36,0.0,0.000272,0.0,False,,unrated
mushroom bodies,mushroom bodies,,False,sunscreen,2025-01,1,1,36,0.0,0.000102,0.0,False,,unrated
mxenes,mxenes,,False,sunscreen,2026-05,1,1,36,0.000334,0.0,,False,0.454044,unrated
myalgia,myalgia,,False,sunscreen,2023-10,1,1,36,0.0,0.000272,0.0,False,,unrated
mycosis fungoides,mycosis fungoides,,False,sunscreen,2025-01,1,1,36,0.0,0.000102,0.0,False,,unrated
myeloid leukemia,myeloid leukemia,,False,sunscreen,2024-05,1,1,36,0.0,0.000262,0.0,False,,unrated
myoglobinuria,myoglobinuria,,False,sunscreen,2026-04,1,1,36,0.000371,0.0,,False,0.44898,unrated
myrtaceae,myrtaceae,,False,sunscreen,2025-10,1,1,36,0.000411,0.0,,False,0.289593,unrated
nadph oxidase,nadph oxidase,,False,sunscreen,2024-03,1,1,36,0.0,0.000306,0.0,False,,unrated
nail disease,nail disease,,False,sunscreen,2026-01,1,1,36,0.000227,0.0,,False,0.42375,unrated
nail plate,nail plate,,False,sunscreen,2024-01,1,1,36,0.0,0.000118,0.0,False,,unrated
nanodiamond,nanodiamond,,False,sunscreen,2025-09,1,1,36,0.000358,0.0,,False,0.698819,unrated
nanoflower,nanoflower,,False,sunscreen,2025-10,1,1,36,0.000411,0.0,,False,0.771493,unrated
nanomedicine,nanomedicine,,False,sunscreen,2025-01,1,1,36,0.0,0.000102,0.0,False,,unrated
nanometre,nanometre,,False,sunscreen,2023-11,1,1,36,0.0,0.000285,0.0,False,,unrated
nanosheet,nanosheet,,False,sunscreen,2025-02,1,1,36,0.0,0.000302,0.0,False,,unrated
nanotube,nanotube,,False,sunscreen,2023-12,1,1,36,0.0,0.000257,0.0,False,,unrated
naringin,naringin,,False,sunscreen,2026-07,1,1,36,0.000269,0.0,,False,0.494083,unrated
narrative structure,narrative structure,,False,sunscreen,2025-06,1,1,36,0.0,0.000194,0.0,False,,unrated
narrowband,narrowband,,False,sunscreen,2025-07,1,1,36,0.0,0.000189,0.0,False,,unrated
national standard,national standard,,False,sunscreen,2024-12,1,1,36,0.0,0.000206,0.0,False,,unrated
native american,native american,,False,sunscreen,2025-05,1,1,36,0.0,0.000225,0.0,False,,unrated
native plant,native plant,,False,sunscreen,2023-09,1,1,36,0.0,0.000244,0.0,False,,unrated
natural compound,natural compound,,False,sunscreen,2026-07,1,1,36,0.000269,0.0,,False,0.494083,unrated
natural mineral,natural mineral,,False,sunscreen,2026-01,1,1,36,0.000227,0.0,,False,0.42375,unrated
natural number,natural number,,False,sunscreen,2026-02,1,1,36,0.000439,0.0,,False,0.396135,unrated
natural organic matter,natural organic matter,,False,sunscreen,2026-04,1,1,36,0.000371,0.0,,False,0.44898,unrated
natural polymers,natural polymers,,False,sunscreen,2026-01,1,1,36,0.000227,0.0,,False,0.42375,unrated
natural resource,natural resource,,False,sunscreen,2026-01,1,1,36,0.000227,0.0,,False,0.42375,unrated
natural ventilation,natural ventilation,,False,sunscreen,2026-01,1,1,36,0.000227,0.0,,False,0.42375,unrated
nature reserve,nature reserve,,False,sunscreen,2024-05,1,1,36,0.0,0.000262,0.0,False,,unrated
navicula,navicula,,False,sunscreen,2025-05,1,1,36,0.0,0.000225,0.0,False,,unrated
neck pain,neck pain,,False,sunscreen,2026-01,1,1,36,0.000227,0.0,,False,0.42375,unrated
negative correlation,negative correlation,,False,sunscreen,2026-03,1,1,36,0.000297,0.0,,False,0.436275,unrated
negative information,negative information,,False,sunscreen,2026-06,1,1,36,0.000285,0.0,,False,0.482759,unrated
neoplasm,neoplasm,,False,sunscreen,2024-03,1,1,36,0.0,0.000306,0.0,False,,unrated
neovascularization,neovascularization,,False,sunscreen,2026-01,1,1,36,0.000227,0.0,,False,0.42375,unrated
nephrology,nephrology,,False,sunscreen,2026-01,1,1,36,0.000227,0.0,,False,0.42375,unrated
nerve conduction,nerve conduction,,False,sunscreen,2026-07,1,1,36,0.000269,0.0,,False,0.494083,unrated
nerve root,nerve root,,False,sunscreen,2026-07,1,1,36,0.000269,0.0,,False,0.494083,unrated
nerve sheath neoplasm,nerve sheath neoplasm,,False,sunscreen,2025-01,1,1,36,0.0,0.000102,0.0,False,,unrated
nest (protein structural motif),nest (protein structural motif),,False,sunscreen,2025-01,1,1,36,0.0,0.000102,0.0,False,,unrated
nesting (process),nesting (process),,False,sunscreen,2025-01,1,1,36,0.0,0.000102,0.0,False,,unrated
neurochemical,neurochemical,,False,sunscreen,2025-06,1,1,36,0.0,0.000194,0.0,False,,unrated
neurogenesis,neurogenesis,,False,sunscreen,2026-08,1,1,36,0.0,0.0,,False,,unrated
neuroimmunology,neuroimmunology,,False,sunscreen,2025-06,1,1,36,0.0,0.000194,0.0,False,,unrated
neurology,neurology,,False,sunscreen,2024-06,1,1,36,0.0,0.000233,0.0,False,,unrated
neuromorphic engineering,neuromorphic engineering,,False,sunscreen,2024-09,1,1,36,0.0,0.000239,0.0,False,,unrated
neuropathic pain,neuropathic pain,,False,sunscreen,2026-06,1,1,36,0.000285,0.0,,False,0.482759,unrated
neuropeptide,neuropeptide,,False,sunscreen,2026-06,1,1,36,0.000285,0.0,,False,0.482759,unrated
neurophysiology,neurophysiology,,False,sunscreen,2026-05,1,1,36,0.000334,0.0,,False,0.454044,unrated
neuroprotection,neuroprotection,,False,sunscreen,2024-02,1,1,36,0.0,0.000344,0.0,False,,unrated
neurosurgery,neurosurgery,,False,sunscreen,2024-02,1,1,36,0.0,0.000344,0.0,False,,unrated
neuroticism,neuroticism,,False,sunscreen,2026-07,1,1,36,0.000269,0.0,,False,0.494083,unrated
neurotrophic factors,neurotrophic factors,,False,sunscreen,2025-06,1,1,36,0.0,0.000194,0.0,False,,unrated
neutron scattering,neutron scattering,,False,sunscreen,2026-03,1,1,36,0.000297,0.0,,False,0.436275,unrated
new horizons,new horizons,,False,sunscreen,2024-05,1,1,36,0.0,0.000262,0.0,False,,unrated
new zealand studies,new zealand studies,,False,sunscreen,2026-01,1,1,36,0.000227,0.0,,False,0.42375,unrated
nice,nice,,False,sunscreen,2023-10,1,1,36,0.0,0.000272,0.0,False,,unrated
nicotiana,nicotiana,,False,sunscreen,2024-11,1,1,36,0.0,0.000238,0.0,False,,unrated
nigella sativa,nigella sativa,,False,sunscreen,2024-08,1,1,36,0.0,0.000306,0.0,False,,unrated
nile red,nile red,,False,sunscreen,2025-03,1,1,36,0.0,0.000269,0.0,False,,unrated
nile tilapia,nile tilapia,,False,sunscreen,2023-12,1,1,36,0.0,0.000257,0.0,False,,unrated
ninth,ninth,,False,sunscreen,2026-06,1,1,36,0.000285,0.0,,False,0.482759,unrated
niobium,niobium,,False,sunscreen,2025-06,1,1,36,0.0,0.000194,0.0,False,,unrated
niobium pentoxide,niobium pentoxide,,False,sunscreen,2025-06,1,1,36,0.0,0.000194,0.0,False,,unrated
nitrate reductase,nitrate reductase,,False,sunscreen,2025-10,1,1,36,0.000411,0.0,,False,0.289593,unrated
nitride,nitride,,False,sunscreen,2023-12,1,1,36,0.0,0.000257,0.0,False,,unrated
nitrification,nitrification,,False,sunscreen,2026-07,1,1,36,0.000269,0.0,,False,0.494083,unrated
nitrogen assimilation,nitrogen assimilation,,False,sunscreen,2026-04,1,1,36,0.000371,0.0,,False,0.934694,unrated
nitrosobenzene,nitrosobenzene,,False,sunscreen,2024-02,1,1,36,0.0,0.000344,0.0,False,,unrated
nitzschia,nitzschia,,False,sunscreen,2025-04,1,1,36,0.0,0.000218,0.0,False,,unrated
nivolumab,nivolumab,,False,sunscreen,2024-06,1,1,36,0.0,0.000233,0.0,False,,unrated
nominal group technique,nominal group technique,,False,sunscreen,2026-01,1,1,36,0.000227,0.0,,False,0.42375,unrated
nomogram,nomogram,,False,sunscreen,2026-02,1,1,36,0.000439,0.0,,False,0.396135,unrated
non blocking i o,non blocking i o,,False,sunscreen,2024-12,1,1,36,0.0,0.000206,0.0,False,,unrated
non ionizing radiation,non ionizing radiation,,False,sunscreen,2026-05,1,1,36,0.000334,0.0,,False,0.454044,unrated
nonalcoholic fatty liver disease,nonalcoholic fatty liver disease,,False,sunscreen,2025-10,1,1,36,0.000411,0.0,,False,0.857466,unrated
nonsense,nonsense,,False,sunscreen,2025-01,1,1,36,0.0,0.000102,0.0,False,,unrated
nonsense mutation,nonsense mutation,,False,sunscreen,2026-04,1,1,36,0.000371,0.0,,False,0.44898,unrated
nonsteroidal,nonsteroidal,,False,sunscreen,2025-10,1,1,36,0.000411,0.0,,False,0.771493,unrated
norm (philosophy),norm (philosophy),,False,sunscreen,2026-04,1,1,36,0.000371,0.0,,False,0.44898,unrated
normalized difference vegetation index,normalized difference vegetation index,,False,sunscreen,2025-10,1,1,36,0.000411,0.0,,False,0.857466,unrated
northern ireland,northern ireland,,False,sunscreen,2026-06,1,1,36,0.000285,0.0,,False,0.482759,unrated
nothing,nothing,,False,sunscreen,2023-09,1,1,36,0.0,0.000244,0.0,False,,unrated
notochord,notochord,,False,sunscreen,2026-05,1,1,36,0.000334,0.0,,False,0.454044,unrated
nova scotia,nova scotia,,False,sunscreen,2023-09,1,1,36,0.0,0.000244,0.0,False,,unrated
nox,nox,,False,sunscreen,2023-12,1,1,36,0.0,0.000257,0.0,False,,unrated
nozzle,nozzle,,False,sunscreen,2026-06,1,1,36,0.000285,0.0,,False,0.482759,unrated
nuclear magnetic resonance spectroscopy,nuclear magnetic resonance spectroscopy,,False,sunscreen,2024-02,1,1,36,0.0,0.000344,0.0,False,,unrated
nuclear medicine,nuclear medicine,,False,sunscreen,2025-03,1,1,36,0.0,0.000269,0.0,False,,unrated
nucleotide,nucleotide,,False,sunscreen,2024-02,1,1,36,0.0,0.000344,0.0,False,,unrated
nurse education,nurse education,,False,sunscreen,2025-12,1,1,36,0.00031,0.0,,False,0.387372,unrated
nurse practitioners,nurse practitioners,,False,sunscreen,2024-03,1,1,36,0.0,0.000306,0.0,False,,unrated
nutrient cycle,nutrient cycle,,False,sunscreen,2026-03,1,1,36,0.000297,0.0,,False,0.436275,unrated
nutrient deficiency,nutrient deficiency,,False,sunscreen,2026-07,1,1,36,0.000269,0.0,,False,0.494083,unrated
nutritional deficiency,nutritional deficiency,,False,sunscreen,2024-03,1,1,36,0.0,0.000306,0.0,False,,unrated
nystagmus,nystagmus,,False,sunscreen,2026-04,1,1,36,0.000371,0.0,,False,0.44898,unrated
obstructive sleep apnea,obstructive sleep apnea,,False,sunscreen,2025-03,1,1,36,0.0,0.000269,0.0,False,,unrated
occlusion,occlusion,,False,sunscreen,2025-11,1,1,36,0.000392,0.0,,False,0.359914,unrated
occlusive,occlusive,,False,sunscreen,2024-07,1,1,36,0.0,0.000283,0.0,False,,unrated
occlusive arterial disease,occlusive arterial disease,,False,sunscreen,2026-02,1,1,36,0.000439,0.0,,False,0.396135,unrated
occupational accident,occupational accident,,False,sunscreen,2026-05,1,1,36,0.000334,0.0,,False,0.454044,unrated
occupational dermatitis,occupational dermatitis,,False,sunscreen,2025-04,1,1,36,0.0,0.000218,0.0,False,,unrated
occupational disease,occupational disease,,False,sunscreen,2026-03,1,1,36,0.000297,0.0,,False,0.436275,unrated
occupational exposure limit,occupational exposure limit,,False,sunscreen,2025-05,1,1,36,0.0,0.000225,0.0,False,,unrated
ochronosis,ochronosis,,False,sunscreen,2026-04,1,1,36,0.000371,0.0,,False,0.44898,unrated
octamethylcyclotetrasiloxane,octamethylcyclotetrasiloxane,,False,sunscreen,2024-02,1,1,36,0.0,0.000344,0.0,False,,unrated
off the shelf,off the shelf,,False,sunscreen,2024-05,1,1,36,0.0,0.000262,0.0,False,,unrated
offset (computer science),offset (computer science),,False,sunscreen,2023-12,1,1,36,0.0,0.000257,0.0,False,,unrated
oil spill,oil spill,,False,sunscreen,2023-09,1,1,36,0.0,0.000244,0.0,False,,unrated
oled,oled,,False,sunscreen,2023-12,1,1,36,0.0,0.000257,0.0,False,,unrated
oleuropein,oleuropein,,False,sunscreen,2025-12,1,1,36,0.00031,0.0,,False,0.912969,unrated
oleyl alcohol,oleyl alcohol,,False,sunscreen,2025-10,1,1,36,0.000411,0.0,,False,0.289593,unrated
omics,omics,,False,sunscreen,2023-09,1,1,36,0.0,0.000244,0.0,False,,unrated
on board,on board,,False,sunscreen,2026-08,1,1,36,0.0,0.0,,False,,unrated
on demand,on demand,,False,sunscreen,2025-01,1,1,36,0.0,0.000102,0.0,False,,unrated
online assessment,online assessment,,False,sunscreen,2026-02,1,1,36,0.000439,0.0,,False,0.396135,unrated
online discussion,online discussion,,False,sunscreen,2026-02,1,1,36,0.000439,0.0,,False,0.396135,unrated
online learning,online learning,,False,sunscreen,2026-02,1,1,36,0.000439,0.0,,False,0.396135,unrated
ontogeny,ontogeny,,False,sunscreen,2026-06,1,1,36,0.000285,0.0,,False,0.482759,unrated
ontology,ontology,,False,sunscreen,2024-05,1,1,36,0.0,0.000262,0.0,False,,unrated
onycholysis,onycholysis,,False,sunscreen,2025-07,1,1,36,0.0,0.000189,0.0,False,,unrated
oocyte activation,oocyte activation,,False,sunscreen,2025-11,1,1,36,0.000392,0.0,,False,0.978448,unrated
open access publishing,open access publishing,,False,sunscreen,2026-05,1,1,36,0.000334,0.0,,False,0.454044,unrated
open cluster,open cluster,,False,sunscreen,2025-04,1,1,36,0.0,0.000218,0.0,False,,unrated
openness to experience,openness to experience,,False,sunscreen,2024-11,1,1,36,0.0,0.000238,0.0,False,,unrated
operon,operon,,False,sunscreen,2023-09,1,1,36,0.0,0.000244,0.0,False,,unrated
opinion leadership,opinion leadership,,False,sunscreen,2025-04,1,1,36,0.0,0.000218,0.0,False,,unrated
opioid,opioid,,False,sunscreen,2024-09,1,1,36,0.0,0.000239,0.0,False,,unrated
opsin,opsin,,False,sunscreen,2026-05,1,1,36,0.000334,0.0,,False,0.454044,unrated
optical communication,optical communication,,False,sunscreen,2023-12,1,1,36,0.0,0.000257,0.0,False,,unrated
optical conductivity,optical conductivity,,False,sunscreen,2026-01,1,1,36,0.000227,0.0,,False,0.42375,unrated
optical imaging,optical imaging,,False,sunscreen,2024-02,1,1,36,0.0,0.000344,0.0,False,,unrated
optical wireless,optical wireless,,False,sunscreen,2023-12,1,1,36,0.0,0.000257,0.0,False,,unrated
optical wireless communications,optical wireless communications,,False,sunscreen,2023-12,1,1,36,0.0,0.000257,0.0,False,,unrated
optimization algorithm,optimization algorithm,,False,sunscreen,2025-10,1,1,36,0.000411,0.0,,False,0.289593,unrated
opting out,opting out,,False,sunscreen,2024-04,1,1,36,0.0,0.000304,0.0,False,,unrated
oral and maxillofacial radiology,oral and maxillofacial radiology,,False,sunscreen,2025-03,1,1,36,0.0,0.000269,0.0,False,,unrated
oral cancers,oral cancers,,False,sunscreen,2025-10,1,1,36,0.000411,0.0,,False,0.771493,unrated
oral health,oral health,,False,sunscreen,2025-01,1,1,36,0.0,0.000102,0.0,False,,unrated
orbitrap,orbitrap,,False,sunscreen,2025-08,1,1,36,0.0,0.000208,0.0,False,,unrated
orchestration,orchestration,,False,sunscreen,2024-10,1,1,36,0.0,0.000274,0.0,False,,unrated
orchidaceae,orchidaceae,,False,sunscreen,2026-08,1,1,36,0.0,0.0,,False,,unrated
ordered logit,ordered logit,,False,sunscreen,2026-07,1,1,36,0.000269,0.0,,False,0.494083,unrated
orfs,orfs,,False,sunscreen,2025-11,1,1,36,0.000392,0.0,,False,0.877155,unrated
organic product,organic product,,False,sunscreen,2024-03,1,1,36,0.0,0.000306,0.0,False,,unrated
organizational change,organizational change,,False,sunscreen,2024-05,1,1,36,0.0,0.000262,0.0,False,,unrated
organocatalysis,organocatalysis,,False,sunscreen,2024-03,1,1,36,0.0,0.000306,0.0,False,,unrated
organoid,organoid,,False,sunscreen,2026-05,1,1,36,0.000334,0.0,,False,0.454044,unrated
orientin,orientin,,False,sunscreen,2024-08,1,1,36,0.0,0.000306,0.0,False,,unrated
origanum,origanum,,False,sunscreen,2023-12,1,1,36,0.0,0.000257,0.0,False,,unrated
ornamental plant,ornamental plant,,False,sunscreen,2025-10,1,1,36,0.000411,0.0,,False,0.771493,unrated
ornaments,ornaments,,False,sunscreen,2025-08,1,1,36,0.0,0.000208,0.0,False,,unrated
ornithine,ornithine,,False,sunscreen,2025-09,1,1,36,0.000358,0.0,,False,0.698819,unrated
oryzalin,oryzalin,,False,sunscreen,2024-08,1,1,36,0.0,0.000306,0.0,False,,unrated
osteomalacia,osteomalacia,,False,sunscreen,2024-11,1,1,36,0.0,0.000238,0.0,False,,unrated
osteoplasty,osteoplasty,,False,sunscreen,2025-01,1,1,36,0.0,0.000102,0.0,False,,unrated
osteoporotic fracture,osteoporotic fracture,,False,sunscreen,2023-11,1,1,36,0.0,0.000285,0.0,False,,unrated
otoplasty,otoplasty,,False,sunscreen,2026-08,1,1,36,0.0,0.0,,False,,unrated
outfall,outfall,,False,sunscreen,2025-12,1,1,36,0.00031,0.0,,False,0.387372,unrated
ovarian cancer,ovarian cancer,,False,sunscreen,2026-05,1,1,36,0.000334,0.0,,False,0.454044,unrated
overcrowding,overcrowding,,False,sunscreen,2025-09,1,1,36,0.000358,0.0,,False,0.698819,unrated
overexploitation,overexploitation,,False,sunscreen,2025-11,1,1,36,0.000392,0.0,,False,0.782328,unrated
overlap syndrome,overlap syndrome,,False,sunscreen,2026-03,1,1,36,0.000297,0.0,,False,0.436275,unrated
overproduction,overproduction,,False,sunscreen,2026-01,1,1,36,0.000227,0.0,,False,0.89375,unrated
ovulation,ovulation,,False,sunscreen,2023-11,1,1,36,0.0,0.000285,0.0,False,,unrated
oxazolone,oxazolone,,False,sunscreen,2024-10,1,1,36,0.0,0.000274,0.0,False,,unrated
oxidation reduction,oxidation reduction,,False,sunscreen,2026-02,1,1,36,0.000439,0.0,,False,0.396135,unrated
p aminobenzoic acid,p aminobenzoic acid,,False,sunscreen,2024-11,1,1,36,0.0,0.000238,0.0,False,,unrated
p coumaric acid,p coumaric acid,,False,sunscreen,2025-09,1,1,36,0.000358,0.0,,False,0.826772,unrated
p toluenesulfonic acid,p toluenesulfonic acid,,False,sunscreen,2024-01,1,1,36,0.0,0.000118,0.0,False,,unrated
pacific oyster,pacific oyster,,False,sunscreen,2025-02,1,1,36,0.0,0.000302,0.0,False,,unrated
paenibacillus,paenibacillus,,False,sunscreen,2024-08,1,1,36,0.0,0.000306,0.0,False,,unrated
paeonia lactiflora,paeonia lactiflora,,False,sunscreen,2024-08,1,1,36,0.0,0.000306,0.0,False,,unrated
pagetoid,pagetoid,,False,sunscreen,2025-08,1,1,36,0.0,0.000208,0.0,False,,unrated
pain medicine,pain medicine,,False,sunscreen,2024-05,1,1,36,0.0,0.000262,0.0,False,,unrated
pairwise comparison,pairwise comparison,,False,sunscreen,2025-08,1,1,36,0.0,0.000208,0.0,False,,unrated
palygorskite,palygorskite,,False,sunscreen,2026-06,1,1,36,0.000285,0.0,,False,0.482759,unrated
papain,papain,,False,sunscreen,2025-02,1,1,36,0.0,0.000302,0.0,False,,unrated
papermaking,papermaking,,False,sunscreen,2023-09,1,1,36,0.0,0.000244,0.0,False,,unrated
paradigm shift,paradigm shift,,False,sunscreen,2025-09,1,1,36,0.000358,0.0,,False,0.826772,unrated
parakeratosis,parakeratosis,,False,sunscreen,2023-11,1,1,36,0.0,0.000285,0.0,False,,unrated
parallax,parallax,,False,sunscreen,2023-10,1,1,36,0.0,0.000272,0.0,False,,unrated
paramagnetism,paramagnetism,,False,sunscreen,2024-12,1,1,36,0.0,0.000206,0.0,False,,unrated
parametric statistics,parametric statistics,,False,sunscreen,2025-09,1,1,36,0.000358,0.0,,False,0.698819,unrated
parmeliaceae,parmeliaceae,,False,sunscreen,2025-09,1,1,36,0.000358,0.0,,False,0.698819,unrated
paronychia,paronychia,,False,sunscreen,2025-07,1,1,36,0.0,0.000189,0.0,False,,unrated
participatory action research,participatory action research,,False,sunscreen,2026-01,1,1,36,0.000227,0.0,,False,0.42375,unrated
participatory management,participatory management,,False,sunscreen,2026-01,1,1,36,0.000227,0.0,,False,0.42375,unrated
particle deposition,particle deposition,,False,sunscreen,2026-01,1,1,36,0.000227,0.0,,False,0.42375,unrated
particle size distribution,particle size distribution,,False,sunscreen,2026-02,1,1,36,0.000439,0.0,,False,0.396135,unrated
partition coefficient,partition coefficient,,False,sunscreen,2025-10,1,1,36,0.000411,0.0,,False,0.289593,unrated
passerine,passerine,,False,sunscreen,2025-01,1,1,36,0.0,0.000102,0.0,False,,unrated
passion,passion,,False,sunscreen,2025-01,1,1,36,0.0,0.000102,0.0,False,,unrated
passive solar building design,passive solar building design,,False,sunscreen,2023-09,1,1,36,0.0,0.000244,0.0,False,,unrated
pathogenic bacteria,pathogenic bacteria,,False,sunscreen,2026-07,1,1,36,0.000269,0.0,,False,0.494083,unrated
pathogenicity,pathogenicity,,False,sunscreen,2026-01,1,1,36,0.000227,0.0,,False,0.89375,unrated
patient participation,patient participation,,False,sunscreen,2026-07,1,1,36,0.000269,0.0,,False,0.494083,unrated
patient privacy,patient privacy,,False,sunscreen,2026-04,1,1,36,0.000371,0.0,,False,0.44898,unrated
payload (computing),payload (computing),,False,sunscreen,2024-11,1,1,36,0.0,0.000238,0.0,False,,unrated
peak bone mass,peak bone mass,,False,sunscreen,2026-07,1,1,36,0.000269,0.0,,False,0.494083,unrated
pear,pear,,False,sunscreen,2025-09,1,1,36,0.000358,0.0,,False,0.698819,unrated
pearson product moment correlation coefficient,pearson product moment correlation coefficient,,False,sunscreen,2026-03,1,1,36,0.000297,0.0,,False,0.436275,unrated
pediatric research,pediatric research,,False,sunscreen,2024-04,1,1,36,0.0,0.000304,0.0,False,,unrated
pedot:pss,pedot:pss,,False,sunscreen,2026-01,1,1,36,0.000227,0.0,,False,0.42375,unrated
peer review,peer review,,False,sunscreen,2025-07,1,1,36,0.0,0.000189,0.0,False,,unrated
peg 400,peg 400,,False,sunscreen,2024-11,1,1,36,0.0,0.000238,0.0,False,,unrated
pelagic zone,pelagic zone,,False,sunscreen,2023-09,1,1,36,0.0,0.000244,0.0,False,,unrated
pelargonidin,pelargonidin,,False,sunscreen,2025-09,1,1,36,0.000358,0.0,,False,0.307087,unrated
pellagra,pellagra,,False,sunscreen,2023-11,1,1,36,0.0,0.000285,0.0,False,,unrated
pemphigus,pemphigus,,False,sunscreen,2024-11,1,1,36,0.0,0.000238,0.0,False,,unrated
penaeus monodon,penaeus monodon,,False,sunscreen,2023-09,1,1,36,0.0,0.000244,0.0,False,,unrated
pentoxide,pentoxide,,False,sunscreen,2025-06,1,1,36,0.0,0.000194,0.0,False,,unrated
pepper,pepper,,False,sunscreen,2026-04,1,1,36,0.000371,0.0,,False,0.44898,unrated
peptide hormone,peptide hormone,,False,sunscreen,2026-03,1,1,36,0.000297,0.0,,False,0.436275,unrated
peptide sequence,peptide sequence,,False,sunscreen,2026-07,1,1,36,0.000269,0.0,,False,0.494083,unrated
per capita,per capita,,False,sunscreen,2024-06,1,1,36,0.0,0.000233,0.0,False,,unrated
pera,pera,,False,sunscreen,2024-01,1,1,36,0.0,0.000118,0.0,False,,unrated
percutaneous,percutaneous,,False,sunscreen,2024-09,1,1,36,0.0,0.000239,0.0,False,,unrated
peri,peri,,False,sunscreen,2025-01,1,1,36,0.0,0.000102,0.0,False,,unrated
perilla,perilla,,False,sunscreen,2026-05,1,1,36,0.000334,0.0,,False,0.454044,unrated
perilla frutescens,perilla frutescens,,False,sunscreen,2026-05,1,1,36,0.000334,0.0,,False,0.454044,unrated
perineural invasion,perineural invasion,,False,sunscreen,2023-09,1,1,36,0.0,0.000244,0.0,False,,unrated
peripheral blood,peripheral blood,,False,sunscreen,2024-11,1,1,36,0.0,0.000238,0.0,False,,unrated
peripheral blood mononuclear cell,peripheral blood mononuclear cell,,False,sunscreen,2024-11,1,1,36,0.0,0.000238,0.0,False,,unrated
peripheral nervous system,peripheral nervous system,,False,sunscreen,2025-10,1,1,36,0.000411,0.0,,False,0.771493,unrated
permissive,permissive,,False,sunscreen,2024-09,1,1,36,0.0,0.000239,0.0,False,,unrated
permittivity,permittivity,,False,sunscreen,2026-04,1,1,36,0.000371,0.0,,False,0.44898,unrated
perovskite solar cell,perovskite solar cell,,False,sunscreen,2026-07,1,1,36,0.000269,0.0,,False,0.494083,unrated
peroxide value,peroxide value,,False,sunscreen,2026-05,1,1,36,0.000334,0.0,,False,0.454044,unrated
peroxisome,peroxisome,,False,sunscreen,2024-08,1,1,36,0.0,0.000306,0.0,False,,unrated
peroxisome proliferator activated receptor,peroxisome proliferator activated receptor,,False,sunscreen,2024-08,1,1,36,0.0,0.000306,0.0,False,,unrated
personal hygiene,personal hygiene,,False,sunscreen,2026-02,1,1,36,0.000439,0.0,,False,0.857488,unrated
personal space,personal space,,False,sunscreen,2025-06,1,1,36,0.0,0.000194,0.0,False,,unrated
personality,personality,,False,sunscreen,2026-07,1,1,36,0.000269,0.0,,False,0.494083,unrated
pest analysis,pest analysis,,False,sunscreen,2025-07,1,1,36,0.0,0.000189,0.0,False,,unrated
petal,petal,,False,sunscreen,2024-01,1,1,36,0.0,0.000118,0.0,False,,unrated
petrochemical,petrochemical,,False,sunscreen,2026-06,1,1,36,0.000285,0.0,,False,0.482759,unrated
petroleum,petroleum,,False,sunscreen,2025-12,1,1,36,0.00031,0.0,,False,0.387372,unrated
petroleum engineering,petroleum engineering,,False,sunscreen,2025-07,1,1,36,0.0,0.000189,0.0,False,,unrated
petroleum product,petroleum product,,False,sunscreen,2025-12,1,1,36,0.00031,0.0,,False,0.387372,unrated
phagocytosis,phagocytosis,,False,sunscreen,2024-07,1,1,36,0.0,0.000283,0.0,False,,unrated
pharmaceutical sciences,pharmaceutical sciences,,False,sunscreen,2025-07,1,1,36,0.0,0.000189,0.0,False,,unrated
pharmacogenomics,pharmacogenomics,,False,sunscreen,2026-05,1,1,36,0.000334,0.0,,False,0.454044,unrated
pharmacopoeia,pharmacopoeia,,False,sunscreen,2026-03,1,1,36,0.000297,0.0,,False,0.436275,unrated
pharmacotherapy,pharmacotherapy,,False,sunscreen,2025-01,1,1,36,0.0,0.000102,0.0,False,,unrated
pharmacovigilance,pharmacovigilance,,False,sunscreen,2025-11,1,1,36,0.000392,0.0,,False,0.359914,unrated
phase change,phase change,,False,sunscreen,2024-05,1,1,36,0.0,0.000262,0.0,False,,unrated
phase change material,phase change material,,False,sunscreen,2024-05,1,1,36,0.0,0.000262,0.0,False,,unrated
phase transition,phase transition,,False,sunscreen,2026-04,1,1,36,0.000371,0.0,,False,0.44898,unrated
phenformin,phenformin,,False,sunscreen,2024-02,1,1,36,0.0,0.000344,0.0,False,,unrated
pheophytin,pheophytin,,False,sunscreen,2025-01,1,1,36,0.0,0.000102,0.0,False,,unrated
phlebotomy,phlebotomy,,False,sunscreen,2026-08,1,1,36,0.0,0.0,,False,,unrated
phloretin,phloretin,,False,sunscreen,2024-08,1,1,36,0.0,0.000306,0.0,False,,unrated
phloroglucinol,phloroglucinol,,False,sunscreen,2025-12,1,1,36,0.00031,0.0,,False,0.387372,unrated
phonon,phonon,,False,sunscreen,2026-02,1,1,36,0.000439,0.0,,False,0.396135,unrated
phosphatase,phosphatase,,False,sunscreen,2025-10,1,1,36,0.000411,0.0,,False,0.289593,unrated
phosphatidylcholine,phosphatidylcholine,,False,sunscreen,2023-10,1,1,36,0.0,0.000272,0.0,False,,unrated
phosphatidylglycerol,phosphatidylglycerol,,False,sunscreen,2023-10,1,1,36,0.0,0.000272,0.0,False,,unrated
phosphofructokinase,phosphofructokinase,,False,sunscreen,2023-12,1,1,36,0.0,0.000257,0.0,False,,unrated
phosphonate,phosphonate,,False,sunscreen,2026-08,1,1,36,0.0,0.0,,False,,unrated
phosphorus deficiency,phosphorus deficiency,,False,sunscreen,2025-05,1,1,36,0.0,0.000225,0.0,False,,unrated
photic zone,photic zone,,False,sunscreen,2023-09,1,1,36,0.0,0.000244,0.0,False,,unrated
photoacoustic imaging in biomedicine,photoacoustic imaging in biomedicine,,False,sunscreen,2025-11,1,1,36,0.000392,0.0,,False,0.359914,unrated
photodiode,photodiode,,False,sunscreen,2026-02,1,1,36,0.000439,0.0,,False,0.396135,unrated
photomultiplier,photomultiplier,,False,sunscreen,2023-11,1,1,36,0.0,0.000285,0.0,False,,unrated
photon upconversion,photon upconversion,,False,sunscreen,2025-01,1,1,36,0.0,0.000102,0.0,False,,unrated
photoperiodism,photoperiodism,,False,sunscreen,2025-07,1,1,36,0.0,0.000189,0.0,False,,unrated
photophosphorylation,photophosphorylation,,False,sunscreen,2026-03,1,1,36,0.000297,0.0,,False,0.436275,unrated
photoplethysmogram,photoplethysmogram,,False,sunscreen,2025-09,1,1,36,0.000358,0.0,,False,0.307087,unrated
photoreceptor cell,photoreceptor cell,,False,sunscreen,2025-01,1,1,36,0.0,0.000102,0.0,False,,unrated
photoredox catalysis,photoredox catalysis,,False,sunscreen,2025-01,1,1,36,0.0,0.000102,0.0,False,,unrated
photoresist,photoresist,,False,sunscreen,2025-05,1,1,36,0.0,0.000225,0.0,False,,unrated
photostimulation,photostimulation,,False,sunscreen,2025-07,1,1,36,0.0,0.000189,0.0,False,,unrated
phototropism,phototropism,,False,sunscreen,2024-12,1,1,36,0.0,0.000206,0.0,False,,unrated
phthalocyanine,phthalocyanine,,False,sunscreen,2025-12,1,1,36,0.00031,0.0,,False,0.387372,unrated
phycobiliprotein,phycobiliprotein,,False,sunscreen,2025-01,1,1,36,0.0,0.000102,0.0,False,,unrated
phycoerythrin,phycoerythrin,,False,sunscreen,2026-05,1,1,36,0.000334,0.0,,False,0.454044,unrated
phyllanthus emblica,phyllanthus emblica,,False,sunscreen,2025-11,1,1,36,0.000392,0.0,,False,0.952586,unrated
phyllosphere,phyllosphere,,False,sunscreen,2026-06,1,1,36,0.000285,0.0,,False,0.482759,unrated
phylogenomics,phylogenomics,,False,sunscreen,2025-07,1,1,36,0.0,0.000189,0.0,False,,unrated
phylum,phylum,,False,sunscreen,2023-09,1,1,36,0.0,0.000244,0.0,False,,unrated
physcomitrella patens,physcomitrella patens,,False,sunscreen,2025-07,1,1,36,0.0,0.000189,0.0,False,,unrated
physical attractiveness,physical attractiveness,,False,sunscreen,2025-11,1,1,36,0.000392,0.0,,False,0.359914,unrated
physical culture,physical culture,,False,sunscreen,2025-03,1,1,36,0.0,0.000269,0.0,False,,unrated
physical exercise,physical exercise,,False,sunscreen,2024-05,1,1,36,0.0,0.000262,0.0,False,,unrated
physical fitness,physical fitness,,False,sunscreen,2025-01,1,1,36,0.0,0.000102,0.0,False,,unrated
phytoene desaturase,phytoene desaturase,,False,sunscreen,2025-07,1,1,36,0.0,0.000189,0.0,False,,unrated
phytohaemagglutinin,phytohaemagglutinin,,False,sunscreen,2024-07,1,1,36,0.0,0.000283,0.0,False,,unrated
phytol,phytol,,False,sunscreen,2025-12,1,1,36,0.00031,0.0,,False,0.829352,unrated
phytomedicine,phytomedicine,,False,sunscreen,2023-09,1,1,36,0.0,0.000244,0.0,False,,unrated
phytosterol,phytosterol,,False,sunscreen,2024-07,1,1,36,0.0,0.000283,0.0,False,,unrated
pica (typography),pica (typography),,False,sunscreen,2025-02,1,1,36,0.0,0.000302,0.0,False,,unrated
piceatannol,piceatannol,,False,sunscreen,2025-10,1,1,36,0.000411,0.0,,False,0.289593,unrated
pichia,pichia,,False,sunscreen,2026-05,1,1,36,0.000334,0.0,,False,0.454044,unrated
pichia pastoris,pichia pastoris,,False,sunscreen,2026-05,1,1,36,0.000334,0.0,,False,0.454044,unrated
pileus,pileus,,False,sunscreen,2026-05,1,1,36,0.000334,0.0,,False,0.454044,unrated
pilotage,pilotage,,False,sunscreen,2025-07,1,1,36,0.0,0.000189,0.0,False,,unrated
pineal gland,pineal gland,,False,sunscreen,2026-07,1,1,36,0.000269,0.0,,False,0.494083,unrated
pinellia,pinellia,,False,sunscreen,2025-08,1,1,36,0.0,0.000208,0.0,False,,unrated
pinellia ternata,pinellia ternata,,False,sunscreen,2025-08,1,1,36,0.0,0.000208,0.0,False,,unrated
pinocembrin,pinocembrin,,False,sunscreen,2025-04,1,1,36,0.0,0.000218,0.0,False,,unrated
pipette,pipette,,False,sunscreen,2025-01,1,1,36,0.0,0.000102,0.0,False,,unrated
pistia,pistia,,False,sunscreen,2025-04,1,1,36,0.0,0.000218,0.0,False,,unrated
pityriasis rubra pilaris,pityriasis rubra pilaris,,False,sunscreen,2026-03,1,1,36,0.000297,0.0,,False,0.436275,unrated
pixel,pixel,,False,sunscreen,2023-11,1,1,36,0.0,0.000285,0.0,False,,unrated
plan (archaeology),plan (archaeology),,False,sunscreen,2025-01,1,1,36,0.0,0.000102,0.0,False,,unrated
planaria,planaria,,False,sunscreen,2025-12,1,1,36,0.00031,0.0,,False,0.829352,unrated
planet,planet,,False,sunscreen,2026-08,1,1,36,0.0,0.0,,False,,unrated
plant biochemistry,plant biochemistry,,False,sunscreen,2024-11,1,1,36,0.0,0.000238,0.0,False,,unrated
plant breeding,plant breeding,,False,sunscreen,2024-02,1,1,36,0.0,0.000344,0.0,False,,unrated
plant ecology,plant ecology,,False,sunscreen,2026-06,1,1,36,0.000285,0.0,,False,0.482759,unrated
plant evolution,plant evolution,,False,sunscreen,2025-07,1,1,36,0.0,0.000189,0.0,False,,unrated
plant hormone,plant hormone,,False,sunscreen,2025-09,1,1,36,0.000358,0.0,,False,0.307087,unrated
plant metabolism,plant metabolism,,False,sunscreen,2026-04,1,1,36,0.000371,0.0,,False,0.981633,unrated
plant production,plant production,,False,sunscreen,2026-01,1,1,36,0.000227,0.0,,False,0.42375,unrated
plant science,plant science,,False,sunscreen,2026-07,1,1,36,0.000269,0.0,,False,0.494083,unrated
plant virus,plant virus,,False,sunscreen,2026-07,1,1,36,0.000269,0.0,,False,0.494083,unrated
plasma concentration,plasma concentration,,False,sunscreen,2023-09,1,1,36,0.0,0.000244,0.0,False,,unrated
plasma protein binding,plasma protein binding,,False,sunscreen,2026-06,1,1,36,0.000285,0.0,,False,0.482759,unrated
plasmonic solar cell,plasmonic solar cell,,False,sunscreen,2026-07,1,1,36,0.000269,0.0,,False,0.494083,unrated
plastic film,plastic film,,False,sunscreen,2024-08,1,1,36,0.0,0.000306,0.0,False,,unrated
plastic surgery,plastic surgery,,False,sunscreen,2024-01,1,1,36,0.0,0.000118,0.0,False,,unrated
plastic waste,plastic waste,,False,sunscreen,2024-08,1,1,36,0.0,0.000306,0.0,False,,unrated
plate count,plate count,,False,sunscreen,2026-07,1,1,36,0.000269,0.0,,False,0.494083,unrated
plateau (mathematics),plateau (mathematics),,False,sunscreen,2025-10,1,1,36,0.000411,0.0,,False,0.961538,unrated
pleasure,pleasure,,False,sunscreen,2026-03,1,1,36,0.000297,0.0,,False,0.436275,unrated
plga,plga,,False,sunscreen,2024-02,1,1,36,0.0,0.000344,0.0,False,,unrated
plumage,plumage,,False,sunscreen,2026-03,1,1,36,0.000297,0.0,,False,0.926471,unrated
plumbagin,plumbagin,,False,sunscreen,2026-07,1,1,36,0.000269,0.0,,False,0.494083,unrated
pneumonitis,pneumonitis,,False,sunscreen,2025-06,1,1,36,0.0,0.000194,0.0,False,,unrated
pocillopora damicornis,pocillopora damicornis,,False,sunscreen,2025-06,1,1,36,0.0,0.000194,0.0,False,,unrated
podophyllotoxin,podophyllotoxin,,False,sunscreen,2026-06,1,1,36,0.000285,0.0,,False,0.482759,unrated
poisson distribution,poisson distribution,,False,sunscreen,2025-08,1,1,36,0.0,0.000208,0.0,False,,unrated
polar night,polar night,,False,sunscreen,2024-08,1,1,36,0.0,0.000306,0.0,False,,unrated
polarizability,polarizability,,False,sunscreen,2025-04,1,1,36,0.0,0.000218,0.0,False,,unrated
polarizable continuum model,polarizable continuum model,,False,sunscreen,2025-04,1,1,36,0.0,0.000218,0.0,False,,unrated
poloxamer 407,poloxamer 407,,False,sunscreen,2026-03,1,1,36,0.000297,0.0,,False,0.436275,unrated
polycaprolactone,polycaprolactone,,False,sunscreen,2026-07,1,1,36,0.000269,0.0,,False,0.494083,unrated
polycarbonate,polycarbonate,,False,sunscreen,2026-02,1,1,36,0.000439,0.0,,False,0.396135,unrated
polychaete,polychaete,,False,sunscreen,2024-02,1,1,36,0.0,0.000344,0.0,False,,unrated
polygonum,polygonum,,False,sunscreen,2024-07,1,1,36,0.0,0.000283,0.0,False,,unrated
polyhydroxyalkanoates,polyhydroxyalkanoates,,False,sunscreen,2025-08,1,1,36,0.0,0.000208,0.0,False,,unrated
polymer solar cell,polymer solar cell,,False,sunscreen,2023-09,1,1,36,0.0,0.000244,0.0,False,,unrated
polymersome,polymersome,,False,sunscreen,2025-01,1,1,36,0.0,0.000102,0.0,False,,unrated
polymethyl methacrylate,polymethyl methacrylate,,False,sunscreen,2026-08,1,1,36,0.0,0.0,,False,,unrated
polymyositis,polymyositis,,False,sunscreen,2024-04,1,1,36,0.0,0.000304,0.0,False,,unrated
polyolefin,polyolefin,,False,sunscreen,2024-04,1,1,36,0.0,0.000304,0.0,False,,unrated
polypodiaceae,polypodiaceae,,False,sunscreen,2024-01,1,1,36,0.0,0.000118,0.0,False,,unrated
polypyrrole,polypyrrole,,False,sunscreen,2026-01,1,1,36,0.000227,0.0,,False,0.42375,unrated
polysorbate,polysorbate,,False,sunscreen,2025-12,1,1,36,0.00031,0.0,,False,0.387372,unrated
polyurea,polyurea,,False,sunscreen,2023-09,1,1,36,0.0,0.000244,0.0,False,,unrated
polyvinylidene fluoride,polyvinylidene fluoride,,False,sunscreen,2025-09,1,1,36,0.000358,0.0,,False,0.307087,unrated
pongamia,pongamia,,False,sunscreen,2024-06,1,1,36,0.0,0.000233,0.0,False,,unrated
pooling,pooling,,False,sunscreen,2023-12,1,1,36,0.0,0.000257,0.0,False,,unrated
popular culture,popular culture,,False,sunscreen,2026-06,1,1,36,0.000285,0.0,,False,0.482759,unrated
population density,population density,,False,sunscreen,2023-11,1,1,36,0.0,0.000285,0.0,False,,unrated
porokeratosis,porokeratosis,,False,sunscreen,2024-05,1,1,36,0.0,0.000262,0.0,False,,unrated
porous medium,porous medium,,False,sunscreen,2024-03,1,1,36,0.0,0.000306,0.0,False,,unrated
port wine,port wine,,False,sunscreen,2025-06,1,1,36,0.0,0.000194,0.0,False,,unrated
port wine stain,port wine stain,,False,sunscreen,2025-06,1,1,36,0.0,0.000194,0.0,False,,unrated
portable water purification,portable water purification,,False,sunscreen,2024-01,1,1,36,0.0,0.000118,0.0,False,,unrated
portuguese,portuguese,,False,sunscreen,2025-01,1,1,36,0.0,0.000102,0.0,False,,unrated
positive attitude,positive attitude,,False,sunscreen,2023-10,1,1,36,0.0,0.000272,0.0,False,,unrated
postpartum period,postpartum period,,False,sunscreen,2026-04,1,1,36,0.000371,0.0,,False,0.44898,unrated
potamogetonaceae,potamogetonaceae,,False,sunscreen,2024-07,1,1,36,0.0,0.000283,0.0,False,,unrated
potassium titanyl phosphate,potassium titanyl phosphate,,False,sunscreen,2026-03,1,1,36,0.000297,0.0,,False,0.436275,unrated
potentiometric sensor,potentiometric sensor,,False,sunscreen,2024-08,1,1,36,0.0,0.000306,0.0,False,,unrated
poverty,poverty,,False,sunscreen,2026-04,1,1,36,0.000371,0.0,,False,0.44898,unrated
precision agriculture,precision agriculture,,False,sunscreen,2026-03,1,1,36,0.000297,0.0,,False,0.436275,unrated
predictive value,predictive value,,False,sunscreen,2025-09,1,1,36,0.000358,0.0,,False,0.978346,unrated
predictive value of tests,predictive value of tests,,False,sunscreen,2026-07,1,1,36,0.000269,0.0,,False,0.494083,unrated
pregnane x receptor,pregnane x receptor,,False,sunscreen,2024-05,1,1,36,0.0,0.000262,0.0,False,,unrated
prehypertension,prehypertension,,False,sunscreen,2023-09,1,1,36,0.0,0.000244,0.0,False,,unrated
prenatal care,prenatal care,,False,sunscreen,2026-07,1,1,36,0.000269,0.0,,False,0.494083,unrated
prenatal exposure,prenatal exposure,,False,sunscreen,2024-10,1,1,36,0.0,0.000274,0.0,False,,unrated
preparedness,preparedness,,False,sunscreen,2026-03,1,1,36,0.000297,0.0,,False,0.436275,unrated
presbyopia,presbyopia,,False,sunscreen,2026-02,1,1,36,0.000439,0.0,,False,0.396135,unrated
present day,present day,,False,sunscreen,2025-06,1,1,36,0.0,0.000194,0.0,False,,unrated
present value,present value,,False,sunscreen,2026-06,1,1,36,0.000285,0.0,,False,0.482759,unrated
prevalence,prevalence,,False,sunscreen,2026-05,1,1,36,0.000334,0.0,,False,0.454044,unrated
primary care physician,primary care physician,,False,sunscreen,2026-07,1,1,36,0.000269,0.0,,False,0.494083,unrated
primary education,primary education,,False,sunscreen,2025-10,1,1,36,0.000411,0.0,,False,0.289593,unrated
primary health care,primary health care,,False,sunscreen,2026-01,1,1,36,0.000227,0.0,,False,0.42375,unrated
primary metabolite,primary metabolite,,False,sunscreen,2026-01,1,1,36,0.000227,0.0,,False,0.42375,unrated
prison,prison,,False,sunscreen,2026-07,1,1,36,0.000269,0.0,,False,0.494083,unrated
problematization,problematization,,False,sunscreen,2026-05,1,1,36,0.000334,0.0,,False,0.454044,unrated
procambarus clarkii,procambarus clarkii,,False,sunscreen,2026-05,1,1,36,0.000334,0.0,,False,0.454044,unrated
process automation system,process automation system,,False,sunscreen,2024-09,1,1,36,0.0,0.000239,0.0,False,,unrated
process development,process development,,False,sunscreen,2026-06,1,1,36,0.000285,0.0,,False,0.482759,unrated
procurement,procurement,,False,sunscreen,2025-08,1,1,36,0.0,0.000208,0.0,False,,unrated
product type,product type,,False,sunscreen,2026-04,1,1,36,0.000371,0.0,,False,0.44898,unrated
professional development,professional development,,False,sunscreen,2026-03,1,1,36,0.000297,0.0,,False,0.436275,unrated
profit (economics),profit (economics),,False,sunscreen,2026-06,1,1,36,0.000285,0.0,,False,0.482759,unrated
progesterone receptor,progesterone receptor,,False,sunscreen,2024-02,1,1,36,0.0,0.000344,0.0,False,,unrated
program evaluation,program evaluation,,False,sunscreen,2026-04,1,1,36,0.000371,0.0,,False,0.44898,unrated
programming language,programming language,,False,sunscreen,2024-11,1,1,36,0.0,0.000238,0.0,False,,unrated
prologue,prologue,,False,sunscreen,2025-06,1,1,36,0.0,0.000194,0.0,False,,unrated
promoter,promoter,,False,sunscreen,2026-05,1,1,36,0.000334,0.0,,False,0.454044,unrated
propensity score matching,propensity score matching,,False,sunscreen,2025-07,1,1,36,0.0,0.000189,0.0,False,,unrated
propionate,propionate,,False,sunscreen,2024-03,1,1,36,0.0,0.000306,0.0,False,,unrated
propionibacterium acnes,propionibacterium acnes,,False,sunscreen,2026-03,1,1,36,0.000297,0.0,,False,0.99183,unrated
propyl gallate,propyl gallate,,False,sunscreen,2023-11,1,1,36,0.0,0.000285,0.0,False,,unrated
propylene oxide,propylene oxide,,False,sunscreen,2023-12,1,1,36,0.0,0.000257,0.0,False,,unrated
prosopis juliflora,prosopis juliflora,,False,sunscreen,2024-04,1,1,36,0.0,0.000304,0.0,False,,unrated
prostate,prostate,,False,sunscreen,2023-10,1,1,36,0.0,0.000272,0.0,False,,unrated
prostate cancer,prostate cancer,,False,sunscreen,2025-06,1,1,36,0.0,0.000194,0.0,False,,unrated
protease,protease,,False,sunscreen,2026-01,1,1,36,0.000227,0.0,,False,0.95625,unrated
proteases,proteases,,False,sunscreen,2026-04,1,1,36,0.000371,0.0,,False,0.981633,unrated
protein aggregation,protein aggregation,,False,sunscreen,2023-09,1,1,36,0.0,0.000244,0.0,False,,unrated
protein expression,protein expression,,False,sunscreen,2024-10,1,1,36,0.0,0.000274,0.0,False,,unrated
protein precipitation,protein precipitation,,False,sunscreen,2024-03,1,1,36,0.0,0.000306,0.0,False,,unrated
proteobacteria,proteobacteria,,False,sunscreen,2023-12,1,1,36,0.0,0.000257,0.0,False,,unrated
protochlorophyllide,protochlorophyllide,,False,sunscreen,2026-04,1,1,36,0.000371,0.0,,False,0.981633,unrated
proton nmr,proton nmr,,False,sunscreen,2023-09,1,1,36,0.0,0.000244,0.0,False,,unrated
protoporphyrin,protoporphyrin,,False,sunscreen,2024-09,1,1,36,0.0,0.000239,0.0,False,,unrated
provocation test,provocation test,,False,sunscreen,2025-01,1,1,36,0.0,0.000102,0.0,False,,unrated
proximal muscle weakness,proximal muscle weakness,,False,sunscreen,2026-05,1,1,36,0.000334,0.0,,False,0.454044,unrated
proxy (statistics),proxy (statistics),,False,sunscreen,2026-01,1,1,36,0.000227,0.0,,False,0.42375,unrated
prunus,prunus,,False,sunscreen,2026-03,1,1,36,0.000297,0.0,,False,0.436275,unrated
pseudomonas putida,pseudomonas putida,,False,sunscreen,2024-06,1,1,36,0.0,0.000233,0.0,False,,unrated
pseudoscience,pseudoscience,,False,sunscreen,2025-12,1,1,36,0.00031,0.0,,False,0.829352,unrated
psoralea corylifolia,psoralea corylifolia,,False,sunscreen,2025-01,1,1,36,0.0,0.000102,0.0,False,,unrated
psoralen,psoralen,,False,sunscreen,2023-10,1,1,36,0.0,0.000272,0.0,False,,unrated
psychoeducation,psychoeducation,,False,sunscreen,2026-05,1,1,36,0.000334,0.0,,False,0.454044,unrated
psychological stress,psychological stress,,False,sunscreen,2026-02,1,1,36,0.000439,0.0,,False,0.857488,unrated
psychrophile,psychrophile,,False,sunscreen,2024-07,1,1,36,0.0,0.000283,0.0,False,,unrated
psycinfo,psycinfo,,False,sunscreen,2024-02,1,1,36,0.0,0.000344,0.0,False,,unrated
pteridaceae,pteridaceae,,False,sunscreen,2025-09,1,1,36,0.000358,0.0,,False,0.307087,unrated
pubchem,pubchem,,False,sunscreen,2026-02,1,1,36,0.000439,0.0,,False,0.396135,unrated
public administration,public administration,,False,sunscreen,2024-05,1,1,36,0.0,0.000262,0.0,False,,unrated
public economics,public economics,,False,sunscreen,2025-05,1,1,36,0.0,0.000225,0.0,False,,unrated
public education,public education,,False,sunscreen,2025-10,1,1,36,0.000411,0.0,,False,0.649321,unrated
public good,public good,,False,sunscreen,2026-04,1,1,36,0.000371,0.0,,False,0.44898,unrated
public health interventions,public health interventions,,False,sunscreen,2023-11,1,1,36,0.0,0.000285,0.0,False,,unrated
public health law,public health law,,False,sunscreen,2024-06,1,1,36,0.0,0.000233,0.0,False,,unrated
public health nursing,public health nursing,,False,sunscreen,2025-12,1,1,36,0.00031,0.0,,False,0.387372,unrated
public health surveillance,public health surveillance,,False,sunscreen,2025-05,1,1,36,0.0,0.000225,0.0,False,,unrated
public healthcare,public healthcare,,False,sunscreen,2025-12,1,1,36,0.00031,0.0,,False,0.387372,unrated
public information,public information,,False,sunscreen,2026-03,1,1,36,0.000297,0.0,,False,0.436275,unrated
public interest,public interest,,False,sunscreen,2026-07,1,1,36,0.000269,0.0,,False,0.494083,unrated
public participation,public participation,,False,sunscreen,2026-01,1,1,36,0.000227,0.0,,False,0.42375,unrated
publication bias,publication bias,,False,sunscreen,2025-08,1,1,36,0.0,0.000208,0.0,False,,unrated
publicity,publicity,,False,sunscreen,2026-06,1,1,36,0.000285,0.0,,False,0.482759,unrated
pulmonary fibrosis,pulmonary fibrosis,,False,sunscreen,2026-02,1,1,36,0.000439,0.0,,False,0.857488,unrated
pulsar,pulsar,,False,sunscreen,2024-01,1,1,36,0.0,0.000118,0.0,False,,unrated
pulse (music),pulse (music),,False,sunscreen,2025-09,1,1,36,0.000358,0.0,,False,0.307087,unrated
pulse oximetry,pulse oximetry,,False,sunscreen,2025-09,1,1,36,0.000358,0.0,,False,0.307087,unrated
pulsed laser,pulsed laser,,False,sunscreen,2025-06,1,1,36,0.0,0.000194,0.0,False,,unrated
pulsed laser deposition,pulsed laser deposition,,False,sunscreen,2026-02,1,1,36,0.000439,0.0,,False,0.396135,unrated
pure mathematics,pure mathematics,,False,sunscreen,2025-08,1,1,36,0.0,0.000208,0.0,False,,unrated
putrescine,putrescine,,False,sunscreen,2025-11,1,1,36,0.000392,0.0,,False,0.782328,unrated
pyoderma gangrenosum,pyoderma gangrenosum,,False,sunscreen,2025-07,1,1,36,0.0,0.000189,0.0,False,,unrated
pyoverdine,pyoverdine,,False,sunscreen,2023-09,1,1,36,0.0,0.000244,0.0,False,,unrated
pyridine,pyridine,,False,sunscreen,2024-05,1,1,36,0.0,0.000262,0.0,False,,unrated
pyrus communis,pyrus communis,,False,sunscreen,2025-09,1,1,36,0.000358,0.0,,False,0.698819,unrated
pyruvate carboxylase,pyruvate carboxylase,,False,sunscreen,2024-01,1,1,36,0.0,0.000118,0.0,False,,unrated
pyruvic acid,pyruvic acid,,False,sunscreen,2023-12,1,1,36,0.0,0.000257,0.0,False,,unrated
péclet number,péclet number,,False,sunscreen,2026-03,1,1,36,0.000297,0.0,,False,0.436275,unrated
quality assurance,quality assurance,,False,sunscreen,2025-08,1,1,36,0.0,0.000208,0.0,False,,unrated
quality management,quality management,,False,sunscreen,2026-08,1,1,36,0.0,0.0,,False,,unrated
quantitative descriptive analysis,quantitative descriptive analysis,,False,sunscreen,2026-04,1,1,36,0.000371,0.0,,False,0.44898,unrated
quantum decoherence,quantum decoherence,,False,sunscreen,2026-02,1,1,36,0.000439,0.0,,False,0.396135,unrated
quantum operation,quantum operation,,False,sunscreen,2026-02,1,1,36,0.000439,0.0,,False,0.396135,unrated
quantum system,quantum system,,False,sunscreen,2025-12,1,1,36,0.00031,0.0,,False,0.387372,unrated
quarter (canadian coin),quarter (canadian coin),,False,sunscreen,2024-05,1,1,36,0.0,0.000262,0.0,False,,unrated
quartz,quartz,,False,sunscreen,2023-10,1,1,36,0.0,0.000272,0.0,False,,unrated
queer,queer,,False,sunscreen,2024-01,1,1,36,0.0,0.000118,0.0,False,,unrated
quercus serrata,quercus serrata,,False,sunscreen,2024-01,1,1,36,0.0,0.000118,0.0,False,,unrated
quorum sensing,quorum sensing,,False,sunscreen,2026-07,1,1,36,0.000269,0.0,,False,0.494083,unrated
racial differences,racial differences,,False,sunscreen,2025-09,1,1,36,0.000358,0.0,,False,0.307087,unrated
radiance,radiance,,False,sunscreen,2023-09,1,1,36,0.0,0.000244,0.0,False,,unrated
radiation damage,radiation damage,,False,sunscreen,2026-01,1,1,36,0.000227,0.0,,False,0.42375,unrated
radiation dose,radiation dose,,False,sunscreen,2025-03,1,1,36,0.0,0.000269,0.0,False,,unrated
radiation injury,radiation injury,,False,sunscreen,2026-01,1,1,36,0.000227,0.0,,False,0.42375,unrated
radiation monitoring,radiation monitoring,,False,sunscreen,2025-09,1,1,36,0.000358,0.0,,False,0.307087,unrated
radiation tolerance,radiation tolerance,,False,sunscreen,2026-07,1,1,36,0.000269,0.0,,False,0.494083,unrated
radiative forcing,radiative forcing,,False,sunscreen,2026-08,1,1,36,0.0,0.0,,False,,unrated
radiator (engine cooling),radiator (engine cooling),,False,sunscreen,2024-11,1,1,36,0.0,0.000238,0.0,False,,unrated
radicle,radicle,,False,sunscreen,2023-10,1,1,36,0.0,0.000272,0.0,False,,unrated
radiometry,radiometry,,False,sunscreen,2026-08,1,1,36,0.0,0.0,,False,,unrated
radiomics,radiomics,,False,sunscreen,2025-11,1,1,36,0.000392,0.0,,False,0.359914,unrated
radioresistance,radioresistance,,False,sunscreen,2026-01,1,1,36,0.000227,0.0,,False,0.42375,unrated
rainbow trout,rainbow trout,,False,sunscreen,2024-05,1,1,36,0.0,0.000262,0.0,False,,unrated
raising (metalworking),raising (metalworking),,False,sunscreen,2025-12,1,1,36,0.00031,0.0,,False,0.387372,unrated
ralstonia solanacearum,ralstonia solanacearum,,False,sunscreen,2024-04,1,1,36,0.0,0.000304,0.0,False,,unrated
raman scattering,raman scattering,,False,sunscreen,2026-07,1,1,36,0.000269,0.0,,False,0.494083,unrated
ramie,ramie,,False,sunscreen,2024-10,1,1,36,0.0,0.000274,0.0,False,,unrated
ramsar site,ramsar site,,False,sunscreen,2026-05,1,1,36,0.000334,0.0,,False,0.454044,unrated
random forest,random forest,,False,sunscreen,2026-01,1,1,36,0.000227,0.0,,False,0.89375,unrated
randomization,randomization,,False,sunscreen,2023-11,1,1,36,0.0,0.000285,0.0,False,,unrated
ranging,ranging,,False,sunscreen,2025-07,1,1,36,0.0,0.000189,0.0,False,,unrated
rank (graph theory),rank (graph theory),,False,sunscreen,2026-01,1,1,36,0.000227,0.0,,False,0.42375,unrated
rankl,rankl,,False,sunscreen,2025-11,1,1,36,0.000392,0.0,,False,0.782328,unrated
rate ratio,rate ratio,,False,sunscreen,2023-10,1,1,36,0.0,0.000272,0.0,False,,unrated
ratón,ratón,,False,sunscreen,2025-11,1,1,36,0.000392,0.0,,False,0.782328,unrated
reactive intermediate,reactive intermediate,,False,sunscreen,2026-06,1,1,36,0.000285,0.0,,False,0.482759,unrated
reactive nitrogen species,reactive nitrogen species,,False,sunscreen,2026-05,1,1,36,0.000334,0.0,,False,0.952206,unrated
real time computing,real time computing,,False,sunscreen,2024-03,1,1,36,0.0,0.000306,0.0,False,,unrated
real time polymerase chain reaction,real time polymerase chain reaction,,False,sunscreen,2023-10,1,1,36,0.0,0.000272,0.0,False,,unrated
realization (probability),realization (probability),,False,sunscreen,2026-06,1,1,36,0.000285,0.0,,False,0.482759,unrated
recipe,recipe,,False,sunscreen,2026-08,1,1,36,0.0,0.0,,False,,unrated
recombination,recombination,,False,sunscreen,2025-01,1,1,36,0.0,0.000102,0.0,False,,unrated
recreational use,recreational use,,False,sunscreen,2025-01,1,1,36,0.0,0.000102,0.0,False,,unrated
rectal examination,rectal examination,,False,sunscreen,2023-10,1,1,36,0.0,0.000272,0.0,False,,unrated
rectum,rectum,,False,sunscreen,2023-10,1,1,36,0.0,0.000272,0.0,False,,unrated
red cabbage,red cabbage,,False,sunscreen,2025-09,1,1,36,0.000358,0.0,,False,0.307087,unrated
red edge,red edge,,False,sunscreen,2026-01,1,1,36,0.000227,0.0,,False,0.42375,unrated
red giant branch,red giant branch,,False,sunscreen,2023-10,1,1,36,0.0,0.000272,0.0,False,,unrated
red meat,red meat,,False,sunscreen,2025-04,1,1,36,0.0,0.000218,0.0,False,,unrated
red shift,red shift,,False,sunscreen,2024-09,1,1,36,0.0,0.000239,0.0,False,,unrated
red tide,red tide,,False,sunscreen,2025-12,1,1,36,0.00031,0.0,,False,0.387372,unrated
redistribution (election),redistribution (election),,False,sunscreen,2026-03,1,1,36,0.000297,0.0,,False,0.436275,unrated
reductase,reductase,,False,sunscreen,2024-11,1,1,36,0.0,0.000238,0.0,False,,unrated
redundancy (engineering),redundancy (engineering),,False,sunscreen,2026-04,1,1,36,0.000371,0.0,,False,0.934694,unrated
reference data,reference data,,False,sunscreen,2026-05,1,1,36,0.000334,0.0,,False,0.454044,unrated
reference dose,reference dose,,False,sunscreen,2024-08,1,1,36,0.0,0.000306,0.0,False,,unrated
reference values,reference values,,False,sunscreen,2026-05,1,1,36,0.000334,0.0,,False,0.454044,unrated
reflexivity,reflexivity,,False,sunscreen,2026-05,1,1,36,0.000334,0.0,,False,0.454044,unrated
regional science,regional science,,False,sunscreen,2025-01,1,1,36,0.0,0.000102,0.0,False,,unrated
regioselectivity,regioselectivity,,False,sunscreen,2024-02,1,1,36,0.0,0.000344,0.0,False,,unrated
regulator gene,regulator gene,,False,sunscreen,2026-03,1,1,36,0.000297,0.0,,False,0.436275,unrated
regulatory reform,regulatory reform,,False,sunscreen,2026-03,1,1,36,0.000297,0.0,,False,0.436275,unrated
regulatory sequence,regulatory sequence,,False,sunscreen,2026-04,1,1,36,0.000371,0.0,,False,0.981633,unrated
regulon,regulon,,False,sunscreen,2026-04,1,1,36,0.000371,0.0,,False,0.981633,unrated
reimbursement,reimbursement,,False,sunscreen,2024-09,1,1,36,0.0,0.000239,0.0,False,,unrated
reinforcement,reinforcement,,False,sunscreen,2026-05,1,1,36,0.000334,0.0,,False,0.454044,unrated
reionization,reionization,,False,sunscreen,2025-11,1,1,36,0.000392,0.0,,False,0.359914,unrated
relative species abundance,relative species abundance,,False,sunscreen,2025-04,1,1,36,0.0,0.000218,0.0,False,,unrated
relative standard deviation,relative standard deviation,,False,sunscreen,2026-07,1,1,36,0.000269,0.0,,False,0.494083,unrated
relative survival,relative survival,,False,sunscreen,2026-05,1,1,36,0.000334,0.0,,False,0.454044,unrated
remote control,remote control,,False,sunscreen,2025-12,1,1,36,0.00031,0.0,,False,0.387372,unrated
renewable resource,renewable resource,,False,sunscreen,2026-08,1,1,36,0.0,0.0,,False,,unrated
replication (statistics),replication (statistics),,False,sunscreen,2025-09,1,1,36,0.000358,0.0,,False,0.307087,unrated
repressor,repressor,,False,sunscreen,2025-12,1,1,36,0.00031,0.0,,False,0.829352,unrated
reproductive isolation,reproductive isolation,,False,sunscreen,2026-01,1,1,36,0.000227,0.0,,False,0.42375,unrated
reproductive medicine,reproductive medicine,,False,sunscreen,2025-10,1,1,36,0.000411,0.0,,False,0.649321,unrated
reprogramming,reprogramming,,False,sunscreen,2026-02,1,1,36,0.000439,0.0,,False,0.396135,unrated
resampling,resampling,,False,sunscreen,2026-06,1,1,36,0.000285,0.0,,False,0.482759,unrated
research article,research article,,False,sunscreen,2026-05,1,1,36,0.000334,0.0,,False,0.454044,unrated
research ethics,research ethics,,False,sunscreen,2026-01,1,1,36,0.000227,0.0,,False,0.42375,unrated
research vessel,research vessel,,False,sunscreen,2026-02,1,1,36,0.000439,0.0,,False,0.396135,unrated
resonance enhanced multiphoton ionization,resonance enhanced multiphoton ionization,,False,sunscreen,2026-01,1,1,36,0.000227,0.0,,False,0.89375,unrated
resorption,resorption,,False,sunscreen,2026-03,1,1,36,0.000297,0.0,,False,0.436275,unrated
resource allocation,resource allocation,,False,sunscreen,2025-10,1,1,36,0.000411,0.0,,False,0.649321,unrated
resource management (computing),resource management (computing),,False,sunscreen,2026-01,1,1,36,0.000227,0.0,,False,0.42375,unrated
respiration,respiration,,False,sunscreen,2024-01,1,1,36,0.0,0.000118,0.0,False,,unrated
respiratory infection,respiratory infection,,False,sunscreen,2024-05,1,1,36,0.0,0.000262,0.0,False,,unrated
respiratory tract infections,respiratory tract infections,,False,sunscreen,2024-05,1,1,36,0.0,0.000262,0.0,False,,unrated
rest (music),rest (music),,False,sunscreen,2025-12,1,1,36,0.00031,0.0,,False,0.387372,unrated
retail sales,retail sales,,False,sunscreen,2025-10,1,1,36,0.000411,0.0,,False,0.289593,unrated
reticulate,reticulate,,False,sunscreen,2026-06,1,1,36,0.000285,0.0,,False,0.482759,unrated
retinitis pigmentosa,retinitis pigmentosa,,False,sunscreen,2026-04,1,1,36,0.000371,0.0,,False,0.44898,unrated
retinoid x receptor alpha,retinoid x receptor alpha,,False,sunscreen,2025-10,1,1,36,0.000411,0.0,,False,0.911765,unrated
retinyl palmitate,retinyl palmitate,,False,sunscreen,2026-04,1,1,36,0.000371,0.0,,False,0.934694,unrated
return on investment,return on investment,,False,sunscreen,2026-06,1,1,36,0.000285,0.0,,False,0.482759,unrated
rgb color model,rgb color model,,False,sunscreen,2026-07,1,1,36,0.000269,0.0,,False,0.494083,unrated
rhabdomyolysis,rhabdomyolysis,,False,sunscreen,2026-04,1,1,36,0.000371,0.0,,False,0.44898,unrated
rhamnolipid,rhamnolipid,,False,sunscreen,2025-03,1,1,36,0.0,0.000269,0.0,False,,unrated
rheometry,rheometry,,False,sunscreen,2026-08,1,1,36,0.0,0.0,,False,,unrated
rheum (plant),rheum (plant),,False,sunscreen,2025-07,1,1,36,0.0,0.000189,0.0,False,,unrated
rheumatology,rheumatology,,False,sunscreen,2023-10,1,1,36,0.0,0.000272,0.0,False,,unrated
rhizobia,rhizobia,,False,sunscreen,2025-10,1,1,36,0.000411,0.0,,False,0.289593,unrated
rhodiola,rhodiola,,False,sunscreen,2024-05,1,1,36,0.0,0.000262,0.0,False,,unrated
rhodobacter,rhodobacter,,False,sunscreen,2025-08,1,1,36,0.0,0.000208,0.0,False,,unrated
rhodospirillum rubrum,rhodospirillum rubrum,,False,sunscreen,2025-07,1,1,36,0.0,0.000189,0.0,False,,unrated
ribes,ribes,,False,sunscreen,2025-07,1,1,36,0.0,0.000189,0.0,False,,unrated
rice bran oil,rice bran oil,,False,sunscreen,2023-12,1,1,36,0.0,0.000257,0.0,False,,unrated
rice plant,rice plant,,False,sunscreen,2024-03,1,1,36,0.0,0.000306,0.0,False,,unrated
rice straw,rice straw,,False,sunscreen,2025-04,1,1,36,0.0,0.000218,0.0,False,,unrated
ricinus,ricinus,,False,sunscreen,2024-01,1,1,36,0.0,0.000118,0.0,False,,unrated
rigour,rigour,,False,sunscreen,2025-12,1,1,36,0.00031,0.0,,False,0.994881,unrated
ringwoodite,ringwoodite,,False,sunscreen,2026-01,1,1,36,0.000227,0.0,,False,0.42375,unrated
risk management,risk management,,False,sunscreen,2025-09,1,1,36,0.000358,0.0,,False,0.307087,unrated
risk prevention,risk prevention,,False,sunscreen,2025-09,1,1,36,0.000358,0.0,,False,0.698819,unrated
risk society,risk society,,False,sunscreen,2026-05,1,1,36,0.000334,0.0,,False,0.454044,unrated
rituximab,rituximab,,False,sunscreen,2026-05,1,1,36,0.000334,0.0,,False,0.454044,unrated
rna interference,rna interference,,False,sunscreen,2023-10,1,1,36,0.0,0.000272,0.0,False,,unrated
rna seq,rna seq,,False,sunscreen,2025-07,1,1,36,0.0,0.000189,0.0,False,,unrated
rod,rod,,False,sunscreen,2024-12,1,1,36,0.0,0.000206,0.0,False,,unrated
roll to roll processing,roll to roll processing,,False,sunscreen,2025-12,1,1,36,0.00031,0.0,,False,0.912969,unrated
romanian,romanian,,False,sunscreen,2024-05,1,1,36,0.0,0.000262,0.0,False,,unrated
root cause analysis,root cause analysis,,False,sunscreen,2025-08,1,1,36,0.0,0.000208,0.0,False,,unrated
rosa × damascena,rosa × damascena,,False,sunscreen,2025-10,1,1,36,0.000411,0.0,,False,0.289593,unrated
rotational dynamics,rotational dynamics,,False,sunscreen,2026-07,1,1,36,0.000269,0.0,,False,0.494083,unrated
round robin test,round robin test,,False,sunscreen,2025-09,1,1,36,0.000358,0.0,,False,0.698819,unrated
route of administration,route of administration,,False,sunscreen,2024-03,1,1,36,0.0,0.000306,0.0,False,,unrated
router,router,,False,sunscreen,2024-01,1,1,36,0.0,0.000118,0.0,False,,unrated
royal jelly,royal jelly,,False,sunscreen,2023-12,1,1,36,0.0,0.000257,0.0,False,,unrated
rubella,rubella,,False,sunscreen,2024-05,1,1,36,0.0,0.000262,0.0,False,,unrated
ruditapes,ruditapes,,False,sunscreen,2023-12,1,1,36,0.0,0.000257,0.0,False,,unrated
rurality,rurality,,False,sunscreen,2026-07,1,1,36,0.000269,0.0,,False,0.494083,unrated
rutaceae,rutaceae,,False,sunscreen,2025-04,1,1,36,0.0,0.000218,0.0,False,,unrated
ruthenium,ruthenium,,False,sunscreen,2023-11,1,1,36,0.0,0.000285,0.0,False,,unrated
s nitrosylation,s nitrosylation,,False,sunscreen,2026-02,1,1,36,0.000439,0.0,,False,0.396135,unrated
sabinene,sabinene,,False,sunscreen,2026-07,1,1,36,0.000269,0.0,,False,0.494083,unrated
saccharum officinarum,saccharum officinarum,,False,sunscreen,2026-08,1,1,36,0.0,0.0,,False,,unrated
sacrum,sacrum,,False,sunscreen,2024-11,1,1,36,0.0,0.000238,0.0,False,,unrated
safeguard,safeguard,,False,sunscreen,2026-01,1,1,36,0.000227,0.0,,False,0.42375,unrated
safranal,safranal,,False,sunscreen,2023-11,1,1,36,0.0,0.000285,0.0,False,,unrated
sales forecasting,sales forecasting,,False,sunscreen,2025-10,1,1,36,0.000411,0.0,,False,0.289593,unrated
sales journal,sales journal,,False,sunscreen,2025-10,1,1,36,0.000411,0.0,,False,0.289593,unrated
sales management,sales management,,False,sunscreen,2025-10,1,1,36,0.000411,0.0,,False,0.289593,unrated
salient,salient,,False,sunscreen,2026-01,1,1,36,0.000227,0.0,,False,0.42375,unrated
saline,saline,,False,sunscreen,2026-04,1,1,36,0.000371,0.0,,False,0.44898,unrated
salmonella,salmonella,,False,sunscreen,2025-01,1,1,36,0.0,0.000102,0.0,False,,unrated
salt marsh,salt marsh,,False,sunscreen,2026-01,1,1,36,0.000227,0.0,,False,0.42375,unrated
salting out,salting out,,False,sunscreen,2023-09,1,1,36,0.0,0.000244,0.0,False,,unrated
salvia officinalis,salvia officinalis,,False,sunscreen,2024-11,1,1,36,0.0,0.000238,0.0,False,,unrated
saponification,saponification,,False,sunscreen,2025-10,1,1,36,0.000411,0.0,,False,0.289593,unrated
saponification value,saponification value,,False,sunscreen,2025-10,1,1,36,0.000411,0.0,,False,0.289593,unrated
satellite,satellite,,False,sunscreen,2026-06,1,1,36,0.000285,0.0,,False,0.482759,unrated
saturniidae,saturniidae,,False,sunscreen,2025-01,1,1,36,0.0,0.000102,0.0,False,,unrated
sawdust,sawdust,,False,sunscreen,2025-02,1,1,36,0.0,0.000302,0.0,False,,unrated
sbml,sbml,,False,sunscreen,2025-10,1,1,36,0.000411,0.0,,False,0.289593,unrated
scabies,scabies,,False,sunscreen,2026-03,1,1,36,0.000297,0.0,,False,0.436275,unrated
scaffold protein,scaffold protein,,False,sunscreen,2026-05,1,1,36,0.000334,0.0,,False,0.454044,unrated
scalable vector graphics,scalable vector graphics,,False,sunscreen,2024-10,1,1,36,0.0,0.000274,0.0,False,,unrated
scar tissue,scar tissue,,False,sunscreen,2025-04,1,1,36,0.0,0.000218,0.0,False,,unrated
scenedesmus,scenedesmus,,False,sunscreen,2026-07,1,1,36,0.000269,0.0,,False,0.494083,unrated
scenedesmus obliquus,scenedesmus obliquus,,False,sunscreen,2025-07,1,1,36,0.0,0.000189,0.0,False,,unrated
scheduling (production processes),scheduling (production processes),,False,sunscreen,2025-01,1,1,36,0.0,0.000102,0.0,False,,unrated
schizophrenia (object oriented programming),schizophrenia (object oriented programming),,False,sunscreen,2025-07,1,1,36,0.0,0.000189,0.0,False,,unrated
scielo,scielo,,False,sunscreen,2025-11,1,1,36,0.000392,0.0,,False,0.359914,unrated
science communication,science communication,,False,sunscreen,2025-03,1,1,36,0.0,0.000269,0.0,False,,unrated
scientific literature,scientific literature,,False,sunscreen,2024-01,1,1,36,0.0,0.000118,0.0,False,,unrated
scintillation,scintillation,,False,sunscreen,2025-09,1,1,36,0.000358,0.0,,False,0.962598,unrated
scleroderma (fungus),scleroderma (fungus),,False,sunscreen,2025-03,1,1,36,0.0,0.000269,0.0,False,,unrated
scroll,scroll,,False,sunscreen,2025-07,1,1,36,0.0,0.000189,0.0,False,,unrated
scuba diving,scuba diving,,False,sunscreen,2025-02,1,1,36,0.0,0.000302,0.0,False,,unrated
sculpture,sculpture,,False,sunscreen,2026-07,1,1,36,0.000269,0.0,,False,0.494083,unrated
scylla paramamosain,scylla paramamosain,,False,sunscreen,2023-10,1,1,36,0.0,0.000272,0.0,False,,unrated
sea bass,sea bass,,False,sunscreen,2024-05,1,1,36,0.0,0.000262,0.0,False,,unrated
sea coast,sea coast,,False,sunscreen,2025-06,1,1,36,0.0,0.000194,0.0,False,,unrated
sea ice,sea ice,,False,sunscreen,2024-08,1,1,36,0.0,0.000306,0.0,False,,unrated
sea salt,sea salt,,False,sunscreen,2026-02,1,1,36,0.000439,0.0,,False,0.396135,unrated
seabird,seabird,,False,sunscreen,2023-11,1,1,36,0.0,0.000285,0.0,False,,unrated
sebastes,sebastes,,False,sunscreen,2023-09,1,1,36,0.0,0.000244,0.0,False,,unrated
seborrhoeic dermatitis,seborrhoeic dermatitis,,False,sunscreen,2026-01,1,1,36,0.000227,0.0,,False,0.42375,unrated
second law of thermodynamics,second law of thermodynamics,,False,sunscreen,2025-05,1,1,36,0.0,0.000225,0.0,False,,unrated
secondary cell wall,secondary cell wall,,False,sunscreen,2026-05,1,1,36,0.000334,0.0,,False,0.952206,unrated
secondary growth,secondary growth,,False,sunscreen,2026-05,1,1,36,0.000334,0.0,,False,0.952206,unrated
secondary syphilis,secondary syphilis,,False,sunscreen,2023-09,1,1,36,0.0,0.000244,0.0,False,,unrated
sedum,sedum,,False,sunscreen,2025-07,1,1,36,0.0,0.000189,0.0,False,,unrated
seebeck coefficient,seebeck coefficient,,False,sunscreen,2026-07,1,1,36,0.000269,0.0,,False,0.494083,unrated
selected reaction monitoring,selected reaction monitoring,,False,sunscreen,2023-09,1,1,36,0.0,0.000244,0.0,False,,unrated
selenastrum,selenastrum,,False,sunscreen,2024-05,1,1,36,0.0,0.000262,0.0,False,,unrated
semaglutide,semaglutide,,False,sunscreen,2025-07,1,1,36,0.0,0.000189,0.0,False,,unrated
semantic web,semantic web,,False,sunscreen,2024-05,1,1,36,0.0,0.000262,0.0,False,,unrated
semen quality,semen quality,,False,sunscreen,2024-09,1,1,36,0.0,0.000239,0.0,False,,unrated
semicarbazone,semicarbazone,,False,sunscreen,2024-11,1,1,36,0.0,0.000238,0.0,False,,unrated
semiochemical,semiochemical,,False,sunscreen,2025-07,1,1,36,0.0,0.000189,0.0,False,,unrated
sensation,sensation,,False,sunscreen,2025-03,1,1,36,0.0,0.000269,0.0,False,,unrated
sensory cue,sensory cue,,False,sunscreen,2023-10,1,1,36,0.0,0.000272,0.0,False,,unrated
sensu,sensu,,False,sunscreen,2026-05,1,1,36,0.000334,0.0,,False,0.952206,unrated
sentinel lymph node,sentinel lymph node,,False,sunscreen,2025-08,1,1,36,0.0,0.000208,0.0,False,,unrated
separation method,separation method,,False,sunscreen,2026-01,1,1,36,0.000227,0.0,,False,0.42375,unrated
sephadex,sephadex,,False,sunscreen,2024-08,1,1,36,0.0,0.000306,0.0,False,,unrated
sepiolite,sepiolite,,False,sunscreen,2025-06,1,1,36,0.0,0.000194,0.0,False,,unrated
serbian,serbian,,False,sunscreen,2025-06,1,1,36,0.0,0.000194,0.0,False,,unrated
serial dilution,serial dilution,,False,sunscreen,2023-12,1,1,36,0.0,0.000257,0.0,False,,unrated
serious game,serious game,,False,sunscreen,2026-08,1,1,36,0.0,0.0,,False,,unrated
serotonin reuptake inhibitor,serotonin reuptake inhibitor,,False,sunscreen,2024-01,1,1,36,0.0,0.000118,0.0,False,,unrated
serotonin syndrome,serotonin syndrome,,False,sunscreen,2026-01,1,1,36,0.000227,0.0,,False,0.42375,unrated
sertraline,sertraline,,False,sunscreen,2024-01,1,1,36,0.0,0.000118,0.0,False,,unrated
serum albumin,serum albumin,,False,sunscreen,2024-04,1,1,36,0.0,0.000304,0.0,False,,unrated
service quality,service quality,,False,sunscreen,2025-06,1,1,36,0.0,0.000194,0.0,False,,unrated
sesame seed,sesame seed,,False,sunscreen,2025-06,1,1,36,0.0,0.000194,0.0,False,,unrated
sesamol,sesamol,,False,sunscreen,2024-07,1,1,36,0.0,0.000283,0.0,False,,unrated
sesamum,sesamum,,False,sunscreen,2026-06,1,1,36,0.000285,0.0,,False,0.482759,unrated
sesquioxide,sesquioxide,,False,sunscreen,2026-02,1,1,36,0.000439,0.0,,False,0.396135,unrated
session (web analytics),session (web analytics),,False,sunscreen,2026-08,1,1,36,0.0,0.0,,False,,unrated
sexual behavior,sexual behavior,,False,sunscreen,2024-12,1,1,36,0.0,0.000206,0.0,False,,unrated
sexualization,sexualization,,False,sunscreen,2025-12,1,1,36,0.00031,0.0,,False,0.829352,unrated
sexually transmitted disease,sexually transmitted disease,,False,sunscreen,2023-09,1,1,36,0.0,0.000244,0.0,False,,unrated
shape memory alloy,shape memory alloy,,False,sunscreen,2023-12,1,1,36,0.0,0.000257,0.0,False,,unrated
shear (geology),shear (geology),,False,sunscreen,2025-06,1,1,36,0.0,0.000194,0.0,False,,unrated
shear modulus,shear modulus,,False,sunscreen,2024-08,1,1,36,0.0,0.000306,0.0,False,,unrated
shear rate,shear rate,,False,sunscreen,2025-06,1,1,36,0.0,0.000194,0.0,False,,unrated
shear thinning,shear thinning,,False,sunscreen,2026-03,1,1,36,0.000297,0.0,,False,0.436275,unrated
shear waves,shear waves,,False,sunscreen,2025-06,1,1,36,0.0,0.000194,0.0,False,,unrated
shellac,shellac,,False,sunscreen,2025-02,1,1,36,0.0,0.000302,0.0,False,,unrated
shield,shield,,False,sunscreen,2025-11,1,1,36,0.000392,0.0,,False,0.359914,unrated
shikimic acid,shikimic acid,,False,sunscreen,2026-01,1,1,36,0.000227,0.0,,False,0.42375,unrated
shit,shit,,False,sunscreen,2023-09,1,1,36,0.0,0.000244,0.0,False,,unrated
shore,shore,,False,sunscreen,2025-10,1,1,36,0.000411,0.0,,False,0.771493,unrated
shoulders,shoulders,,False,sunscreen,2026-06,1,1,36,0.000285,0.0,,False,0.482759,unrated
shrew,shrew,,False,sunscreen,2023-10,1,1,36,0.0,0.000272,0.0,False,,unrated
sibling,sibling,,False,sunscreen,2026-04,1,1,36,0.000371,0.0,,False,0.44898,unrated
siderophore,siderophore,,False,sunscreen,2023-09,1,1,36,0.0,0.000244,0.0,False,,unrated
sigma,sigma,,False,sunscreen,2025-01,1,1,36,0.0,0.000102,0.0,False,,unrated
signaling proteins,signaling proteins,,False,sunscreen,2026-07,1,1,36,0.000269,0.0,,False,0.494083,unrated
signalling pathways,signalling pathways,,False,sunscreen,2026-01,1,1,36,0.000227,0.0,,False,0.42375,unrated
signs and symptoms,signs and symptoms,,False,sunscreen,2026-03,1,1,36,0.000297,0.0,,False,0.436275,unrated
silibinin,silibinin,,False,sunscreen,2024-01,1,1,36,0.0,0.000118,0.0,False,,unrated
silica gel,silica gel,,False,sunscreen,2026-01,1,1,36,0.000227,0.0,,False,0.42375,unrated
silicon solar cell,silicon solar cell,,False,sunscreen,2025-06,1,1,36,0.0,0.000194,0.0,False,,unrated
silique,silique,,False,sunscreen,2025-07,1,1,36,0.0,0.000189,0.0,False,,unrated
siloxane,siloxane,,False,sunscreen,2024-02,1,1,36,0.0,0.000344,0.0,False,,unrated
silsesquioxane,silsesquioxane,,False,sunscreen,2024-11,1,1,36,0.0,0.000238,0.0,False,,unrated
silver nano,silver nano,,False,sunscreen,2023-09,1,1,36,0.0,0.000244,0.0,False,,unrated
silybum marianum,silybum marianum,,False,sunscreen,2025-06,1,1,36,0.0,0.000194,0.0,False,,unrated
silylation,silylation,,False,sunscreen,2024-02,1,1,36,0.0,0.000344,0.0,False,,unrated
simazine,simazine,,False,sunscreen,2025-10,1,1,36,0.000411,0.0,,False,0.771493,unrated
simple linear regression,simple linear regression,,False,sunscreen,2025-02,1,1,36,0.0,0.000302,0.0,False,,unrated
simulated body fluid,simulated body fluid,,False,sunscreen,2024-05,1,1,36,0.0,0.000262,0.0,False,,unrated
simulated patient,simulated patient,,False,sunscreen,2026-07,1,1,36,0.000269,0.0,,False,0.494083,unrated
sirtuin,sirtuin,,False,sunscreen,2026-01,1,1,36,0.000227,0.0,,False,0.42375,unrated
sister,sister,,False,sunscreen,2025-12,1,1,36,0.00031,0.0,,False,0.387372,unrated
sitting,sitting,,False,sunscreen,2026-01,1,1,36,0.000227,0.0,,False,0.42375,unrated
six sigma,six sigma,,False,sunscreen,2025-01,1,1,36,0.0,0.000102,0.0,False,,unrated
skin grafting,skin grafting,,False,sunscreen,2026-05,1,1,36,0.000334,0.0,,False,0.454044,unrated
skin sensitization,skin sensitization,,False,sunscreen,2026-02,1,1,36,0.000439,0.0,,False,0.396135,unrated
skin test,skin test,,False,sunscreen,2026-04,1,1,36,0.000371,0.0,,False,0.44898,unrated
skin tumor,skin tumor,,False,sunscreen,2023-09,1,1,36,0.0,0.000244,0.0,False,,unrated
skin tumours,skin tumours,,False,sunscreen,2026-04,1,1,36,0.000371,0.0,,False,0.44898,unrated
skylight,skylight,,False,sunscreen,2026-01,1,1,36,0.000227,0.0,,False,0.42375,unrated
sleep apnea,sleep apnea,,False,sunscreen,2025-03,1,1,36,0.0,0.000269,0.0,False,,unrated
smartphone app,smartphone app,,False,sunscreen,2026-07,1,1,36,0.000269,0.0,,False,0.494083,unrated
smoke,smoke,,False,sunscreen,2026-01,1,1,36,0.000227,0.0,,False,0.42375,unrated
smoking prevention,smoking prevention,,False,sunscreen,2026-02,1,1,36,0.000439,0.0,,False,0.396135,unrated
snapshot (computer storage),snapshot (computer storage),,False,sunscreen,2025-02,1,1,36,0.0,0.000302,0.0,False,,unrated
snowpack,snowpack,,False,sunscreen,2023-11,1,1,36,0.0,0.000285,0.0,False,,unrated
snp,snp,,False,sunscreen,2024-11,1,1,36,0.0,0.000238,0.0,False,,unrated
social cognition,social cognition,,False,sunscreen,2026-03,1,1,36,0.000297,0.0,,False,0.436275,unrated
social communication,social communication,,False,sunscreen,2025-12,1,1,36,0.00031,0.0,,False,0.387372,unrated
social comparison theory,social comparison theory,,False,sunscreen,2026-06,1,1,36,0.000285,0.0,,False,0.482759,unrated
social environment,social environment,,False,sunscreen,2025-09,1,1,36,0.000358,0.0,,False,0.307087,unrated
social identity theory,social identity theory,,False,sunscreen,2025-10,1,1,36,0.000411,0.0,,False,0.289593,unrated
social influence,social influence,,False,sunscreen,2025-09,1,1,36,0.000358,0.0,,False,0.307087,unrated
social policy,social policy,,False,sunscreen,2024-06,1,1,36,0.0,0.000233,0.0,False,,unrated
social semiotics,social semiotics,,False,sunscreen,2026-04,1,1,36,0.000371,0.0,,False,0.44898,unrated
social stigma,social stigma,,False,sunscreen,2026-05,1,1,36,0.000334,0.0,,False,0.454044,unrated
social vulnerability,social vulnerability,,False,sunscreen,2026-02,1,1,36,0.000439,0.0,,False,0.396135,unrated
sociocultural evolution,sociocultural evolution,,False,sunscreen,2025-01,1,1,36,0.0,0.000102,0.0,False,,unrated
sociology of education,sociology of education,,False,sunscreen,2023-12,1,1,36,0.0,0.000257,0.0,False,,unrated
sociology of scientific knowledge,sociology of scientific knowledge,,False,sunscreen,2026-04,1,1,36,0.000371,0.0,,False,0.981633,unrated
sod2,sod2,,False,sunscreen,2025-12,1,1,36,0.00031,0.0,,False,0.387372,unrated
sodium alginate,sodium alginate,,False,sunscreen,2025-06,1,1,36,0.0,0.000194,0.0,False,,unrated
sodium benzoate,sodium benzoate,,False,sunscreen,2026-02,1,1,36,0.000439,0.0,,False,0.857488,unrated
sodium dodecylbenzenesulfonate,sodium dodecylbenzenesulfonate,,False,sunscreen,2026-03,1,1,36,0.000297,0.0,,False,0.926471,unrated
sodium hypochlorite,sodium hypochlorite,,False,sunscreen,2025-07,1,1,36,0.0,0.000189,0.0,False,,unrated
sodium iodide symporter,sodium iodide symporter,,False,sunscreen,2026-01,1,1,36,0.000227,0.0,,False,0.42375,unrated
sodium metabisulfite,sodium metabisulfite,,False,sunscreen,2026-02,1,1,36,0.000439,0.0,,False,0.857488,unrated
soft matter,soft matter,,False,sunscreen,2026-04,1,1,36,0.000371,0.0,,False,0.44898,unrated
soil contamination,soil contamination,,False,sunscreen,2024-12,1,1,36,0.0,0.000206,0.0,False,,unrated
soil fertility,soil fertility,,False,sunscreen,2025-12,1,1,36,0.00031,0.0,,False,0.387372,unrated
soil fungi,soil fungi,,False,sunscreen,2026-06,1,1,36,0.000285,0.0,,False,0.482759,unrated
soil horizon,soil horizon,,False,sunscreen,2024-11,1,1,36,0.0,0.000238,0.0,False,,unrated
soil nutrients,soil nutrients,,False,sunscreen,2023-12,1,1,36,0.0,0.000257,0.0,False,,unrated
soil quality,soil quality,,False,sunscreen,2026-04,1,1,36,0.000371,0.0,,False,0.934694,unrated
solanaceae,solanaceae,,False,sunscreen,2024-11,1,1,36,0.0,0.000238,0.0,False,,unrated
solanum nigrum,solanum nigrum,,False,sunscreen,2025-07,1,1,36,0.0,0.000189,0.0,False,,unrated
solar energy conversion,solar energy conversion,,False,sunscreen,2026-04,1,1,36,0.000371,0.0,,False,0.934694,unrated
solar powered,solar powered,,False,sunscreen,2025-12,1,1,36,0.00031,0.0,,False,0.387372,unrated
solid mechanics,solid mechanics,,False,sunscreen,2026-08,1,1,36,0.0,0.0,,False,,unrated
solid state,solid state,,False,sunscreen,2024-10,1,1,36,0.0,0.000274,0.0,False,,unrated
solid state physics,solid state physics,,False,sunscreen,2026-03,1,1,36,0.000297,0.0,,False,0.436275,unrated
solid surface,solid surface,,False,sunscreen,2026-03,1,1,36,0.000297,0.0,,False,0.926471,unrated
solvation,solvation,,False,sunscreen,2025-06,1,1,36,0.0,0.000194,0.0,False,,unrated
somatic cell,somatic cell,,False,sunscreen,2023-10,1,1,36,0.0,0.000272,0.0,False,,unrated
sophora flavescens,sophora flavescens,,False,sunscreen,2026-04,1,1,36,0.000371,0.0,,False,0.44898,unrated
sos response,sos response,,False,sunscreen,2025-11,1,1,36,0.000392,0.0,,False,0.359914,unrated
sounding rocket,sounding rocket,,False,sunscreen,2023-09,1,1,36,0.0,0.000244,0.0,False,,unrated
southeast asia,southeast asia,,False,sunscreen,2025-09,1,1,36,0.000358,0.0,,False,0.307087,unrated
sowing,sowing,,False,sunscreen,2025-09,1,1,36,0.000358,0.0,,False,0.826772,unrated
soy protein,soy protein,,False,sunscreen,2026-07,1,1,36,0.000269,0.0,,False,0.494083,unrated
space charge,space charge,,False,sunscreen,2025-11,1,1,36,0.000392,0.0,,False,0.359914,unrated
space research,space research,,False,sunscreen,2026-02,1,1,36,0.000439,0.0,,False,0.396135,unrated
sparql,sparql,,False,sunscreen,2024-05,1,1,36,0.0,0.000262,0.0,False,,unrated
spatial variability,spatial variability,,False,sunscreen,2026-03,1,1,36,0.000297,0.0,,False,0.926471,unrated
spearman's rank correlation coefficient,spearman's rank correlation coefficient,,False,sunscreen,2025-06,1,1,36,0.0,0.000194,0.0,False,,unrated
special needs,special needs,,False,sunscreen,2026-02,1,1,36,0.000439,0.0,,False,0.396135,unrated
special section,special section,,False,sunscreen,2026-02,1,1,36,0.000439,0.0,,False,0.396135,unrated
spectral energy distribution,spectral energy distribution,,False,sunscreen,2025-10,1,1,36,0.000411,0.0,,False,0.289593,unrated
spectrometer,spectrometer,,False,sunscreen,2023-12,1,1,36,0.0,0.000257,0.0,False,,unrated
spectroradiometer,spectroradiometer,,False,sunscreen,2026-08,1,1,36,0.0,0.0,,False,,unrated
sperm motility,sperm motility,,False,sunscreen,2024-02,1,1,36,0.0,0.000344,0.0,False,,unrated
spermatogenesis,spermatogenesis,,False,sunscreen,2025-07,1,1,36,0.0,0.000189,0.0,False,,unrated
sphagnum,sphagnum,,False,sunscreen,2026-08,1,1,36,0.0,0.0,,False,,unrated
spheroid,spheroid,,False,sunscreen,2025-12,1,1,36,0.00031,0.0,,False,0.387372,unrated
sphingolipid,sphingolipid,,False,sunscreen,2025-06,1,1,36,0.0,0.000194,0.0,False,,unrated
sphingomyelin,sphingomyelin,,False,sunscreen,2026-06,1,1,36,0.000285,0.0,,False,0.482759,unrated
spillover effect,spillover effect,,False,sunscreen,2025-03,1,1,36,0.0,0.000269,0.0,False,,unrated
spin (aerodynamics),spin (aerodynamics),,False,sunscreen,2025-01,1,1,36,0.0,0.000102,0.0,False,,unrated
spin trapping,spin trapping,,False,sunscreen,2024-04,1,1,36,0.0,0.000304,0.0,False,,unrated
spina bifida,spina bifida,,False,sunscreen,2024-02,1,1,36,0.0,0.000344,0.0,False,,unrated
spinel,spinel,,False,sunscreen,2025-01,1,1,36,0.0,0.000102,0.0,False,,unrated
spintronics,spintronics,,False,sunscreen,2025-01,1,1,36,0.0,0.000102,0.0,False,,unrated
spironolactone,spironolactone,,False,sunscreen,2026-02,1,1,36,0.000439,0.0,,False,0.396135,unrated
spiropyran,spiropyran,,False,sunscreen,2023-10,1,1,36,0.0,0.000272,0.0,False,,unrated
spitzer space telescope,spitzer space telescope,,False,sunscreen,2026-08,1,1,36,0.0,0.0,,False,,unrated
spleen,spleen,,False,sunscreen,2024-01,1,1,36,0.0,0.000118,0.0,False,,unrated
splenectomy,splenectomy,,False,sunscreen,2024-01,1,1,36,0.0,0.000118,0.0,False,,unrated
splenocyte,splenocyte,,False,sunscreen,2024-07,1,1,36,0.0,0.000283,0.0,False,,unrated
sponge spicule,sponge spicule,,False,sunscreen,2025-01,1,1,36,0.0,0.000102,0.0,False,,unrated
spongy tissue,spongy tissue,,False,sunscreen,2024-04,1,1,36,0.0,0.000304,0.0,False,,unrated
sporopollenin,sporopollenin,,False,sunscreen,2025-10,1,1,36,0.000411,0.0,,False,0.289593,unrated
spots,spots,,False,sunscreen,2025-06,1,1,36,0.0,0.000194,0.0,False,,unrated
spouse,spouse,,False,sunscreen,2026-01,1,1,36,0.000227,0.0,,False,0.42375,unrated
spray characteristics,spray characteristics,,False,sunscreen,2026-02,1,1,36,0.000439,0.0,,False,0.396135,unrated
spray nozzle,spray nozzle,,False,sunscreen,2026-02,1,1,36,0.000439,0.0,,False,0.396135,unrated
squash,squash,,False,sunscreen,2025-11,1,1,36,0.000392,0.0,,False,0.877155,unrated
squirrel monkey,squirrel monkey,,False,sunscreen,2025-12,1,1,36,0.00031,0.0,,False,0.959044,unrated
stack (abstract data type),stack (abstract data type),,False,sunscreen,2025-08,1,1,36,0.0,0.000208,0.0,False,,unrated
staffing,staffing,,False,sunscreen,2026-06,1,1,36,0.000285,0.0,,False,0.482759,unrated
stamen,stamen,,False,sunscreen,2025-01,1,1,36,0.0,0.000102,0.0,False,,unrated
standard curve,standard curve,,False,sunscreen,2026-07,1,1,36,0.000269,0.0,,False,0.494083,unrated
standardized rate,standardized rate,,False,sunscreen,2025-12,1,1,36,0.00031,0.0,,False,0.387372,unrated
stannate,stannate,,False,sunscreen,2023-10,1,1,36,0.0,0.000272,0.0,False,,unrated
staphylococcal skin infections,staphylococcal skin infections,,False,sunscreen,2025-11,1,1,36,0.000392,0.0,,False,0.359914,unrated
staphylococcus,staphylococcus,,False,sunscreen,2025-11,1,1,36,0.000392,0.0,,False,0.359914,unrated
staphylococcus epidermidis,staphylococcus epidermidis,,False,sunscreen,2024-11,1,1,36,0.0,0.000238,0.0,False,,unrated
stargardt disease,stargardt disease,,False,sunscreen,2026-01,1,1,36,0.000227,0.0,,False,0.42375,unrated
staring,staring,,False,sunscreen,2026-05,1,1,36,0.000334,0.0,,False,0.454044,unrated
starvation,starvation,,False,sunscreen,2026-08,1,1,36,0.0,0.0,,False,,unrated
stat protein,stat protein,,False,sunscreen,2026-01,1,1,36,0.000227,0.0,,False,0.89375,unrated
stat3,stat3,,False,sunscreen,2026-01,1,1,36,0.000227,0.0,,False,0.89375,unrated
statin,statin,,False,sunscreen,2023-12,1,1,36,0.0,0.000257,0.0,False,,unrated
statistic,statistic,,False,sunscreen,2026-03,1,1,36,0.000297,0.0,,False,0.436275,unrated
statistical learning,statistical learning,,False,sunscreen,2025-10,1,1,36,0.000411,0.0,,False,0.289593,unrated
statistical model,statistical model,,False,sunscreen,2025-10,1,1,36,0.000411,0.0,,False,0.289593,unrated
statistical survey,statistical survey,,False,sunscreen,2025-02,1,1,36,0.0,0.000302,0.0,False,,unrated
statistician,statistician,,False,sunscreen,2024-11,1,1,36,0.0,0.000238,0.0,False,,unrated
statutory law,statutory law,,False,sunscreen,2026-06,1,1,36,0.000285,0.0,,False,0.482759,unrated
stenosis,stenosis,,False,sunscreen,2026-07,1,1,36,0.000269,0.0,,False,0.494083,unrated
stereotactic biopsy,stereotactic biopsy,,False,sunscreen,2026-06,1,1,36,0.000285,0.0,,False,0.482759,unrated
stereotype (uml),stereotype (uml),,False,sunscreen,2026-01,1,1,36,0.000227,0.0,,False,0.42375,unrated
stereotype threat,stereotype threat,,False,sunscreen,2026-01,1,1,36,0.000227,0.0,,False,0.42375,unrated
sterilization (economics),sterilization (economics),,False,sunscreen,2025-10,1,1,36,0.000411,0.0,,False,0.289593,unrated
steroid hormone,steroid hormone,,False,sunscreen,2025-09,1,1,36,0.000358,0.0,,False,0.931102,unrated
stingless bee,stingless bee,,False,sunscreen,2024-12,1,1,36,0.0,0.000206,0.0,False,,unrated
stock (firearms),stock (firearms),,False,sunscreen,2025-10,1,1,36,0.000411,0.0,,False,0.289593,unrated
storytelling,storytelling,,False,sunscreen,2025-06,1,1,36,0.0,0.000194,0.0,False,,unrated
stratiotes,stratiotes,,False,sunscreen,2025-04,1,1,36,0.0,0.000218,0.0,False,,unrated
streams,streams,,False,sunscreen,2024-08,1,1,36,0.0,0.000306,0.0,False,,unrated
streptomycetaceae,streptomycetaceae,,False,sunscreen,2026-03,1,1,36,0.000297,0.0,,False,0.436275,unrated
stress reduction,stress reduction,,False,sunscreen,2024-01,1,1,36,0.0,0.000118,0.0,False,,unrated
stress relief,stress relief,,False,sunscreen,2024-10,1,1,36,0.0,0.000274,0.0,False,,unrated
strigolactone,strigolactone,,False,sunscreen,2026-03,1,1,36,0.000297,0.0,,False,0.436275,unrated
string (physics),string (physics),,False,sunscreen,2025-02,1,1,36,0.0,0.000302,0.0,False,,unrated
stroma,stroma,,False,sunscreen,2024-03,1,1,36,0.0,0.000306,0.0,False,,unrated
structural basin,structural basin,,False,sunscreen,2026-07,1,1,36,0.000269,0.0,,False,0.994083,unrated
structural coloration,structural coloration,,False,sunscreen,2026-08,1,1,36,0.0,0.0,,False,,unrated
stylus,stylus,,False,sunscreen,2026-07,1,1,36,0.000269,0.0,,False,0.494083,unrated
subarachnoid hemorrhage,subarachnoid hemorrhage,,False,sunscreen,2024-02,1,1,36,0.0,0.000344,0.0,False,,unrated
subarctic climate,subarctic climate,,False,sunscreen,2026-01,1,1,36,0.000227,0.0,,False,0.42375,unrated
subculture (biology),subculture (biology),,False,sunscreen,2024-01,1,1,36,0.0,0.000118,0.0,False,,unrated
subfamily,subfamily,,False,sunscreen,2025-09,1,1,36,0.000358,0.0,,False,0.307087,unrated
subgroup analysis,subgroup analysis,,False,sunscreen,2025-08,1,1,36,0.0,0.000208,0.0,False,,unrated
submarine pipeline,submarine pipeline,,False,sunscreen,2025-11,1,1,36,0.000392,0.0,,False,0.877155,unrated
subsidized housing,subsidized housing,,False,sunscreen,2025-10,1,1,36,0.000411,0.0,,False,0.289593,unrated
subspecialty,subspecialty,,False,sunscreen,2026-02,1,1,36,0.000439,0.0,,False,0.857488,unrated
substance use,substance use,,False,sunscreen,2024-09,1,1,36,0.0,0.000239,0.0,False,,unrated
substrate specificity,substrate specificity,,False,sunscreen,2026-06,1,1,36,0.000285,0.0,,False,0.482759,unrated
subsurface flow,subsurface flow,,False,sunscreen,2026-03,1,1,36,0.000297,0.0,,False,0.926471,unrated
succinic acid,succinic acid,,False,sunscreen,2025-10,1,1,36,0.000411,0.0,,False,0.911765,unrated
sucrose phosphate synthase,sucrose phosphate synthase,,False,sunscreen,2023-10,1,1,36,0.0,0.000272,0.0,False,,unrated
sucrose synthase,sucrose synthase,,False,sunscreen,2023-10,1,1,36,0.0,0.000272,0.0,False,,unrated
suction,suction,,False,sunscreen,2024-05,1,1,36,0.0,0.000262,0.0,False,,unrated
suggestibility,suggestibility,,False,sunscreen,2026-03,1,1,36,0.000297,0.0,,False,0.436275,unrated
suite,suite,,False,sunscreen,2026-02,1,1,36,0.000439,0.0,,False,0.396135,unrated
sulfanilic acid,sulfanilic acid,,False,sunscreen,2025-12,1,1,36,0.00031,0.0,,False,0.387372,unrated
sulfation,sulfation,,False,sunscreen,2026-07,1,1,36,0.000269,0.0,,False,0.494083,unrated
summit,summit,,False,sunscreen,2026-07,1,1,36,0.000269,0.0,,False,0.494083,unrated
suncus,suncus,,False,sunscreen,2023-10,1,1,36,0.0,0.000272,0.0,False,,unrated
sunflower seed,sunflower seed,,False,sunscreen,2026-07,1,1,36,0.000269,0.0,,False,0.494083,unrated
superconductivity,superconductivity,,False,sunscreen,2024-09,1,1,36,0.0,0.000239,0.0,False,,unrated
supercritical fluid chromatography,supercritical fluid chromatography,,False,sunscreen,2025-09,1,1,36,0.000358,0.0,,False,0.826772,unrated
superficial spreading melanoma,superficial spreading melanoma,,False,sunscreen,2025-08,1,1,36,0.0,0.000208,0.0,False,,unrated
supply chain,supply chain,,False,sunscreen,2025-09,1,1,36,0.000358,0.0,,False,0.307087,unrated
supramolecular polymers,supramolecular polymers,,False,sunscreen,2025-01,1,1,36,0.0,0.000102,0.0,False,,unrated
surface charge,surface charge,,False,sunscreen,2025-10,1,1,36,0.000411,0.0,,False,0.911765,unrated
surface finish,surface finish,,False,sunscreen,2024-05,1,1,36,0.0,0.000262,0.0,False,,unrated
surface plasmon resonance,surface plasmon resonance,,False,sunscreen,2025-12,1,1,36,0.00031,0.0,,False,0.829352,unrated
surface roughness,surface roughness,,False,sunscreen,2024-05,1,1,36,0.0,0.000262,0.0,False,,unrated
surface structure,surface structure,,False,sunscreen,2026-07,1,1,36,0.000269,0.0,,False,0.494083,unrated
surgical oncology,surgical oncology,,False,sunscreen,2025-07,1,1,36,0.0,0.000189,0.0,False,,unrated
surprise,surprise,,False,sunscreen,2025-01,1,1,36,0.0,0.000102,0.0,False,,unrated
suspension (topology),suspension (topology),,False,sunscreen,2026-01,1,1,36,0.000227,0.0,,False,0.42375,unrated
sustainable business,sustainable business,,False,sunscreen,2025-01,1,1,36,0.0,0.000102,0.0,False,,unrated
sustainable design,sustainable design,,False,sunscreen,2026-01,1,1,36,0.000227,0.0,,False,0.42375,unrated
sustainable energy,sustainable energy,,False,sunscreen,2026-04,1,1,36,0.000371,0.0,,False,0.934694,unrated
sustainable tourism,sustainable tourism,,False,sunscreen,2024-10,1,1,36,0.0,0.000274,0.0,False,,unrated
swallowing,swallowing,,False,sunscreen,2024-03,1,1,36,0.0,0.000306,0.0,False,,unrated
swamp,swamp,,False,sunscreen,2026-05,1,1,36,0.000334,0.0,,False,0.454044,unrated
swarming motility,swarming motility,,False,sunscreen,2026-07,1,1,36,0.000269,0.0,,False,0.494083,unrated
sweet basil,sweet basil,,False,sunscreen,2024-05,1,1,36,0.0,0.000262,0.0,False,,unrated
swietenia macrophylla,swietenia macrophylla,,False,sunscreen,2023-10,1,1,36,0.0,0.000272,0.0,False,,unrated
swot analysis,swot analysis,,False,sunscreen,2023-09,1,1,36,0.0,0.000244,0.0,False,,unrated
symblepharon,symblepharon,,False,sunscreen,2024-01,1,1,36,0.0,0.000118,0.0,False,,unrated
sympatric speciation,sympatric speciation,,False,sunscreen,2026-03,1,1,36,0.000297,0.0,,False,0.436275,unrated
sympatry,sympatry,,False,sunscreen,2026-03,1,1,36,0.000297,0.0,,False,0.436275,unrated
synaptogenesis,synaptogenesis,,False,sunscreen,2025-10,1,1,36,0.000411,0.0,,False,0.857466,unrated
synbiotics,synbiotics,,False,sunscreen,2026-07,1,1,36,0.000269,0.0,,False,0.494083,unrated
synchronizing,synchronizing,,False,sunscreen,2025-07,1,1,36,0.0,0.000189,0.0,False,,unrated
synechococcus,synechococcus,,False,sunscreen,2024-12,1,1,36,0.0,0.000206,0.0,False,,unrated
syneresis,syneresis,,False,sunscreen,2025-01,1,1,36,0.0,0.000102,0.0,False,,unrated
synthetic cannabinoids,synthetic cannabinoids,,False,sunscreen,2024-04,1,1,36,0.0,0.000304,0.0,False,,unrated
synthetic data,synthetic data,,False,sunscreen,2026-03,1,1,36,0.000297,0.0,,False,0.436275,unrated
syphilis,syphilis,,False,sunscreen,2023-09,1,1,36,0.0,0.000244,0.0,False,,unrated
syringoma,syringoma,,False,sunscreen,2023-11,1,1,36,0.0,0.000285,0.0,False,,unrated
systematic sampling,systematic sampling,,False,sunscreen,2026-05,1,1,36,0.000334,0.0,,False,0.454044,unrated
systemic inflammation,systemic inflammation,,False,sunscreen,2025-02,1,1,36,0.0,0.000302,0.0,False,,unrated
systemic therapy,systemic therapy,,False,sunscreen,2025-11,1,1,36,0.000392,0.0,,False,0.359914,unrated
systems biology,systems biology,,False,sunscreen,2026-05,1,1,36,0.000334,0.0,,False,0.454044,unrated
t cell,t cell,,False,sunscreen,2025-01,1,1,36,0.0,0.000102,0.0,False,,unrated
table of contents,table of contents,,False,sunscreen,2023-11,1,1,36,0.0,0.000285,0.0,False,,unrated
tadalafil,tadalafil,,False,sunscreen,2025-01,1,1,36,0.0,0.000102,0.0,False,,unrated
tagetes patula,tagetes patula,,False,sunscreen,2023-10,1,1,36,0.0,0.000272,0.0,False,,unrated
tailings,tailings,,False,sunscreen,2025-12,1,1,36,0.00031,0.0,,False,0.387372,unrated
tartaric acid,tartaric acid,,False,sunscreen,2025-12,1,1,36,0.00031,0.0,,False,0.988055,unrated
task force,task force,,False,sunscreen,2024-04,1,1,36,0.0,0.000304,0.0,False,,unrated
taxifolin,taxifolin,,False,sunscreen,2026-03,1,1,36,0.000297,0.0,,False,0.436275,unrated
tbars,tbars,,False,sunscreen,2026-01,1,1,36,0.000227,0.0,,False,0.42375,unrated
teaching hospital,teaching hospital,,False,sunscreen,2024-06,1,1,36,0.0,0.000233,0.0,False,,unrated
technology transfer,technology transfer,,False,sunscreen,2024-03,1,1,36,0.0,0.000306,0.0,False,,unrated
telangiectasia,telangiectasia,,False,sunscreen,2025-10,1,1,36,0.000411,0.0,,False,0.289593,unrated
telemedicine,telemedicine,,False,sunscreen,2026-04,1,1,36,0.000371,0.0,,False,0.44898,unrated
telephone survey,telephone survey,,False,sunscreen,2025-08,1,1,36,0.0,0.000208,0.0,False,,unrated
tempe,tempe,,False,sunscreen,2024-05,1,1,36,0.0,0.000262,0.0,False,,unrated
terbium,terbium,,False,sunscreen,2025-09,1,1,36,0.000358,0.0,,False,0.962598,unrated
terminalia,terminalia,,False,sunscreen,2025-08,1,1,36,0.0,0.000208,0.0,False,,unrated
terminology,terminology,,False,sunscreen,2026-01,1,1,36,0.000227,0.0,,False,0.9775,unrated
terrace (agriculture),terrace (agriculture),,False,sunscreen,2024-01,1,1,36,0.0,0.000118,0.0,False,,unrated
test site,test site,,False,sunscreen,2026-04,1,1,36,0.000371,0.0,,False,0.44898,unrated
tetrabromobisphenol a,tetrabromobisphenol a,,False,sunscreen,2024-04,1,1,36,0.0,0.000304,0.0,False,,unrated
tetracycline,tetracycline,,False,sunscreen,2026-01,1,1,36,0.000227,0.0,,False,0.42375,unrated
tetramer,tetramer,,False,sunscreen,2026-07,1,1,36,0.000269,0.0,,False,0.494083,unrated
text message,text message,,False,sunscreen,2026-01,1,1,36,0.000227,0.0,,False,0.42375,unrated
texture (cosmology),texture (cosmology),,False,sunscreen,2025-06,1,1,36,0.0,0.000194,0.0,False,,unrated
tfeb,tfeb,,False,sunscreen,2024-06,1,1,36,0.0,0.000233,0.0,False,,unrated
thalassiosira weissflogii,thalassiosira weissflogii,,False,sunscreen,2026-03,1,1,36,0.000297,0.0,,False,0.436275,unrated
thalidomide,thalidomide,,False,sunscreen,2026-01,1,1,36,0.000227,0.0,,False,0.42375,unrated
thapsigargin,thapsigargin,,False,sunscreen,2026-05,1,1,36,0.000334,0.0,,False,0.952206,unrated
the arts,the arts,,False,sunscreen,2024-02,1,1,36,0.0,0.000344,0.0,False,,unrated
theaceae,theaceae,,False,sunscreen,2025-01,1,1,36,0.0,0.000102,0.0,False,,unrated
therapeutic approach,therapeutic approach,,False,sunscreen,2026-04,1,1,36,0.000371,0.0,,False,0.44898,unrated
therapeutic effect,therapeutic effect,,False,sunscreen,2026-03,1,1,36,0.000297,0.0,,False,0.926471,unrated
therapeutic modalities,therapeutic modalities,,False,sunscreen,2024-06,1,1,36,0.0,0.000233,0.0,False,,unrated
therapeutic window,therapeutic window,,False,sunscreen,2026-04,1,1,36,0.000371,0.0,,False,0.44898,unrated
thermal analysis,thermal analysis,,False,sunscreen,2026-06,1,1,36,0.000285,0.0,,False,0.482759,unrated
thermal conductivity,thermal conductivity,,False,sunscreen,2026-01,1,1,36,0.000227,0.0,,False,0.42375,unrated
thermal energy,thermal energy,,False,sunscreen,2026-04,1,1,36,0.000371,0.0,,False,0.934694,unrated
thermal energy storage,thermal energy storage,,False,sunscreen,2026-04,1,1,36,0.000371,0.0,,False,0.934694,unrated
thermal insulation,thermal insulation,,False,sunscreen,2023-09,1,1,36,0.0,0.000244,0.0,False,,unrated
thermal resistance,thermal resistance,,False,sunscreen,2023-09,1,1,36,0.0,0.000244,0.0,False,,unrated
thermopile,thermopile,,False,sunscreen,2024-09,1,1,36,0.0,0.000239,0.0,False,,unrated
thermoplastic,thermoplastic,,False,sunscreen,2024-03,1,1,36,0.0,0.000306,0.0,False,,unrated
thermoplastic elastomer,thermoplastic elastomer,,False,sunscreen,2024-03,1,1,36,0.0,0.000306,0.0,False,,unrated
thermostability,thermostability,,False,sunscreen,2024-05,1,1,36,0.0,0.000262,0.0,False,,unrated
thermus thermophilus,thermus thermophilus,,False,sunscreen,2024-02,1,1,36,0.0,0.000344,0.0,False,,unrated
thin layer chromatography,thin layer chromatography,,False,sunscreen,2025-02,1,1,36,0.0,0.000302,0.0,False,,unrated
thinning,thinning,,False,sunscreen,2025-09,1,1,36,0.000358,0.0,,False,0.826772,unrated
thio,thio,,False,sunscreen,2024-06,1,1,36,0.0,0.000233,0.0,False,,unrated
thiocyanate,thiocyanate,,False,sunscreen,2025-01,1,1,36,0.0,0.000102,0.0,False,,unrated
thioglycolic acid,thioglycolic acid,,False,sunscreen,2025-10,1,1,36,0.000411,0.0,,False,0.857466,unrated
thiol,thiol,,False,sunscreen,2024-07,1,1,36,0.0,0.000283,0.0,False,,unrated
third order,third order,,False,sunscreen,2024-06,1,1,36,0.0,0.000233,0.0,False,,unrated
thymine,thymine,,False,sunscreen,2024-02,1,1,36,0.0,0.000344,0.0,False,,unrated
thymocyte,thymocyte,,False,sunscreen,2024-07,1,1,36,0.0,0.000283,0.0,False,,unrated
thymus vulgaris,thymus vulgaris,,False,sunscreen,2025-06,1,1,36,0.0,0.000194,0.0,False,,unrated
thyroid cancer,thyroid cancer,,False,sunscreen,2026-03,1,1,36,0.000297,0.0,,False,0.436275,unrated
thyroid carcinoma,thyroid carcinoma,,False,sunscreen,2026-03,1,1,36,0.000297,0.0,,False,0.436275,unrated
thyroid disease,thyroid disease,,False,sunscreen,2025-09,1,1,36,0.000358,0.0,,False,0.698819,unrated
thyroid function,thyroid function,,False,sunscreen,2025-09,1,1,36,0.000358,0.0,,False,0.307087,unrated
thyroid hormone receptor,thyroid hormone receptor,,False,sunscreen,2026-03,1,1,36,0.000297,0.0,,False,0.436275,unrated
thyroid nodules,thyroid nodules,,False,sunscreen,2026-03,1,1,36,0.000297,0.0,,False,0.436275,unrated
tide pool,tide pool,,False,sunscreen,2024-01,1,1,36,0.0,0.000118,0.0,False,,unrated
tiger,tiger,,False,sunscreen,2023-09,1,1,36,0.0,0.000244,0.0,False,,unrated
tight junction,tight junction,,False,sunscreen,2025-10,1,1,36,0.000411,0.0,,False,0.911765,unrated
tigit,tigit,,False,sunscreen,2025-01,1,1,36,0.0,0.000102,0.0,False,,unrated
tilapia,tilapia,,False,sunscreen,2025-11,1,1,36,0.000392,0.0,,False,0.359914,unrated
time dependent density functional theory,time dependent density functional theory,,False,sunscreen,2025-02,1,1,36,0.0,0.000302,0.0,False,,unrated
time series,time series,,False,sunscreen,2025-01,1,1,36,0.0,0.000102,0.0,False,,unrated
timp1,timp1,,False,sunscreen,2024-02,1,1,36,0.0,0.000344,0.0,False,,unrated
tin dioxide,tin dioxide,,False,sunscreen,2026-01,1,1,36,0.000227,0.0,,False,0.42375,unrated
tingling,tingling,,False,sunscreen,2025-11,1,1,36,0.000392,0.0,,False,0.782328,unrated
tissue culture,tissue culture,,False,sunscreen,2024-06,1,1,36,0.0,0.000233,0.0,False,,unrated
tissue remodeling,tissue remodeling,,False,sunscreen,2026-05,1,1,36,0.000334,0.0,,False,0.454044,unrated
titanium tetrachloride,titanium tetrachloride,,False,sunscreen,2023-12,1,1,36,0.0,0.000257,0.0,False,,unrated
tithonia,tithonia,,False,sunscreen,2025-01,1,1,36,0.0,0.000102,0.0,False,,unrated
titration,titration,,False,sunscreen,2025-01,1,1,36,0.0,0.000102,0.0,False,,unrated
tlr3,tlr3,,False,sunscreen,2025-10,1,1,36,0.000411,0.0,,False,0.289593,unrated
tobacco leaf,tobacco leaf,,False,sunscreen,2025-05,1,1,36,0.0,0.000225,0.0,False,,unrated
tobacco product,tobacco product,,False,sunscreen,2026-05,1,1,36,0.000334,0.0,,False,0.454044,unrated
tooth brushing,tooth brushing,,False,sunscreen,2024-04,1,1,36,0.0,0.000304,0.0,False,,unrated
topical medication,topical medication,,False,sunscreen,2026-04,1,1,36,0.000371,0.0,,False,0.44898,unrated
topology (electrical circuits),topology (electrical circuits),,False,sunscreen,2025-04,1,1,36,0.0,0.000218,0.0,False,,unrated
torch,torch,,False,sunscreen,2024-03,1,1,36,0.0,0.000306,0.0,False,,unrated
total cholesterol,total cholesterol,,False,sunscreen,2025-09,1,1,36,0.000358,0.0,,False,0.307087,unrated
total organic carbon,total organic carbon,,False,sunscreen,2024-01,1,1,36,0.0,0.000118,0.0,False,,unrated
toxicodynamics,toxicodynamics,,False,sunscreen,2025-09,1,1,36,0.000358,0.0,,False,0.307087,unrated
toxicogenomics,toxicogenomics,,False,sunscreen,2024-11,1,1,36,0.0,0.000238,0.0,False,,unrated
toxin,toxin,,False,sunscreen,2025-06,1,1,36,0.0,0.000194,0.0,False,,unrated
toxoplasma gondii,toxoplasma gondii,,False,sunscreen,2026-02,1,1,36,0.000439,0.0,,False,0.396135,unrated
toxoplasmosis,toxoplasmosis,,False,sunscreen,2026-02,1,1,36,0.000439,0.0,,False,0.396135,unrated
trace minerals,trace minerals,,False,sunscreen,2026-06,1,1,36,0.000285,0.0,,False,0.482759,unrated
traceability,traceability,,False,sunscreen,2026-08,1,1,36,0.0,0.0,,False,,unrated
track and field athletics,track and field athletics,,False,sunscreen,2026-03,1,1,36,0.000297,0.0,,False,0.436275,unrated
tracking system,tracking system,,False,sunscreen,2026-03,1,1,36,0.000297,0.0,,False,0.436275,unrated
tradescantia,tradescantia,,False,sunscreen,2026-07,1,1,36,0.000269,0.0,,False,0.494083,unrated
traditional chinese medicine,traditional chinese medicine,,False,sunscreen,2024-11,1,1,36,0.0,0.000238,0.0,False,,unrated
traditional knowledge,traditional knowledge,,False,sunscreen,2025-09,1,1,36,0.000358,0.0,,False,0.307087,unrated
trainer,trainer,,False,sunscreen,2025-02,1,1,36,0.0,0.000302,0.0,False,,unrated
transactivation,transactivation,,False,sunscreen,2024-07,1,1,36,0.0,0.000283,0.0,False,,unrated
transaldolase,transaldolase,,False,sunscreen,2023-12,1,1,36,0.0,0.000257,0.0,False,,unrated
transcription activator like effector nuclease,transcription activator like effector nuclease,,False,sunscreen,2026-08,1,1,36,0.0,0.0,,False,,unrated
transcriptional regulation,transcriptional regulation,,False,sunscreen,2026-05,1,1,36,0.000334,0.0,,False,0.454044,unrated
transdermal patch,transdermal patch,,False,sunscreen,2024-01,1,1,36,0.0,0.000118,0.0,False,,unrated
transfection,transfection,,False,sunscreen,2025-01,1,1,36,0.0,0.000102,0.0,False,,unrated
transfer (computing),transfer (computing),,False,sunscreen,2026-01,1,1,36,0.000227,0.0,,False,0.42375,unrated
transition metal,transition metal,,False,sunscreen,2026-02,1,1,36,0.000439,0.0,,False,0.396135,unrated
translational medicine,translational medicine,,False,sunscreen,2025-09,1,1,36,0.000358,0.0,,False,0.307087,unrated
transmission (telecommunications),transmission (telecommunications),,False,sunscreen,2024-01,1,1,36,0.0,0.000118,0.0,False,,unrated
transmission rate,transmission rate,,False,sunscreen,2026-04,1,1,36,0.000371,0.0,,False,0.44898,unrated
transplacental,transplacental,,False,sunscreen,2026-03,1,1,36,0.000297,0.0,,False,0.436275,unrated
transplanting,transplanting,,False,sunscreen,2026-08,1,1,36,0.0,0.0,,False,,unrated
transtheoretical model,transtheoretical model,,False,sunscreen,2023-10,1,1,36,0.0,0.000272,0.0,False,,unrated
trapping,trapping,,False,sunscreen,2025-10,1,1,36,0.000411,0.0,,False,0.289593,unrated
travel medicine,travel medicine,,False,sunscreen,2026-03,1,1,36,0.000297,0.0,,False,0.436275,unrated
treasure,treasure,,False,sunscreen,2024-12,1,1,36,0.0,0.000206,0.0,False,,unrated
treatment and control groups,treatment and control groups,,False,sunscreen,2025-01,1,1,36,0.0,0.000102,0.0,False,,unrated
treponematosis,treponematosis,,False,sunscreen,2023-09,1,1,36,0.0,0.000244,0.0,False,,unrated
triatomic molecule,triatomic molecule,,False,sunscreen,2026-03,1,1,36,0.000297,0.0,,False,0.436275,unrated
tributary,tributary,,False,sunscreen,2024-02,1,1,36,0.0,0.000344,0.0,False,,unrated
trichoderma,trichoderma,,False,sunscreen,2024-12,1,1,36,0.0,0.000206,0.0,False,,unrated
trichodesmium,trichodesmium,,False,sunscreen,2026-08,1,1,36,0.0,0.0,,False,,unrated
trichophyton,trichophyton,,False,sunscreen,2025-10,1,1,36,0.000411,0.0,,False,0.289593,unrated
trichophyton rubrum,trichophyton rubrum,,False,sunscreen,2025-10,1,1,36,0.000411,0.0,,False,0.289593,unrated
trichromacy,trichromacy,,False,sunscreen,2024-07,1,1,36,0.0,0.000283,0.0,False,,unrated
triclinic crystal system,triclinic crystal system,,False,sunscreen,2026-04,1,1,36,0.000371,0.0,,False,0.44898,unrated
trifluoroacetic acid,trifluoroacetic acid,,False,sunscreen,2026-01,1,1,36,0.000227,0.0,,False,0.42375,unrated
trifluoromethanesulfonate,trifluoromethanesulfonate,,False,sunscreen,2024-08,1,1,36,0.0,0.000306,0.0,False,,unrated
triglycine sulfate,triglycine sulfate,,False,sunscreen,2026-02,1,1,36,0.000439,0.0,,False,0.396135,unrated
trigonella,trigonella,,False,sunscreen,2026-02,1,1,36,0.000439,0.0,,False,0.396135,unrated
trimethoprim,trimethoprim,,False,sunscreen,2024-05,1,1,36,0.0,0.000262,0.0,False,,unrated
trimethylolpropane,trimethylolpropane,,False,sunscreen,2024-02,1,1,36,0.0,0.000344,0.0,False,,unrated
trinitrotoluene,trinitrotoluene,,False,sunscreen,2024-08,1,1,36,0.0,0.000306,0.0,False,,unrated
trioxide,trioxide,,False,sunscreen,2026-02,1,1,36,0.000439,0.0,,False,0.396135,unrated
triple bottom line,triple bottom line,,False,sunscreen,2025-12,1,1,36,0.00031,0.0,,False,0.387372,unrated
triple quadrupole mass spectrometer,triple quadrupole mass spectrometer,,False,sunscreen,2023-09,1,1,36,0.0,0.000244,0.0,False,,unrated
triterpene,triterpene,,False,sunscreen,2023-12,1,1,36,0.0,0.000257,0.0,False,,unrated
triterpenoid,triterpenoid,,False,sunscreen,2025-11,1,1,36,0.000392,0.0,,False,0.984914,unrated
trojan,trojan,,False,sunscreen,2024-01,1,1,36,0.0,0.000118,0.0,False,,unrated
trojan horse,trojan horse,,False,sunscreen,2024-01,1,1,36,0.0,0.000118,0.0,False,,unrated
trophoblast,trophoblast,,False,sunscreen,2024-03,1,1,36,0.0,0.000306,0.0,False,,unrated
tropical and subtropical moist broadleaf forests,tropical and subtropical moist broadleaf forests,,False,sunscreen,2026-06,1,1,36,0.000285,0.0,,False,0.482759,unrated
tropical climate,tropical climate,,False,sunscreen,2026-03,1,1,36,0.000297,0.0,,False,0.436275,unrated
tropical medicine,tropical medicine,,False,sunscreen,2026-03,1,1,36,0.000297,0.0,,False,0.436275,unrated
tropical rain forest,tropical rain forest,,False,sunscreen,2026-06,1,1,36,0.000285,0.0,,False,0.482759,unrated
trough (economics),trough (economics),,False,sunscreen,2025-01,1,1,36,0.0,0.000102,0.0,False,,unrated
trpc,trpc,,False,sunscreen,2025-10,1,1,36,0.000411,0.0,,False,0.984163,unrated
tuberculosis,tuberculosis,,False,sunscreen,2024-04,1,1,36,0.0,0.000304,0.0,False,,unrated
tundra,tundra,,False,sunscreen,2024-07,1,1,36,0.0,0.000283,0.0,False,,unrated
tungsten trioxide,tungsten trioxide,,False,sunscreen,2026-02,1,1,36,0.000439,0.0,,False,0.396135,unrated
turbot,turbot,,False,sunscreen,2025-10,1,1,36,0.000411,0.0,,False,0.857466,unrated
turgor pressure,turgor pressure,,False,sunscreen,2026-07,1,1,36,0.000269,0.0,,False,0.494083,unrated
turning point,turning point,,False,sunscreen,2026-04,1,1,36,0.000371,0.0,,False,0.44898,unrated
tussock,tussock,,False,sunscreen,2026-02,1,1,36,0.000439,0.0,,False,0.396135,unrated
two photon excitation microscopy,two photon excitation microscopy,,False,sunscreen,2026-03,1,1,36,0.000297,0.0,,False,0.99183,unrated
type 2 diabetes,type 2 diabetes,,False,sunscreen,2024-05,1,1,36,0.0,0.000262,0.0,False,,unrated
type 2 diabetes mellitus,type 2 diabetes mellitus,,False,sunscreen,2024-07,1,1,36,0.0,0.000283,0.0,False,,unrated
typhoid fever,typhoid fever,,False,sunscreen,2026-03,1,1,36,0.000297,0.0,,False,0.436275,unrated
tyrosine kinase,tyrosine kinase,,False,sunscreen,2024-02,1,1,36,0.0,0.000344,0.0,False,,unrated
tyrosine kinase inhibitor,tyrosine kinase inhibitor,,False,sunscreen,2025-12,1,1,36,0.00031,0.0,,False,0.959044,unrated
tyrosine phosphorylation,tyrosine phosphorylation,,False,sunscreen,2024-02,1,1,36,0.0,0.000344,0.0,False,,unrated
ubbelohde viscometer,ubbelohde viscometer,,False,sunscreen,2025-06,1,1,36,0.0,0.000194,0.0,False,,unrated
ulcerative colitis,ulcerative colitis,,False,sunscreen,2024-06,1,1,36,0.0,0.000233,0.0,False,,unrated
ultramafic rock,ultramafic rock,,False,sunscreen,2026-05,1,1,36,0.000334,0.0,,False,0.454044,unrated
ultrasonography,ultrasonography,,False,sunscreen,2026-07,1,1,36,0.000269,0.0,,False,0.494083,unrated
ultraviolet b radiation,ultraviolet b radiation,,False,sunscreen,2024-07,1,1,36,0.0,0.000283,0.0,False,,unrated
ultraviolet photoelectron spectroscopy,ultraviolet photoelectron spectroscopy,,False,sunscreen,2026-03,1,1,36,0.000297,0.0,,False,0.436275,unrated
ulvophyceae,ulvophyceae,,False,sunscreen,2025-09,1,1,36,0.000358,0.0,,False,0.307087,unrated
umwelt,umwelt,,False,sunscreen,2026-01,1,1,36,0.000227,0.0,,False,0.42375,unrated
underinsured,underinsured,,False,sunscreen,2024-11,1,1,36,0.0,0.000238,0.0,False,,unrated
unintended consequences,unintended consequences,,False,sunscreen,2024-08,1,1,36,0.0,0.000306,0.0,False,,unrated
uniqueness,uniqueness,,False,sunscreen,2025-07,1,1,36,0.0,0.000189,0.0,False,,unrated
unitary state,unitary state,,False,sunscreen,2026-01,1,1,36,0.000227,0.0,,False,0.42375,unrated
unpacking,unpacking,,False,sunscreen,2023-10,1,1,36,0.0,0.000272,0.0,False,,unrated
unpaired electron,unpaired electron,,False,sunscreen,2025-12,1,1,36,0.00031,0.0,,False,0.912969,unrated
upper lip,upper lip,,False,sunscreen,2026-01,1,1,36,0.000227,0.0,,False,0.42375,unrated
upper respiratory tract infection,upper respiratory tract infection,,False,sunscreen,2026-03,1,1,36,0.000297,0.0,,False,0.436275,unrated
upstream (networking),upstream (networking),,False,sunscreen,2026-01,1,1,36,0.000227,0.0,,False,0.42375,unrated
upwelling,upwelling,,False,sunscreen,2023-09,1,1,36,0.0,0.000244,0.0,False,,unrated
uremia,uremia,,False,sunscreen,2026-01,1,1,36,0.000227,0.0,,False,0.42375,unrated
uroporphyrinogen iii decarboxylase,uroporphyrinogen iii decarboxylase,,False,sunscreen,2026-08,1,1,36,0.0,0.0,,False,,unrated
urtica dioica,urtica dioica,,False,sunscreen,2024-05,1,1,36,0.0,0.000262,0.0,False,,unrated
urticaria pigmentosa,urticaria pigmentosa,,False,sunscreen,2024-12,1,1,36,0.0,0.000206,0.0,False,,unrated
user engagement,user engagement,,False,sunscreen,2025-10,1,1,36,0.000411,0.0,,False,0.771493,unrated
vaccinium myrtillus,vaccinium myrtillus,,False,sunscreen,2023-09,1,1,36,0.0,0.000244,0.0,False,,unrated
valerian,valerian,,False,sunscreen,2026-01,1,1,36,0.000227,0.0,,False,0.42375,unrated
validator,validator,,False,sunscreen,2026-07,1,1,36,0.000269,0.0,,False,0.494083,unrated
valuation (finance),valuation (finance),,False,sunscreen,2025-12,1,1,36,0.00031,0.0,,False,0.387372,unrated
van deemter equation,van deemter equation,,False,sunscreen,2026-01,1,1,36,0.000227,0.0,,False,0.42375,unrated
vanadium,vanadium,,False,sunscreen,2025-06,1,1,36,0.0,0.000194,0.0,False,,unrated
vanadium dioxide,vanadium dioxide,,False,sunscreen,2025-06,1,1,36,0.0,0.000194,0.0,False,,unrated
vandetanib,vandetanib,,False,sunscreen,2025-08,1,1,36,0.0,0.000208,0.0,False,,unrated
vanillic acid,vanillic acid,,False,sunscreen,2024-12,1,1,36,0.0,0.000206,0.0,False,,unrated
variable neighborhood search,variable neighborhood search,,False,sunscreen,2026-04,1,1,36,0.000371,0.0,,False,0.44898,unrated
variance (accounting),variance (accounting),,False,sunscreen,2026-06,1,1,36,0.000285,0.0,,False,0.981191,unrated
variegation (histology),variegation (histology),,False,sunscreen,2024-04,1,1,36,0.0,0.000304,0.0,False,,unrated
vascular bundle,vascular bundle,,False,sunscreen,2026-01,1,1,36,0.000227,0.0,,False,0.42375,unrated
vaseline,vaseline,,False,sunscreen,2025-01,1,1,36,0.0,0.000102,0.0,False,,unrated
vega,vega,,False,sunscreen,2026-02,1,1,36,0.000439,0.0,,False,0.857488,unrated
vegetative reproduction,vegetative reproduction,,False,sunscreen,2026-06,1,1,36,0.000285,0.0,,False,0.482759,unrated
veneer,veneer,,False,sunscreen,2026-08,1,1,36,0.0,0.0,,False,,unrated
ventilation (architecture),ventilation (architecture),,False,sunscreen,2026-01,1,1,36,0.000227,0.0,,False,0.42375,unrated
veraison,veraison,,False,sunscreen,2026-01,1,1,36,0.000227,0.0,,False,0.42375,unrated
vernacular,vernacular,,False,sunscreen,2026-06,1,1,36,0.000285,0.0,,False,0.482759,unrated
vernalization,vernalization,,False,sunscreen,2025-07,1,1,36,0.0,0.000189,0.0,False,,unrated
vibrio,vibrio,,False,sunscreen,2024-10,1,1,36,0.0,0.000274,0.0,False,,unrated
vibrio cholerae,vibrio cholerae,,False,sunscreen,2024-12,1,1,36,0.0,0.000206,0.0,False,,unrated
vicia faba,vicia faba,,False,sunscreen,2024-01,1,1,36,0.0,0.000118,0.0,False,,unrated
video recording,video recording,,False,sunscreen,2026-06,1,1,36,0.000285,0.0,,False,0.482759,unrated
viet nam,viet nam,,False,sunscreen,2026-01,1,1,36,0.000227,0.0,,False,0.42375,unrated
vigilance (psychology),vigilance (psychology),,False,sunscreen,2025-09,1,1,36,0.000358,0.0,,False,0.698819,unrated
vikor method,vikor method,,False,sunscreen,2025-07,1,1,36,0.0,0.000189,0.0,False,,unrated
vine,vine,,False,sunscreen,2024-10,1,1,36,0.0,0.000274,0.0,False,,unrated
viola,viola,,False,sunscreen,2024-01,1,1,36,0.0,0.000118,0.0,False,,unrated
viral disease,viral disease,,False,sunscreen,2025-09,1,1,36,0.000358,0.0,,False,0.698819,unrated
virility,virility,,False,sunscreen,2024-01,1,1,36,0.0,0.000118,0.0,False,,unrated
virtual reality,virtual reality,,False,sunscreen,2024-06,1,1,36,0.0,0.000233,0.0,False,,unrated
viscosity index,viscosity index,,False,sunscreen,2025-06,1,1,36,0.0,0.000194,0.0,False,,unrated
visible light communication,visible light communication,,False,sunscreen,2023-12,1,1,36,0.0,0.000257,0.0,False,,unrated
vismodegib,vismodegib,,False,sunscreen,2026-03,1,1,36,0.000297,0.0,,False,0.436275,unrated
visual impairment,visual impairment,,False,sunscreen,2023-09,1,1,36,0.0,0.000244,0.0,False,,unrated
visual inspection,visual inspection,,False,sunscreen,2025-09,1,1,36,0.000358,0.0,,False,0.307087,unrated
visual media,visual media,,False,sunscreen,2026-07,1,1,36,0.000269,0.0,,False,0.494083,unrated
visual phototransduction,visual phototransduction,,False,sunscreen,2026-05,1,1,36,0.000334,0.0,,False,0.454044,unrated
vitellogenesis,vitellogenesis,,False,sunscreen,2025-09,1,1,36,0.000358,0.0,,False,0.307087,unrated
vitellogenin,vitellogenin,,False,sunscreen,2025-11,1,1,36,0.000392,0.0,,False,0.928879,unrated
vitexin,vitexin,,False,sunscreen,2024-08,1,1,36,0.0,0.000306,0.0,False,,unrated
viticulture,viticulture,,False,sunscreen,2024-12,1,1,36,0.0,0.000206,0.0,False,,unrated
vnir,vnir,,False,sunscreen,2026-01,1,1,36,0.000227,0.0,,False,0.89375,unrated
volatile organic compound,volatile organic compound,,False,sunscreen,2026-03,1,1,36,0.000297,0.0,,False,0.926471,unrated
voltage,voltage,,False,sunscreen,2026-02,1,1,36,0.000439,0.0,,False,0.857488,unrated
voltage controlled oscillator,voltage controlled oscillator,,False,sunscreen,2025-01,1,1,36,0.0,0.000102,0.0,False,,unrated
voltammetry,voltammetry,,False,sunscreen,2025-01,1,1,36,0.0,0.000102,0.0,False,,unrated
volume (thermodynamics),volume (thermodynamics),,False,sunscreen,2023-10,1,1,36,0.0,0.000272,0.0,False,,unrated
voriconazole,voriconazole,,False,sunscreen,2026-03,1,1,36,0.000297,0.0,,False,0.436275,unrated
voucher,voucher,,False,sunscreen,2026-06,1,1,36,0.000285,0.0,,False,0.482759,unrated
vulnerability assessment,vulnerability assessment,,False,sunscreen,2026-07,1,1,36,0.000269,0.0,,False,0.494083,unrated
washing hands,washing hands,,False,sunscreen,2025-12,1,1,36,0.00031,0.0,,False,0.387372,unrated
waste treatment,waste treatment,,False,sunscreen,2026-03,1,1,36,0.000297,0.0,,False,0.98366,unrated
water conservation,water conservation,,False,sunscreen,2025-02,1,1,36,0.0,0.000302,0.0,False,,unrated
water contamination,water contamination,,False,sunscreen,2025-07,1,1,36,0.0,0.000189,0.0,False,,unrated
water desalination,water desalination,,False,sunscreen,2025-07,1,1,36,0.0,0.000189,0.0,False,,unrated
water discharge,water discharge,,False,sunscreen,2025-11,1,1,36,0.000392,0.0,,False,0.782328,unrated
water resources,water resources,,False,sunscreen,2026-01,1,1,36,0.000227,0.0,,False,0.42375,unrated
water supply,water supply,,False,sunscreen,2026-01,1,1,36,0.000227,0.0,,False,0.42375,unrated
water use,water use,,False,sunscreen,2026-01,1,1,36,0.000227,0.0,,False,0.42375,unrated
waterfall model,waterfall model,,False,sunscreen,2026-03,1,1,36,0.000297,0.0,,False,0.436275,unrated
wavelet,wavelet,,False,sunscreen,2025-11,1,1,36,0.000392,0.0,,False,0.359914,unrated
weakness,weakness,,False,sunscreen,2026-05,1,1,36,0.000334,0.0,,False,0.454044,unrated
weather modification,weather modification,,False,sunscreen,2026-02,1,1,36,0.000439,0.0,,False,0.396135,unrated
weathering,weathering,,False,sunscreen,2023-09,1,1,36,0.0,0.000244,0.0,False,,unrated
web application,web application,,False,sunscreen,2026-03,1,1,36,0.000297,0.0,,False,0.436275,unrated
web of science,web of science,,False,sunscreen,2026-03,1,1,36,0.000297,0.0,,False,0.436275,unrated
weight loss,weight loss,,False,sunscreen,2025-10,1,1,36,0.000411,0.0,,False,0.771493,unrated
welsh,welsh,,False,sunscreen,2024-06,1,1,36,0.0,0.000233,0.0,False,,unrated
west bengal,west bengal,,False,sunscreen,2025-08,1,1,36,0.0,0.000208,0.0,False,,unrated
western europe,western europe,,False,sunscreen,2024-12,1,1,36,0.0,0.000206,0.0,False,,unrated
wetland,wetland,,False,sunscreen,2026-05,1,1,36,0.000334,0.0,,False,0.454044,unrated
whey protein isolate,whey protein isolate,,False,sunscreen,2024-02,1,1,36,0.0,0.000344,0.0,False,,unrated
white blood cell,white blood cell,,False,sunscreen,2024-05,1,1,36,0.0,0.000262,0.0,False,,unrated
wind speed,wind speed,,False,sunscreen,2026-03,1,1,36,0.000297,0.0,,False,0.436275,unrated
windshield,windshield,,False,sunscreen,2025-09,1,1,36,0.000358,0.0,,False,0.826772,unrated
wine color,wine color,,False,sunscreen,2025-11,1,1,36,0.000392,0.0,,False,0.782328,unrated
wine grape,wine grape,,False,sunscreen,2026-01,1,1,36,0.000227,0.0,,False,0.42375,unrated
wireless sensor network,wireless sensor network,,False,sunscreen,2026-03,1,1,36,0.000297,0.0,,False,0.436275,unrated
withania somnifera,withania somnifera,,False,sunscreen,2025-07,1,1,36,0.0,0.000189,0.0,False,,unrated
woodland,woodland,,False,sunscreen,2026-05,1,1,36,0.000334,0.0,,False,0.454044,unrated
woody plant,woody plant,,False,sunscreen,2025-10,1,1,36,0.000411,0.0,,False,0.771493,unrated
work environment,work environment,,False,sunscreen,2025-12,1,1,36,0.00031,0.0,,False,0.387372,unrated
work function,work function,,False,sunscreen,2026-03,1,1,36,0.000297,0.0,,False,0.436275,unrated
workforce,workforce,,False,sunscreen,2025-09,1,1,36,0.000358,0.0,,False,0.826772,unrated
workplace safety,workplace safety,,False,sunscreen,2025-11,1,1,36,0.000392,0.0,,False,0.359914,unrated
world war ii,world war ii,,False,sunscreen,2025-01,1,1,36,0.0,0.000102,0.0,False,,unrated
worry,worry,,False,sunscreen,2024-02,1,1,36,0.0,0.000344,0.0,False,,unrated
wound care,wound care,,False,sunscreen,2024-04,1,1,36,0.0,0.000304,0.0,False,,unrated
wound closure,wound closure,,False,sunscreen,2026-05,1,1,36,0.000334,0.0,,False,0.454044,unrated
xanthan gum,xanthan gum,,False,sunscreen,2024-12,1,1,36,0.0,0.000206,0.0,False,,unrated
xenoestrogen,xenoestrogen,,False,sunscreen,2025-01,1,1,36,0.0,0.000102,0.0,False,,unrated
xenon,xenon,,False,sunscreen,2026-07,1,1,36,0.000269,0.0,,False,0.494083,unrated
xenopus,xenopus,,False,sunscreen,2025-04,1,1,36,0.0,0.000218,0.0,False,,unrated
yard,yard,,False,sunscreen,2025-01,1,1,36,0.0,0.000102,0.0,False,,unrated
yolk sac,yolk sac,,False,sunscreen,2026-05,1,1,36,0.000334,0.0,,False,0.454044,unrated
zebra (computer),zebra (computer),,False,sunscreen,2024-08,1,1,36,0.0,0.000306,0.0,False,,unrated
zenith,zenith,,False,sunscreen,2026-08,1,1,36,0.0,0.0,,False,,unrated
zero (linguistics),zero (linguistics),,False,sunscreen,2024-03,1,1,36,0.0,0.000306,0.0,False,,unrated
zerovalent iron,zerovalent iron,,False,sunscreen,2024-03,1,1,36,0.0,0.000306,0.0,False,,unrated
zinc finger,zinc finger,,False,sunscreen,2025-10,1,1,36,0.000411,0.0,,False,0.289593,unrated
zinc nitrate,zinc nitrate,,False,sunscreen,2025-11,1,1,36,0.000392,0.0,,False,0.989224,unrated
zip code,zip code,,False,sunscreen,2026-03,1,1,36,0.000297,0.0,,False,0.436275,unrated
zirconium,zirconium,,False,sunscreen,2025-05,1,1,36,0.0,0.000225,0.0,False,,unrated
zirconium dioxide,zirconium dioxide,,False,sunscreen,2025-05,1,1,36,0.0,0.000225,0.0,False,,unrated
ziziphus,ziziphus,,False,sunscreen,2025-06,1,1,36,0.0,0.000194,0.0,False,,unrated
zucchini yellow mosaic virus,zucchini yellow mosaic virus,,False,sunscreen,2025-11,1,1,36,0.000392,0.0,,False,0.877155,unrated
δ13c,δ13c,,False,sunscreen,2023-11,1,1,36,0.0,0.000285,0.0,False,,unrated
